Kode SDS,Nama Data,,Konsep,,Definisi,Penyajian,Isian,Ukuran,Satuan,,
10110067,Distribusi Persentase Keluarga,,[K00829] Keluarga;,,Bagian dari populasi  keluarga yang disajikan dalam kelompok-kelompok atau disagregasi tertentu sehingga dapat menggambarkan distribusi keluarga.,[32010026] Wilayah;,-,Persentase,persen,,
10110009,Distribusi Persentase Penduduk,,[K01476] Penduduk;,,Bagian dari populasi penduduk yang disajikan dalam golongan tertentu.,[32010026] Wilayah;,-,Persentase,persen,,
10110068,Indeks Karakter Remaja,,[K02363] Karakter;,,"Angka yang menggambarkan akhlak atau budi pekerti, tabiat, atau watak seseorang yang berumur 10—18 tahun, yang mengacu pada perilaku yang baik dan tidak baik atau berdampak buruk pada dirinya.",[32010026] Wilayah;,-,Indeks,-,,
10110069,Indeks Kerentanan Keluarga,,[K00829] Keluarga;,,"Angka yang menggambarkan kerentanan dalam aspek keharmonisan keluarga, pemenuhan kebutuhan dasar, dan interaksi keluarga.",[32010026] Wilayah;,-,Indeks,-,,
10110010,Indeks Kualitas Keluarga,,[K00829] Keluarga;,,"Angka yang menggambarkan pencapaian kualitas keluarga yang ditentukan dari dimensi kualitas legalitas struktur, kualitas ketahanan fisik, kualitas ketahanan ekonomi, kualitas ketahanan sosial psikologi, dan kualitas ketahanan sosial budaya dalam mewujudkan kesetaraan gender dan hak anak.",[32010026] Wilayah;,-,Indeks,-,,
10110070,Indeks Lansia Tangguh,,[K01055] Orang Lanjut Usia (Lansia);,,"Angka yang menggambarkan seorang atau sekelompok orang berusia 60 tahun ke atas yang mampu beradaptasi terhadap proses penuaan secara positif, sehat secara fisik, sosial, dan mental sehingga masa tuanya berkualitas, aktif, mandiri, dan produktif, yang diukur dalam tujuh dimensi (dimensi spiritual, fisik, emosional, sosial kemasyarakatan, intelektual, vokasional, dan lingkungan).","[32010026] Wilayah;
[10120066] Umur/Usia;",-,Indeks,-,,
10110013,Jumlah Anak Kandung,,"[K00093] Anak
Kandung;",,"Banyaknya anak (garis keturunan pertama) atau generasi kedua, termasuk anak yang lahir dalam kondisi meninggal di dalam kandungan (lahir mati).","[32010026] Wilayah;
[33220007] Jenis
Kelamin; [10420206] Status Kondisi Anak yang Dilahirkan;",-,Total,orang,,
10110014,Jumlah Anggota Rumah Tangga,,[K00110] Anggota Rumah Tangga;,,"Banyaknya orang, termasuk kepala rumah tangga, yang biasanya bertempat tinggal di suatu rumah tangga, dan dalam satu pengelolaan makan sehari-hari, walaupun sementara sedang tidak berada di tempat dalam jangka waktu kurang dari satu tahun.",[32010026] Wilayah;,-,Total,orang,,
10110015,Jumlah Cerai,,[K01637] Perceraian;,,Banyaknya permohonan perceraian yang sudah diputus di pengadilan.,[32010026] Wilayah;,-,Total,kasus,,
10110072,Jumlah Keluarga,,[K00829] Keluarga;,,"Banyaknya unit terkecil dalam masyarakat yang terdiri dari suami istri, atau suami, istri dan anaknya, atau ayah dan anaknya, atau ibu dan anaknya, atau keluarga sedarah dalam garis lurus ke atas atau ke bawah sampai dengan derajat ketiga.",[32010026] Wilayah;,-,Total,keluarga,,
10110021,Jumlah Migran Internasional,,[K01180] Migran;,,Banyaknya penduduk yang melakukan perpindahan tempat tinggal melewati batas wilayah negara dan telah tinggal,[32010026] Wilayah;,-,Total,orang,,
,,,,,atau bermaksud tinggal satu tahun atau lebih di negara tujuan.,,,,,,
10110073,Jumlah Migran Risen,,[K01182]  Migran Risen;,,Banyaknya penduduk di suatu wilayah administrasi yang bertempat tinggal di wilayah administrasi yang berbeda lima tahun sebelumnya.,"[32010026] Wilayah;
[10120066] Umur/Usia;",-,Total,orang,,
10110074,Jumlah Migran Seumur Hidup,,[K01183]  Migran Seumur Hidup;,,Banyaknya penduduk di suatu wilayah administrasi yang tempat kelahirannya berada di wilayah administrasi yang berbeda.,[32010026] Wilayah;,-,Total,orang,,
10110022,Jumlah Nikah,,[K01692] Pernikahan/ Perkawinan;,,Banyaknya ikatan (akad) perkawinan yang dilakukan sesuai dengan ketentuan hukum dan ajaran agama.,[32010026] Wilayah;,-,Total,kejadian,,
10110023,Jumlah Penduduk,,[K01476] Penduduk;,,Banyaknya orang yang berdomisili di wilayah Negara Kesatuan Republik Indonesia selama satu tahun atau lebih dan/atau mereka yang berdomisili kurang dari satu tahun tetapi berniat menetap.,"[32010026] Wilayah;
[10120066] Umur/Usia;
[33220007] Jenis
Kelamin;
[32020020] Klasifikasi Wilayah;",-,Total,orang,,
10110025,Jumlah Penduduk Lanjut Usia (Lansia),,[K01055] Orang Lanjut Usia (Lansia);,,Banyaknya penduduk berumur 60 tahun ke atas di suatu wilayah pada suatu waktu tertentu.,[32010026] Wilayah;,-,Total,orang,,
10110026,Jumlah Penduduk yang Tidak Memiliki Nomor Induk Kependudukan (NIK),,[K01476] Penduduk; [K01229] Nomor Induk Kependudukan (NIK);,,Banyaknya orang yang tidak memiliki nomor identitas kependudukan yang menandakan seseorang terdaftar sebagai penduduk Indonesia.,"[32010026] Wilayah;
[32020020] Klasifikasi Wilayah;
[33220007] Jenis
Kelamin;
[10120066] Umur/Usia;",-,Total,orang,,
10110027,Jumlah Tenaga Kerja Asing,,[K02160] Tenaga Kerja Asing;,,Banyaknya warga negara asing yang memiliki visa dengan maksud bekerja di wilayah Indonesia.,"[32010026] Wilayah;
[33220007] Jenis
Kelamin;",-,Total,orang,,
10110030,Laju Pertumbuhan Penduduk,,[K01476] Penduduk;,,Angka yang menunjukan tingkat pertambahan penduduk per tahun dalam jangka waktu tertentu.,[32010026] Wilayah;,-,Tingkat,persen,,
10110075,Median Usia Kawin Pertama (MUKP) Perempuan,,[K01692] Pernikahan/ Perkawinan;,,Nilai tengah dari usia saat pertama kali kawin pada perempuan berumur 15—49 tahun yang berstatus kawin (menikah) atau pernah kawin.,"[32010026] Wilayah;
[10120063] Status Perkawinan;",-,Median,tahun,,
10110076,Persentase Kebutuhan Keluarga Berencana (KB) yang Tidak Terpenuhi/ Unmet Need Keluarga Berencana,,[K00830] Keluarga Berencana;,,Angka yang menunjukkan bagian dari seluruh wanita usia reproduksi (15— 49 tahun) yang berkebutuhan mengikuti program keluarga berencana (KB) namun belum terpenuhi.,"[32010026] Wilayah;
[10120066] Umur/Usia;",-,Persentase,persen,,
10110077,Persentase Komuter,,[K00957] Komuter;,,Bagian dari penduduk berumur 5 tahun ke atas yang setiap hari melakukan perjalanan rutin dari/ke tempat kegiatan di luar kabupaten/ kota tempat tinggalnya.,"[32010026] Wilayah;
[32020020] Klasifikasi Wilayah;",-,Persentase,persen,,
10110078,Persentase Migran Keluar Seumur Hidup,,[K01183] Migran Seumur Hidup;,,"Bagian dari seluruh penduduk pada suatu wilayah, yang tercatat telah pindah ke luar wilayah tempat tinggal semula.","[32010026] Wilayah;
[32020020] Klasifikasi Wilayah;",-,Persentase,persen,,
10110079,Persentase Migran Keluar Total,,[K01180] Migran;,,"Bagian dari seluruh penduduk di suatu wilayah administrasi, yang tercatat pernah menetap tetapi sudah pindah ke luar wilayah tersebut.","[32010026] Wilayah;
[32020020] Klasifikasi Wilayah;",-,Persentase,persen,,
10110034,Persentase Migran Masuk Risen,,[K01182] Migran Risen;,,Bagian dari populasi  penduduk umur lima tahun ke atas di suatu wilayah administrasi yang lima tahun sebelumnya bertempat tinggal di wilayah administrasi yang berbeda.,"[32010026] Wilayah;
[32020020] Klasifikasi Wilayah;",-,Persentase,persen,,
10110035,Persentase Migran Masuk Total,,[K01180] Migran;,,"Bagian dari seluruh penduduk di suatu wilayah yang berasal dari luar wilayah tersebut, atau wilayah administrasi tempat tinggal sebelumnya berbeda dengan wilayah","[32010026] Wilayah;
[32020020] Klasifikasi Wilayah;",-,Persentase,persen,,
,,,,,administrasi tempat tinggal saat pendataan.,,,,,,
10110036,Persentase Migran Neto Seumur Hidup,,[K01183] Migran Seumur Hidup;,,Perbandingan selisih jumlah migran masuk seumur hidup dan migran keluar seumur hidup terhadap penduduk yang memiliki peluang bermigrasi pada suatu wilayah.,"[32010026] Wilayah;
[32020020] Klasifikasi Wilayah;",-,Persentase,persen,,
10110037,Persentase Perempuan Berusia 20—24 Tahun yang Menikah Sebelum Berusia 18 Tahun,,[K01647] Perempuan; [K01692] Pernikahan/ Perkawinan;,,Bagian dari penduduk perempuan berusia 20—24 tahun yang kawin pertama atau hidup bersama pasangannya pertama kali sebelum berusia 18 tahun.,[32010026] Wilayah;,-,Persentase,persen,,
10110080,Persentase Remitansi Pekerja Migran Indonesia terhadap Produk Domestik Bruto (PDB),,[K01877] Remitansi; [K01310] Pekerja Migran Indonesia; [K01775] Produk Domestik Bruto (PDB);,,Perbandingan transfer uang yang dilakukan oleh pekerja migran Indonesia (PMI) dalam dolar Amerika Serikat terhadap produk domestik bruto (PDB).,[32010026] Wilayah;,-,Persentase,persen,,
10110039,Rasio Kepadatan Penduduk,,[K01476] Penduduk;,,Angka yang menyatakan banyaknya penduduk di setiap satu kilometer persegi yang dihitung dengan perbandingan antara banyaknya penduduk terhadap luas wilayah.,[32010026] Wilayah;,-,Rasio,orang per kilometer persegi,,
10110040,Rasio Stok Migran Internasional,,[K01180] Migran;,,Perbandingan total penduduk berkewarganegaraan asing yang tinggal di Indonesia saat pendataan terhadap total penduduk Indonesia.,"[32010026] Wilayah;
[33220007] Jenis
Kelamin;",-,Rasio,-,,
10210070,Distribusi Persentase Tenaga Kerja,,[K02159] Tenaga Kerja;,,Bagian dari populasi penduduk yang mampu melakukan pekerjaan guna menghasilkan barang dan/atau jasa yang disajikan menurut gologan tertentu.,"[22020004] Jenis
Lapangan Usaha;",-,Persentase,persen,,
10210002,Indeks Hari Orang,,[K01306] Pekerja;,,Angka yang menunjukkan jumlah hari dan pekerja harian yang dibutuhkan untuk menyelesaikan satu pekerjaan.,[32010026] Wilayah;,-,Indeks,-,,
10210014,Jumlah Ahli Keselamatan dan Kesehatan Kerja (K3),,[K00016] Keselamatan dan Kesehatan Kerja (K-3);,,Banyaknya tenaga teknis berkeahlian khusus dari luar instansi ketenagakerjaan yang mendapatkan,"[32010026] Wilayah;
[33220007] Jenis
Kelamin;",-,Total,orang,,
,,,,,lisensi dari Menteri Ketenagakerjaan untuk melakukan pengawasan atas pelaksanaan peraturan perundang- undangan bidang ketenagakerjaan yang terkait dengan keselamatan dan kesehatan kerja.,,,,,,
10210015,Jumlah Angkatan Kerja,,[K00117] Angkatan Kerja;,,"Banyaknya penduduk usia kerja (15 tahun ke atas) yang bekerja, atau punya pekerjaan namun sementara tidak bekerja dan pengangguran.","[32010026] Wilayah;
[10320055] Tingkat Pendidikan;",-,Total,orang,,
10210090,Jumlah Hari Kerja,,[K02356] Hari Kerja;,,Banyaknya waktu yang digunakan pekerja untuk melakukan pekerjaannya.,[32010026] Wilayah;,-,Waktu,hari,,
10210019,Jumlah Jam Kerja,,[K00667] Jam Kerja;,,Banyaknya waktu (dalam jam) yang digunakan untuk bekerja pada pekerjaan utama dan seluruh pekerjaan tambahan (tidak termasuk waktu istirahat).,[32010026] Wilayah;,-,Waktu,jam,,
10210020,Jumlah Kasus Kecelakaan Kerja,,[K00791] Kecelakaan Kerja;,,Banyaknya kasus kecelakaan yang timbul dari atau sehubungan dengan pekerjaan.,[32010026] Wilayah;,-,Total,kasus,,
10210021,Jumlah Lembaga Pelatihan Kerja,,[K02366] Lembaga; [K01354] Pelatihan;,,"Banyaknya instansi pemerintah, badan hukum, atau perorangan yang menyelenggarakan pelatihan kerja dan telah memenuhi syarat yang berlaku.",[32010026] Wilayah;,-,Total,unit,,
10210023,Jumlah Lowongan Pekerjaan,,[K01119] Lowongan Pekerjaan;,,"Banyaknya kebutuhan tenaga kerja dengan jumlah dan persyaratan tertentu untuk mengisi jabatan/jenis pekerjaan yang tersedia dari pemberi kerja, baik di dalam maupun di luar hubungan kerja.",[32010026] Wilayah;,-,Total,orang,,
10210024,Jumlah Mediator Ketenagakerjaan,,[K01153] Mediator;,,Banyaknya pegawai instansi pemerintah yang bertanggung jawab di bidang ketenagakerjaan yang ditetapkan oleh menteri untuk melaksanakan tugas mediasi dan wajib memberikan anjuran tertulis kepada para pihak yang berselisih untuk,"[32010026] Wilayah;
[33220007] Jenis
Kelamin; [10320055] Tingkat Pendidikan;",-,Total,orang,,
,,,,,"menyelesaikan perselisihan hak, perselisihan kepentingan, perselisihan pemutusan hubungan kerja, dan perselisihan antarserikat pekerja/serikat buruh dalam satu perusahaan.",,,,,,
10210025,Jumlah Mogok Kerja,,[K01200] Mogok Kerja;,,Banyaknya tindakan pekerja/buruh yang direncanakan dan dilaksanakan secara bersama-sama dan/atau oleh serikat pekerja/serikat buruh untuk menghentikan atau memperlambat pekerjaan.,"[32010026] Wilayah;
[23020050] Sumber Penanaman Modal;",-,Total,kasus,,
10210051,Jumlah Pekerja,,[K01306] Pekerja;,,"Banyaknya orang yang melakukan pekerjaan guna menghasilkan barang dan/atau jasa selama periode proses produksi, dapat mencakup pekerja tetap, pekerja kontrak, pekerja alih daya/outsourcing, pekerja asing, pekerja tidak tetap/harian, atau pun pekerja profesional.","[32010026] Wilayah;
[22020004] Jenis
Lapangan Usaha; [33220007] Jenis
Kelamin;",-,Total,orang,,
10210091,Jumlah Pekerja Dibayar,,[K01306] Pekerja;,,Banyaknya pekerja yang bekerja dengan menerima upah/gaji baik berupa uang maupun barang.,[32010026] Wilayah;,-,Total,orang,,
10210031,Jumlah Pekerja Sektor Informal,,[K01306] Pekerja; [K02293] Usaha Sektor Informal;,,"Banyaknya perseorangan, keluarga, atau beberapa orang yang melaksanakan usaha bersama untuk melakukan kegiatan ekonomi atas dasar kepercayaan dan kesepakatan serta tidak berbadan hukum.","[32010026] Wilayah;
[32020020] Klasifikasi Wilayah;
[33220007] Jenis
Kelamin;
[10120066] Umur/Usia;
[10320055] Tingkat Pendidikan;",-,Total,orang,,
10210026,Jumlah Pekerja Setengah Penganggur,,[K01315] Pekerja Setengah Penganggur;,,Banyaknya penduduk usia kerja yang bekerja dengan durasi kurang dari jam kerja normal (kurang dari 35 jam seminggu) dan masih mencari pekerjaan atau masih bersedia menerima pekerjaan.,"[32010026] Wilayah;
[32020020] Klasifikasi Wilayah;
[10320055] Tingkat Pendidikan; [33220007] Jenis
Kelamin;",-,Total,orang,,
,,,,,,"[22020004] Jenis
Lapangan Usaha;",,,,,
10210027,Jumlah Pekerja Tetap,,[K01317] Pekerja Tetap;,,Banyaknya pekerja yang mendapatkan upah/gaji secara tetap tanpa tergantung pada kehadiran dan apabila diberhentikan biasanya mendapatkan pesangon (termasuk pemilik).,[32010026] Wilayah;,-,Total,orang,,
10210092,Jumlah Pekerja Tidak Dibayar,,[K01306] Pekerja;,,Banyaknya pekerja yang telah bekerja pada suatu kegiatan usaha akan tetapi tidak ada kesepakatan akan menerima upah/bayaran dalam  satu bulan ke depan atau berstatus sebagai pekerja keluarga.,[32010026] Wilayah;,-,Total,orang,,
10210028,Jumlah Pekerja Tidak Tetap/Harian,,[K01318] Pekerja Tidak Tetap/Harian;,,"Banyaknya pekerja yang tidak terikat secara tetap dengan perusahaan/ usaha, dan adanya hubungan kerja dengan perusahaan/usaha hanya selama ada pekerjaan/proyek.",[32010026] Wilayah;,-,Total,orang,,
10210029,Jumlah Pencari Kerja Terdaftar,,[K01441] Pencari Kerja;,,"Banyaknya orang yang sedang menganggur dan mencari pekerjaan maupun yang sudah bekerja tetapi ingin pindah atau alih pekerjaan, dengan mendaftarkan diri kepada pelaksana penempatan tenaga kerja atau secara langsung melamar pekerjaan kepada pemberi kerja.","[32010026] Wilayah;
[33220007] Jenis
Kelamin; [10620071] Status Disabilitas;",-,Total,orang,,
10210032,Jumlah Penganggur,,"[K01510]
Pengangguran;",,"Banyaknya orang berusia 15 tahun ke atas yang mampu melakukan pekerjaan namun belum bekerja karena sedang mencari pekerjaan, mempersiapkan usaha, putus asa/ merasa tidak mungkin mendapatkan pekerjaan, atau sudah diterima kerja tapi belum mulai bekerja.","[32010026] Wilayah;
[32020020] Klasifikasi Wilayah;
[10320055] Tingkat Pendidikan; [33220007] Jenis
Kelamin;",-,Total,orang,,
10210034,Jumlah Penyelenggara Pemagangan Dalam Negeri,,[K01373] Pemagangan;,,Banyaknya perusahaan yang memenuhi persyaratan untuk,[32010026] Wilayah;,-,Total,lembaga,,
,,,,,menyelenggarakan pemagangan di dalam negeri.,,,,,,
10210035,Jumlah Penyelenggara Pemagangan Luar Negeri,,[K01373] Pemagangan;,,"Banyaknya lembaga pelatihan kerja berizin, perusahaan, instansi pemerintah, atau lembaga pendidikan yang melaksanakan pemagangan di luar negeri.",[32010026] Wilayah;,-,Total,lembaga,,
10210036,Jumlah Perusahaan Jasa Keselamatan dan Kesehatan Kerja (K-3),,[K00016] Keselamatan dan Kesehatan Kerja (K-3);,,Banyaknya perusahaan yang bergerak di bidang jasa keselamatan dan kesehatan kerja (K3) untuk membantu pelaksanaan pemenuhan syarat-syarat keselamatan dan kesehatan kerja (K3) sesuai dengan peraturan perundang- undangan yang berlaku.,"[32010026] Wilayah;
[23020047] Skala
Perusahaan; [23020050] Sumber Penanaman Modal;",-,Total,perusahaan,,
10210037,Jumlah Perusahaan Peserta Jaminan Sosial Ketenagakerjaan,,[K01716] Perusahaan; [K00677] Jaminan Sosial;,,Banyaknya perusahaan yang terdaftar dalam program jaminan sosial ketenagakerjaan.,"[32010026] Wilayah;
[22020004] Jenis
Lapangan Usaha;",-,Total,perusahaan,,
10210038,Jumlah Perusahaan yang Melanggar Tindak Pidana Ketenagakerjaan,,"[K01716] Perusahaan; [K00734] Pidana; [K00915]
Ketenagakerjaan;",,Banyaknya perusahaan yang melakukan perbuatan pidana/kejahatan dalam ketenagakerjaan dan disidik oleh pihak yang berwenang sesuai hukum acara pidana.,"[32010026] Wilayah;
[23020048] Skala
Usaha;
[23020050] Sumber Penanaman Modal;",-,Total,perusahaan,,
10210093,Jumlah Perusahaan yang Menerapkan Norma Keselamatan dan Kesehatan Kerja (K-3),,[K01716] Perusahaan; [K00016] Keselamatan dan Kesehatan Kerja (K-3);,,Banyaknya perusahaan yang menerapkan norma untuk menjamin dan melindungi keselamatan dan kesehatan tenaga kerja melalui upaya pencegahan kecelakaan kerja dan penyakit akibat kerja.,"[32010026] Wilayah;
[22020004] Jenis
Lapangan Usaha;",-,Total,unit usaha,,
10210039,Jumlah Perusahaan yang Menerapkan Struktur Skala Upah,,[K01716] Perusahaan; [K00204] Balas Jasa dan Upah Pekerja;,,Banyaknya perusahaan yang memiliki susunan tingkat upah dari yang terendah sampai dengan yang tertinggi atau dari yang tertinggi sampai dengan yang terendah yang memuat nilai kisaran upah dari yang terkecil maupun yang terendah dalam setiap golongan jabatan.,"[32010026] Wilayah;
[23020050] Sumber Penanaman Modal;",-,Total,perusahaan,,
10210043,Jumlah Peserta Pelatihan,,[K01736] Peserta Pelatihan;,,Banyaknya orang yang ikut serta dalam kegiatan  pengembangan kompetensi sumber daya manusia dalam upaya peningkatan produktivitas tenaga kerja.,[32010026] Wilayah;,-,Total,orang,,
10210041,Jumlah Peserta Pelatihan Berbasis Kompetensi (PBK),,[K01736] Peserta Pelatihan;,,Banyaknya peserta program  pelatihan berbasis kompetensi yang diselenggarakan oleh lembaga yang berwenang.,"[32010026] Wilayah;
[33220007] Jenis
Kelamin;",-,Total,orang,,
10210044,Jumlah Peserta Pemagangan Dalam Negeri,,[K01373] Pemagangan;,,Banyaknya peserta yang terdaftar dan/atau didaftarkan dalam sistem informasi dan aplikasi pelayanan ketenagakerjaan oleh penyelenggara pemagangan dalam negeri dan atau perseorangan.,[32010026] Wilayah;,-,Total,orang,,
10210046,Jumlah Peserta Pemagangan Luar Negeri,,[K01373] Pemagangan;,,"Banyaknya pencari kerja terdaftar yang mengikuti program pemagangan yang menjadi bagian dari sistem pelatihan kerja yang diselenggarakan secara utuh dan terpadu di Indonesia dan di luar negeri oleh lembaga pelatihan kerja atau perusahaan atau instansi pemerintah atau lembaga pendidikan di bawah bimbingan dan pengawasan instruktur dan/atau pekerja yang lebih berpengalaman, dalam proses produksi barang dan/ atau jasa, dalam rangka menguasai keterampilan atau keahlian tertentu.","[32010026] Wilayah;
[33220007] Jenis
Kelamin;",-,Total,orang,,
10210047,Jumlah Program Pelatihan,,[K01811] Program Pelatihan;,,Banyaknya rangkaian panduan yang menjadi pedoman dalam penyelenggaraan pelatihan sesuai standar atau ukuran tertentu yang memuat kurikulum berbasis kompetensi.,[32010026] Wilayah;,-,Total,dokumen,,
10210049,Jumlah Sumber Daya Manusia Iptek,,"[K02077] Sumber Daya Manusia (SDM); [K02357] Ilmu
Pengetahuan; [K02130] Teknologi;",,"Banyaknya orang yang memiliki kompetensi dalam bidang ilmu pengetahuan dan teknologi (iptek) dan bekerja di bidang iptek, dan/atau melaksanakan kegiatan penelitian, pengembangan, pengkajian, dan penerapan iptek (litbangjirap) meliputi: peneliti, perekayasa, dosen, dan SDM Iptek lainnya, serta tercatat dalam organisasi profesi ilmiah.","[32010026] Wilayah;
[10320055] Tingkat Pendidikan;",-,Total,orang,,
10210058,Jumlah Tenaga Kerja Tersertifikasi,,[K02159] Tenaga Kerja; [K02383] Sertifikasi;,,Banyaknya tenaga kerja yang berhasil melalui sertifikasi kompetensi dan mendapatkan  pekerjaan sesuai dengan sertifikat kompetensinya.,"[32010026] Wilayah;
[33220007] Jenis
Kelamin;",-,Total,orang,,
10210057,Jumlah Tenaga Kerja yang Ditempatkan,,[K02159] Tenaga Kerja; [K01486] Penempatan Pekerja;,,Banyaknya pencari kerja yang telah ditempatkan di dalam hubungan kerja dan/atau di luar hubungan kerja untuk mengisi lowongan pekerjaan.,"[32010026] Wilayah;
[33220007] Jenis
Kelamin;",-,Total,orang,,
10210062,Kapasitas Fasilitas Pendidikan dan Pelatihan,,[K02373] Pendidikan; [K01354] Pelatihan;,,Daya tampung peserta pada sarana tempat pendidikan dan pelatihan.,[32010026] Wilayah;,-,Total,orang,,
10210094,Kapasitas Latih Lembaga Pelatihan Kerja,,[K01354] Pelatihan;,,Banyaknya orang maksimum yang dapat dilatih dalam suatu periode waktu untuk program pelatihan tertentu oleh lembaga yang menyelenggarakan pelatihan kerja.,[32010026] Wilayah;,-,Total,orang,,
10210067,Persentase Anak Usia 10—17 Tahun yang Bekerja,,"[K00091] Anak;
[K00237] Bekerja;",,Bagian dari populasi anak berusia 10—17 yang melakukan pekerjaan dengan maksud memperoleh atau membantu memperoleh penghasilan atau keuntungan paling sedikit selama satu jam dalam seminggu terakhir.,"[32010026] Wilayah;
[33220007] Jenis
Kelamin; [10620071] Status Disabilitas;",-,Persentase,persen,,
10210095,Persentase Pekerja pada Sektor Ekonomi Kreatif,,[K01306] Pekerja; [K00417] Ekonomi Kreatif;,,"Bagian dari seluruh pekerja yang melakukan pekerjaan di bidang ekonomi yang menciptakan kekayaan intelektual yang bersumber dari kreativitas berbasis warisan budaya, ilmu pengetahuan, dan/atau teknologi.","[32010026] Wilayah;
[23020097] Subsektor Ekonomi Kreatif;",-,Persentase,persen,,
10210068,Persentase Pekerja Sektor Informal,,[K01306] Pekerja; [K02293] Usaha Sektor Informal;,,Bagian dari total penduduk yang menjadi pekerja pada lapangan kerja informal.,"[32010026] Wilayah;
[33220007] Jenis
Kelamin;
[32020020] Klasifikasi Wilayah;
[10120066] Umur/Usia;
[10320055] Tingkat Pendidikan; [10620071] Status Disabilitas; [22020004] Jenis
Lapangan Usaha;",-,Persentase,persen,,
10210096,Persentase Penduduk yang Bekerja di Sektor Nonpertanian,,[K01476] Penduduk; [K00237] Bekerja;,,Banyaknya orang yang menetap atau berniat menetap lebih dari satu tahun dan melakukan kegiatan selain pertanian untuk memperoleh penghasilan.,[32010026] Wilayah;,-,Persentase,persen,,
10210097,Persentase Tenaga Kerja Pariwisata,,"[K02159] Tenaga Kerja; [K00860]
Kepariwisataan;",,"Bagian dari populasi tenaga kerja di seluruh sektor yang pekerjaannya berhubungan dengan kegiatan perjalanan untuk rekreasi, pelancongan, dan turisme.",[32010026] Wilayah;,-,Persentase,persen,,
10210098,Rasio Nilai Tambah per Pekerja,,[K01228] Nilai Tambah; [K01306] Pekerja;,,Produktivitas pekerja dalam menghasilkan nilai ekonomi suatu produk atau jasa.,[32010026] Wilayah;,-,Rasio,rupiah per tenaga kerja,,
10210072,Rata-rata Hari Kerja Seminggu,,[K02356] Hari Kerja;,,Rata-rata banyaknya hari kerja yang biasanya berlaku di usaha/perusahaan dalam seminggu.,"[32010026] Wilayah;
[33220007] Jenis
Kelamin; [10620071] Status Disabilitas;",-,Rata-rata,hari,,
10210073,Rata-rata Pekerja Disabilitas per Hari Kerja,,[K01306] Pekerja; [K00388] Disabilitas; [K02356] Hari Kerja;,,"Rata-rata banyaknya orang dengan gangguan atau keterbatasan fungsi tubuh selayaknya orang normal yang biasanya bekerja, baik yang dibayar maupun tidak dibayar, pada setiap satu hari kerja.",[32010026] Wilayah;,-,Rata-rata,orang,,
10210074,Rata-rata Pekerja per Hari Kerja,,[K01306] Pekerja; [K02356] Hari Kerja;,,Rata-rata banyaknya orang yang kerja baik yang dibayar maupun tidak dibayar per hari kerja.,[32010026] Wilayah;,-,Rata-rata,orang,,
10210099,Rata-rata Produktivitas Pekerja per Hari Kerja,,[K01306] Pekerja; [K02356] Hari Kerja;,,Tingkat output yang dihasilkan oleh setiap pekerja dalam waktu satu hari kerja.,[32010026] Wilayah;,-,Rasio,dolar Amerika Serikat per tenaga kerja,,
10210100,Tingkat Partisipasi Angkatan Kerja (TPAK),,[K00117] Angkatan Kerja;,,"Bagian dari penduduk berusia 15 tahun ke atas yang bekerja, memiliki pekerjaan tetapi sementara tidak bekerja, dan sedang mencari pekerjaan/menganggur.","[32010026] Wilayah;
[33220007] Jenis
Kelamin;",-,Persentase,persen,,
10210083,Tingkat Pengangguran Terbuka,,"[K01510]
Pengangguran; [K00117]  Angkatan Kerja;",,Bagian dari penduduk dalam angkatan kerja yang tidak terserap ke pasar kerja.,"[32010026] Wilayah;
[32020020] Klasifikasi Wilayah;
[33220007] Jenis
Kelamin;
[10120066] Umur/Usia;
[10620071] Status Disabilitas; [10320055] Tingkat Pendidikan;",-,Persentase,persen,,
10210101,Tingkat Produktivitas Pekerja,,[K01306] Pekerja;,,Besaran kontribusi pekerja dalam pembentukan nilai tambah suatu produk dalam proses kegiatan ekonomi yang dihitung dengan pendekatan rasio antara produk berupa barang  dan jasa dengan banyaknya tenaga kerja yang digunakan dalam satuan waktu tertentu.,"[32010026] Wilayah;
[22020004] Jenis
Lapangan Usaha;",-,Rasio,rupiah per orang,,
10210084,Tingkat Setengah Penganggur,,[K01315] Pekerja Setengah Penganggur;,,Bagian dari penduduk usia kerja yang bekerja kurang dari jam kerja normal (kurang dari 35 jam seminggu) dan masih mencari pekerjaan atau masih bersedia menerima pekerjaan.,"[32010026] Wilayah;
[33220007] Jenis
Kelamin;
[32020020] Klasifikasi Wilayah;
[10120066] Umur/Usia;
[10320055] Tingkat Pendidikan;",-,Persentase,persen,,
,,,,,,[10620071] Status Disabilitas;,,,,,
10310002,Angka Anak Tidak Sekolah,,[K01289] Partisipasi Sekolah;,,Bagian dari anak usia sekolah pada setiap jenjang pendidikan yang tidak terdaftar sebagai peserta didik dalam satuan pendidikan pada jenjang terkait.,"[32010026] Wilayah;
[10320055] Tingkat Pendidikan;",-,Persentase,persen,,
10310003,Angka Harapan Lama Sekolah (HLS),,[K01289] Partisipasi Sekolah;,,"Lamanya bersekolah yang diharapkan akan dirasakan oleh anak pada umur
tertentu di masa mendatang.","[32010026] Wilayah;
[33220007] Jenis
Kelamin;",-,Waktu,tahun,,
10310004,Angka Melek Huruf Penduduk Lanjut Usia,,[K01154] Melek Huruf/Aksara; [K01055] Orang Lanjut Usia (Lansia);,,Bagian dari penduduk lansia yang dapat membaca dan menulis huruf latin atau huruf lainnya.,[32010026] Wilayah;,-,Persentase,persen,,
10310006,Indeks Pembangunan Literasi Masyarakat (IPLM),,[K01112] Literasi;,,Angka yang menggambarkan tingkat usaha yang dilaksanakan oleh pemerintah daerah (tingkat provinsi dan kabupaten/kota) dalam membina dan mengembangkan perpustakaan sebagai wahana belajar sepanjang hayat untuk mencapai budaya literasi masyarakat.,[32010026] Wilayah;,-,Indeks,-,,
10310010,Jumlah Civitas Academica,,[K00316]  Civitas Academica;,,Banyaknya masyarakat akademik yang terdiri atas dosen dan mahasiswa.,[32010026] Wilayah;,-,Total,orang,,
10310012,Jumlah Masyarakat Desa yang diberi Pelatihan,,"[K01476] Penduduk; [K00371] Desa;
[K01354] Pelatihan;",,"Banyaknya orang yang  tinggal di desa yang diberi pelatihan untuk meningkatkan pengetahuan, keterampilan, maupun sikap sesuai kompetensi tertentu.",[32010026] Wilayah;,-,Total,orang,,
10310060,Jumlah Pendidik,,[K02183] Pendidik;,,"Banyaknya orang yang berkualifikasi sebagai guru, dosen, konselor, pamong belajar, widyaiswara, tutor, instruktur, fasilitator, dan sebutan lain yang sesuai dengan kekhususannya, yang mengajar pada satuan pendidikan.","[32010026] Wilayah;
[10320051] Status Satuan Pendidikan; [33220007] Jenis
Kelamin;",-,Total,orang,,
10310061,Jumlah Penyandang Disabilitas yang Bersekolah,,"[K01735] Peserta Didik;
[K01596] Penyandang Disabilitas;",,"Banyaknya orang yang mengalami keterbatasan fisik, intelektual, mental, dan/atau sensorik yang menjadi peserta didik dan aktif bersekolah di satuan pendidikan tertentu.",[32010026] Wilayah;,-,Total,orang,,
10310062,Jumlah Perguruan Tinggi,,[K01651] Perguruan Tinggi;,,"Banyaknya satuan pendidikan pada jalur pendidikan formal setelah pendidikan menengah yang dapat berupa program pendidikan diploma, sarjana, magister, spesialis, dan doktoral.","[32010026] Wilayah;
[10320051] Status Satuan Pendidikan;",-,Total,unit,,
10310063,Jumlah Peserta Didik,,[K01735] Peserta Didik;,,"Banyaknya orang yang berusaha mengembangkan potensi diri melalui proses pembelajaran yang tersedia pada jalur, jenjang, dan jenis pendidikan tertentu.","[32010026] Wilayah;
[33220007] Jenis
Kelamin; [10320051] Status Satuan Pendidikan; [10320055] Tingkat Pendidikan;",-,Total,orang,,
10310064,Jumlah Peserta Didik Mengulang Kelas,,"[K01735] Peserta Didik;
[K02367] Mengulang Kelas;",,Banyaknya peserta didik yang mengulang kelas pada suatu tingkatan kelas pendidikan dan tahun ajaran tertentu.,"[32010026] Wilayah;
[10320051] Status Satuan Pendidikan; [33220007] Jenis
Kelamin;
[10320076] Tingkatan Kelas Pendidikan;",-,Total,orang,,
10310065,Jumlah Peserta Didik Putus Sekolah,,"[K01735] Peserta Didik;
[K02380] Putus Sekolah;",,Banyaknya peserta didik yang tidak mampu menyelesaikan pendidikan atau dikeluarkan dari  satuan pendidikan sehingga tidak dapat melanjutkan pendidikan ke jenjang berikutnya.,"[32010026] Wilayah;
[10320051] Status Satuan Pendidikan; [10320055] Tingkat Pendidikan;",-,Total,orang,,
10310066,Jumlah Ruang Kelas,,[K01905] Ruang Kelas;,,"Banyaknya ruangan di dalam bangunan sekolah atau kampus, yang berfungsi sebagai tempat untuk kegiatan tatap muka dalam proses kegiatan belajar mengajar (KBM).","[32010026] Wilayah;
[10320051] Status Satuan Pendidikan; [10720073] Kondisi Bangunan;",-,Total,unit,,
10310067,Jumlah Satuan Pendidikan,,[K01971] Satuan Pendidikan; [K01976] Sekolah;,,"Banyaknya unit kelompok layanan pendidikan yang menyelenggarakan pendidikan pada jalur formal, nonformal, dan informal pada setiap jenjang dan jenis pendidikan.","[32010026] Wilayah;
[10320055] Tingkat Pendidikan; [10320051] Status Satuan Pendidikan;",-,Total,unit,,
10310027,Persentase Angka Melek Aksara Penduduk Umur 15 Tahun ke Atas,,[K01154] Melek Huruf/ Aksara;,,Bagian dari populasi penduduk umur l15 tahun ke atas yang dapat  membaca dan menulis kalimat sederhana dengan huruf latin dan atau huruf lainnya.,"[32010026] Wilayah;
[32020020] Klasifikasi Wilayah;
[33220007] Jenis
Kelamin; [10620071] Status Disabilitas;",-,Persentase,persen,,
10310028,Persentase Guru yang Memenuhi Kualifikasi Sesuai Standar Nasional,,[K00481] Guru;,,"Bagian dari populasi guru pada jenjang pendidikan anak usia dini (PAUD) sederajat, SD sederajat, SMP sederajat, SMA/SMK sederajat, dan pendidikan luar biasa yang memenuhi kualifikasi akademik S1/D4 sesuai dengan standar yang ditetapkan oleh lembaga pemerintah yang berwenang dalam bidang pendidikan.","[32010026] Wilayah;
[33220007] Jenis
Kelamin; [10320055] Tingkat Pendidikan;",-,Persentase,persen,,
10310068,Persentase Keluarga yang Memiliki Anak Sekolah,,"[K00829] Keluarga; [K00094] Anak
Sekolah;",,"Bagian dari populasi keluarga yang memiliki satu atau lebih anggota keluarga yang masih bersekolah pada jenjang pendidikan SD sederajat, SMP sederajat, dan SMA sederajat.","[32010026] Wilayah;
[33120021] Status Kesejahteraan;",-,Persentase,persen,,
10310069,Persentase Pendidik yang Memiliki Sertifikat Pendidik,,[K02183] Pendidik; [K02383] Sertifikasi;,,"Bagian dari seluruh tenaga kependidikan yang berkualifikasi sebagai guru, dosen, konselor, pamong belajar, widyaiswara, tutor, instruktur, fasilitator, dan sebutan lain yang sesuai dengan kekhususannya yang memiliki sertifikat pendidik.","[32010026] Wilayah;
[33220007] Jenis
Kelamin; [10320051] Status Satuan Pendidikan; [10320055] Tingkat Pendidikan;",-,Persentase,persen,,
10310029,Persentase Penduduk Berumur 5 Tahun ke Atas yang Pernah atau Sedang Mengikuti Kursus/Pelatihan/,,[K01476] Penduduk; [K01011] Kursus;,,Bagian dari populasi penduduk berumur 5 tahun ke atas yang pernah atau sedang mengikuti kursus/ pelatihan/bimbingan belajar/,[32010026] Wilayah;,-,Persentase,persen,,
,Bimbingan Belajar/ Pendidikan Keterampilan,,,,pendidikan keterampilan selama setahun terakhir.,,,,,,
10310030,Persentase Peserta Didik yang Melaksanakan Metode Pembelajaran dari Rumah,,"[K01735] Peserta Didik;
[K01177] Metode Pembelajaran;",,"Bagian dari seluruh penduduk berumur 5 tahun ke atas yang masih bersekolah yang melaksanakan belajar dari rumah (baik belajar dari rumah saja, maupun kombinasi dengan pembelajaran tatap muka).",[32010026] Wilayah;,-,Persentase,persen,,
10310031,Persentase Peserta Didik yang Melakukan Kegiatan Belajar di Luar Jam Sekolah,,"[K01735] Peserta Didik;
[K00240] Belajar;",,Bagian dari seluruh penduduk yang masih bersekolah yang melakukan kegiatan belajar di luar jam sekolah selama tiga bulan terakhir.,[32010026] Wilayah;,-,Persentase,persen,,
10310032,Persentase Peserta Didik yang Menerima Beasiswa/Bantuan Pendidikan,,"[K01735] Peserta Didik;
[K00234] Beasiswa;",,Bagian dari seluruh penduduk berumur 5 tahun ke atas yang masih bersekolah pada tahun ajaran sebelumnya yang menerima beasiswa/bantuan pendidikan.,[32010026] Wilayah;,-,Persentase,persen,,
10310070,Persentase Peserta Didik yang Mengulang Kelas,,"[K01735] Peserta Didik;
[K02367] Mengulang Kelas;",,Bagian seluruh peserta didik pada tahun ajaran sebelumnya yang belum mencapai kriteria ketuntasan minimal (KKM) dan harus mengulang pembelajaran pada tingkat pendidikan dan satuan pendidikan yang sama dengan tahun ajaran sebelumnya.,"[32010026] Wilayah;
[10320076] Tingkatan Kelas Pendidikan;",-,Persentase,persen,,
10310071,Persentase Satuan Pendidikan dengan Akses Listrik,,[K01971] Satuan Pendidikan; [K01111] Listrik;,,Bagian dari populasi satuan pendidikan yang yang memiliki akses listrik.,"[32010026] Wilayah;
[10320051] Status Satuan Pendidikan; [10320055] Tingkat Pendidikan; [10320009] Jenjang Pendidikan;",-,Persentase,persen,,
10310072,Persentase Satuan Pendidikan Sekolah Luar Biasa (SLB) yang Memiliki Akses Komputer untuk Pembelajaran,,"[K01971] Satuan Pendidikan;
[K01978] Sekolah Luar Biasa (SLB);
[K00955] Komputer;",,"Bagian dari populasi satuan pendidikan sekolah luar biasa (SLB) yang memiliki akses komputer, tidak termasuk komputer yang tertanam pada perangkat elektronik, yang digunakan untuk proses belajar.","[32010026] Wilayah;
[10320051] Status Satuan Pendidikan;",-,Persentase,persen,,
10310033,Rasio Angka Partisipasi Kasar (APK) Perguruan Tinggi antara Kuintil Penghasilan Terbawah dan Teratas,,"[K01289] Partisipasi Sekolah;
[K01651] Perguruan Tinggi;",,"Angka yang menggambarkan ketimpangan partisipasi antara penduduk miskin (pengeluaran 20 persen terbawah) dan kaya (pengeluaran 20 persen teratas) yang sedang duduk di bangku kuliah secara umum, baik penduduk yang berusia kuliah maupun tidak.","[32010026] Wilayah;
[32020020] Klasifikasi Wilayah;",-,Rasio,persen,,
10310034,Rasio Angka Partisipasi Kasar (APK) Perguruan Tinggi antara Penduduk Disabilitas dan non- Disabilitas,,"[K01289] Partisipasi Sekolah;
[K01651] Perguruan Tinggi;",,"Angka yang menggambarkan ketimpangan partisipasi antara penduduk dengan disabilitas dan tanpa disabilitas yang sedang duduk di bangku kuliah secara umum, baik penduduk yang berusia kuliah maupun tidak.","[32010026] Wilayah;
[32020020] Klasifikasi Wilayah;",-,Rasio,persen,,
10310035,Rasio Angka Partisipasi Kasar (APK) Perguruan Tinggi antara Penduduk Perdesaan dan Perkotaan,,"[K01289] Partisipasi Sekolah;
[K01651] Perguruan Tinggi;",,"Angka yang menggambarkan ketimpangan partisipasi antara penduduk di perdesaan dan perkotaan yang sedang duduk di bangku kuliah secara umum, baik penduduk yang berusia kuliah maupun tidak.","[32010026] Wilayah;
[10620071] Status Disabilitas;",-,Rasio,persen,,
10310036,Rasio Angka Partisipasi Kasar (APK) Perguruan Tinggi antara Perempuan dan Laki- laki,,"[K01289] Partisipasi Sekolah;
[K01651] Perguruan Tinggi;",,"Angka yang menggambarkan ketimpangan partisipasi antara penduduk perempuan dan laki-laki yang sedang duduk di bangku kuliah secara umum, baik penduduk yang berusia kuliah maupun tidak.","[32010026] Wilayah;
[10620071] Status Disabilitas;",-,Rasio,persen,,
10310045,Rasio Angka Partisipasi Kasar (APK) SD Sederajat antara Kuintil Penghasilan Terbawah dan Teratas,,"[K01289] Partisipasi Sekolah;
[K01977] Sekolah Dasar (SD);",,Angka yang menggambarkan ketimpangan partisipasi antara penduduk usia SD sederajat (7—12 tahun) miskin (pengeluaran kuintil terbawah) dan kaya (pengeluaran kuintil teratas) yang sedang duduk di bangku SD sederajat.,"[32010026] Wilayah;
[10620071] Status Disabilitas; [32020020] Klasifikasi Wilayah;",-,Rasio,persen,,
10310046,Rasio Angka Partisipasi Kasar (APK) SD Sederajat antara,,"[K01289] Partisipasi Sekolah;
[K01977] Sekolah Dasar (SD);",,Angka yang menggambarkan ketimpangan partisipasi antara penduduk usia SD sederajat (7—12 tahun) dengan disabilitas dan tanpa,[32010026] Wilayah;,-,Rasio,persen,,
,Penduduk Disabilitas dan non-Disabilitas,,,,disabilitas yang sedang duduk di bangku SD sederajat.,,,,,,
10310047,Rasio Angka Partisipasi Kasar (APK) SD Sederajat antara Penduduk Perdesaan dan Perkotaan,,"[K01289] Partisipasi Sekolah;
[K01977] Sekolah Dasar (SD);",,Angka yang menggambarkan ketimpangan partisipasi antara penduduk usia SD sederajat (7—12 tahun) di perdesaan dan perkotaan yang sedang  duduk di bangku SD sederajat.,"[32010026] Wilayah;
[10620071] Status Disabilitas;",-,Rasio,persen,,
10310048,Rasio Angka Partisipasi Kasar (APK) SD Sederajat antara Penduduk Perempuan dan Laki-laki,,"[K01289] Partisipasi Sekolah;
[K01977] Sekolah Dasar (SD);",,Angka yang menggambarkan ketimpangan partisipasi antara penduduk usia SD sederajat (7—12 tahun) perempuan dan laki-laki yang sedang duduk di bangku SD sederajat.,"[32010026] Wilayah;
[32020020] Klasifikasi Wilayah;
[10620071] Status Disabilitas;",-,Rasio,persen,,
10310037,"Rasio Angka Partisipasi Kasar (APK) SMA/SMK
Sederajat antara Kuintil Penghasilan Terbawah dan Teratas",,"[K01289] Partisipasi Sekolah;
[K01979] Sekolah Menengah Atas (SMA); [K01981] Sekolah Menengah Kejuruan (SMK);",,"Angka yang menggambarkan ketimpangan partisipasi antara penduduk miskin (pengeluaran kuintil terbawah) dan kaya (pengeluaran kuintil teratas) yang sedang duduk di bangku SMA/SMK sederajat secara umum, baik penduduk yang berusia SMA/SMK sederajat maupun tidak.","[32010026] Wilayah;
[32020020] Klasifikasi Wilayah;",-,Rasio,persen,,
10310038,"Rasio Angka Partisipasi Kasar (APK) SMA/SMK
Sederajat antara Penduduk Disabilitas dan non-Disabilitas",,"[K01289] Partisipasi Sekolah;
[K01979] Sekolah Menengah Atas (SMA); [K01981] Sekolah Menengah Kejuruan (SMK);",,"Angka yang menggambarkan ketimpangan partisipasi antara penduduk dengan disabilitas dan tanpa disabilitas yang sedang duduk di bangku SMA/SMK sederajat secara umum, baik penduduk yang berusia SMA/SMK sederajat maupun tidak.","[32010026] Wilayah;
[32020020] Klasifikasi Wilayah;",-,Rasio,persen,,
10310039,"Rasio Angka Partisipasi Kasar (APK) SMA/SMK
Sederajat antara Penduduk Perdesaan dan Perkotaan",,"[K01289] Partisipasi Sekolah;
[K01979] Sekolah Menengah Atas (SMA); [K01981] Sekolah Menengah Kejuruan (SMK);",,"Angka yang menggambarkan ketimpangan partisipasi antara penduduk di perdesaan dan perkotaan yang sedang duduk di bangku SMA/SMK sederajat secara umum, baik penduduk yang berusia SMA/SMK sederajat maupun tidak.","[32010026] Wilayah;
[10620071] Status Disabilitas;",-,Rasio,persen,,
10310040,"Rasio Angka Partisipasi Kasar (APK) SMA/SMK
Sederajat antara",,"[K01289] Partisipasi Sekolah;
[K01979] Sekolah",,Angka yang menggambarkan ketimpangan partisipasi antara penduduk perempuan dan laki-laki,"[32010026] Wilayah;
[10620071] Status Disabilitas;",-,Rasio,persen,,
,Penduduk Perempuan dan Laki-laki,,Menengah Atas (SMA); [K01981] Sekolah Menengah Kejuruan (SMK);,,"yang sedang duduk di bangku SMA/SMK sederajat secara umum, baik penduduk yang berusia SMA/SMK sederajat maupun tidak.",[32020020] Klasifikasi Wilayah;,,,,,
10310041,Rasio Angka Partisipasi Kasar (APK) SMP Sederajat antara Kuintil Penghasilan Terbawah dan Teratas,,"[K01289] Partisipasi Sekolah;
[K01984] Sekolah Menengah Pertama (SMP);",,"Angka yang menggambarkan ketimpangan partisipasi antara penduduk miskin (pengeluaran kuintil terbawah) dan kaya (pengeluaran kuintil teratas) yang sedang duduk di bangku SMP sederajat secara umum, baik penduduk yang berusia SMP sederajat maupun tidak.","[32010026] Wilayah;
[10620071] Status Disabilitas; [32020020] Klasifikasi Wilayah;",-,Rasio,persen,,
10310043,Rasio Angka Partisipasi Kasar (APK) SMP Sederajat antara Penduduk Perdesaan dan Perkotaan,,"[K01289] Partisipasi Sekolah;
[K01984] Sekolah Menengah Pertama (SMP);",,"Angka yang menggambarkan ketimpangan partisipasi antara penduduk di perdesaan dan perkotaan yang sedang duduk di bangku SMP sederajat secara umum, baik penduduk yang berusia SMP sederajat maupun tidak.","[32010026] Wilayah;
[10620071] Status Disabilitas;",-,Rasio,persen,,
10310044,Rasio Angka Partisipasi Kasar (APK) SMP Sederajat antara Penduduk Perempuan dan Laki-laki,,"[K01289] Partisipasi Sekolah;
[K01984] Sekolah Menengah Pertama (SMP);",,"Angka yang menggambarkan ketimpangan partisipasi antara penduduk perempuan dan laki-laki yang sedang duduk di bangku SMP sederajat secara umum, baik penduduk yang berusia SMP sederajat maupun tidak.","[32010026] Wilayah;
[32020020] Klasifikasi Wilayah;
[10620071] Status Disabilitas;",-,Rasio,persen,,
10310042,Rasio Angka Partisipasi Kasar (APK) SMP Sederajat antara Penduduk Disabilitas dan non-Disabilitas,,"[K01289] Partisipasi Sekolah;
[K01984] Sekolah Menengah Pertama (SMP);",,"Angka yang menggambarkan ketimpangan partisipasi antara penduduk dengan disabilitas dan tanpa disabilitas yang sedang duduk di bangku SMP sederajat secara umum, baik penduduk yang berusia SMP sederajat maupun tidak.","[32010026] Wilayah;
[32020020] Klasifikasi Wilayah;",-,Rasio,persen,,
10310049,Rasio Angka Partisipasi Sekolah (APS) Anak Berusia 7—17 Tahun antara Penduduk,,"[K01289] Partisipasi Sekolah;
[K00388] Disabilitas;",,Angka yang menggambarkan ketimpangan partisipasi sekolah antara penduduk berusia 7—17 tahun dengan disabilitas dan tanpa disabilitas.,[32010026] Wilayah;,-,Rasio,persen,,
,Disabilitas dan non- Disabilitas,,,,,,,,,,
10310073,Rasio Peserta Didik terhadap Pendidik,,"[K01735] Peserta Didik;
[K02183] Pendidik;",,"Perbandingan antara jumlah anggota masyarakat yang berusaha mengembangkan potensi diri  melalui proses pembelajaran yang tersedia pada jalur, jenjang, dan jenis pendidikan tertentu terhadap tenaga kependidikan yang berkualifikasi sebagai guru, dosen, konselor, pamong belajar, widyaiswara, tutor, instruktur, fasilitator, dan sebutan lain yang sesuai dengan kekhususannya.","[32010026] Wilayah;
[10320055] Tingkat Pendidikan;",-,Rasio,-,,
10310074,Rasio Peserta Didik terhadap Rombongan Belajar,,"[K01735] Peserta Didik;
[K01904] Rombongan Belajar;",,"Perbandingan antara jumlah anggota masyarakat yang  berusaha mengembangkan potensi diri melalui proses pembelajaran yang tersedia pada jalur, jenjang, dan jenis pendidikan tertentu terhadap kelompok peserta didik yang terdaftar pada satuan kelas dalam satu satuan pendidikan.","[32010026] Wilayah;
[10320051] Status Satuan Pendidikan; [10320055] Tingkat Pendidikan;",-,Rasio,orang per rombongan belajar,,
10310050,Rata-rata Lama Sekolah (RLS),,[K01289] Partisipasi Sekolah;,,Rata-rata lamanya masa yang dilalui dalam menjalani pendidikan formal.,"[32010026]  Wilayah;
[33220007] Jenis
Kelamin;",-,Rata-rata,tahun,,
10310052,Tingkat Partisipasi dalam Pembelajaran yang Teroganisasi (Satu Tahun Sebelum Usia Sekolah Dasar),,[K02373] Pendidikan;,,"Angka yang menggambarkan partisipasi anak berumur 6 tahun (satu tahun sebelum usia resmi masuk sekolah dasar) dalam program pendidikan yang terorganisir, yaitu: a. pendidikan anak usia dini (pra- sekolah) yang meliputi Taman Kanak- kanak (TK), Raudhatul Athfal (RA), Bustanul Athfal (BA) dan PAUD; dan b. sekolah dasar sederajat.","[32010026] Wilayah;
[33220007] Jenis
Kelamin;
[32020020] Klasifikasi Wilayah;
[10620071] Status Disabilitas;",-,Persentase,persen,,
10310053,Tingkat Partisipasi dalam Pendidikan dan,,[K02373] Pendidikan; [K01354] Pelatihan;,,Angka yang menggambarkan partisipasi penduduk dari kelompok usia tertentu dalam mengikuti,"[32010026] Wilayah;
[33220007] Jenis
Kelamin;",-,Persentase,persen,,
,Pelatihan Formal dan non-Formal,,,,pendidikan dan pelatihan formal atau nonformal dalam kurun waktu 12 bulan terakhir.,,,,,,
10310057,Tingkat Penyelesaian Pendidikan Jenjang SD Sederajat,,[K02098] Tamat Sekolah; [K01977] Sekolah Dasar (SD);,,Bagian dari populasi penduduk berusia 13 sampai dengan 15 tahun yang telah menamatkan pendidikan tingkat sekolah dasar atau sederajat.,[32010026] Wilayah;,-,Persentase,persen,,
10310058,Tingkat Penyelesaian Pendidikan Jenjang SMA Sederajat,,"[K02098] Tamat Sekolah; [K01979] Sekolah
Menengah Atas (SMA);",,Bagian dari populasi penduduk berusia 16 sampai dengan 18 tahun yang telah menamatkan pendidikan tingkat menengah pertama atau sederajat.,[32010026] Wilayah;,-,Persentase,persen,,
10310059,Tingkat Penyelesaian Pendidikan Jenjang SMP Sederajat,,"[K02098] Tamat Sekolah; [K01984] Sekolah
Menengah Pertama (SMP);",,Bagian dari populasi penduduk berusia 19 sampai dengan 21 tahun yang telah menamatkan pendidikan tingkat sekolah menengah atas atau sederajat.,[32010026] Wilayah;,-,Persentase,persen,,
10410004,Angka Fertilitas Spesifik Umur/Age-specific Fertilty Rate (ASFR),,[K02352] Fertilitas; [K00819] Kelahiran Hidup;,,Angka yang menggambarkan banyaknya kelahiran pada suatu tahun dari perempuan usia subur (15—49 tahun) dengan kelompok umur tertentu pada setiap 1.000 perempuan dalam kelompok umur yang sama di pertengahan tahun tersebut.,"[32010026] Wilayah;
[10320055] Tingkat Pendidikan; [32020020] Klasifikasi Wilayah;",-,Tingkat,kelahiran perseribu perempuan,,
10410005,"Angka Fertilitas Total/
Total Fertility Rate (TFR)",,[K02352]  Fertilitas; [K00819] Kelahiran Hidup;,,Angka yang menggambarkan rata-rata jumlah anak yang dilahirkan seorang perempuan selama masa usia suburnya.,"[32010026] Wilayah;
[32020020] Klasifikasi Wilayah;
[10320055] Tingkat Pendidikan;",-,Tingkat,kelahiran,,
10410001,Angka Keberhasilan Pengobatan Tuberkulosis,,[K02230] Tuberkulosis (TB);,,"Angka yang menggambarkan bagian dari seluruh kasus tuberkulosis yang ditemukan dan diobati, yang mendapat pengobatan lengkap dan sembuh.",[32010026] Wilayah;,-,Persentase,persen,,
10410188,"Angka Kelahiran Kasar/
Crude Birth Rate  (CBR)",,[K00819] Kelahiran Hidup;,,Banyaknya kelahiran hidup pada tahun tertentu dalam setiap seribu,[32010026] Wilayah;,-,Tingkat,kelahiran hidup,,
,,,,,penduduk-pertengahan-tahun pada tahun yang sama.,,,,perseribu penduduk,,
10410189,Angka Kematian Anak/ Child Mortality Rate (CMR),,[K00845] Kematian/ Mortalitas;  [K00091] Anak;,,Banyaknya kematian penduduk berumur 1—4 tahun pada tahun tertentu dalam setiap seribu kelahiran hidup.,[32010026]  Wilayah;,-,Tingkat,kematian perseribu kelahiran hidup,,
10410007,Angka Kematian Balita (AKBa)/Under-Five Mortality Rate  (U5MR),,[K00845] Kematian/ Mortalitas;  [K00206] Balita;,,Angka yang menggambarkan banyaknya kematian anak berusia 0— 4 tahun selama satu tahun tertentu pada setiap 1.000 anak dengan kelompok umur yang sama.,[32010026] Wilayah;,-,Tingkat,kematian perseribu anak,,
10410008,Angka Kematian Bayi (AKB)/Infant Mortality Rate (IMR),,[K00845] Kematian/ Mortalitas;  [K00232] Bayi;,,Angka yang menggambarkan banyaknya kematian bayi berumur di bawah satu tahun pada setiap 1.000 kelahiran hidup.,"[32010026] Wilayah;
[32020020] Klasifikasi Wilayah;
[10320055] Tingkat Pendidikan; [33220007] Jenis
Kelamin;",-,Tingkat,kematian perseribu kelahiran hidup,,
10410009,Angka Kematian Ibu (AKI)/Maternal Mortality Ratio (MMR),,[K00842] Kematian Ibu/Maternal Mortality;,,"Angka yang menggambarkan banyaknya perempuan yang meninggal dari suatu penyebab kematian yang terkait dengan gangguan kehamilan atau penanganannya (tidak termasuk kecelakaan, bunuh diri atau kasus insidentil) selama masa kehamilan, melahirkan, dan masa nifas (42 hari setelah melahirkan) tanpa memperhitungkan lama kehamilan untuk setiap 100.000 kelahiran hidup.",[32010026] Wilayah;,-,Tingkat,kematian perseratus ribu kelahiran hidup,,
10410190,"Angka Kematian Kasar/
Crude Death Rate (CDR)",,[K00845] Kematian/ Mortalitas;,,Banyaknya kematian yang terjadi pada suatu tahun tertentu dalam setiap seribu penduduk.,[32010026] Wilayah;,-,Tingkat,kematian perseribu penduduk,,
10410010,Angka Kematian Neonatal,,[K00845] Kematian/ Mortalitas;  [K00232] Bayi;,,Angka yang menggambarkan banyaknya anak yang meninggal dalam periode 28 hari pertama kehidupan untuk setiap 1.000 kelahiran hidup.,[32010026]  Wilayah;,-,Tingkat,kematian perseribu kelahiran hidup,,
10410191,Angka Kematian Spesifik Umur/Age-spesific  Death Rate (ASDR),,[K00845] Kematian/ Mortalitas;,,Banyaknya kematian pada kelompok umur tertentu dalam setiap seribu penduduk dalam kelompok umur yang sama.,"[32010026] Wilayah;
[10120066] Umur/Usia;",-,Tingkat,kematian perseribu penduduk kelompok umur tertentu,,
10410011,Angka Kesakitan Demam Berdarah Dengue (DBD),,[K00894] Kesakitan/ Morbiditas;  [K00369] Demam Berdarah Dengue (DBD);,,Banyaknya kasus baru demam berdarah dengue pada kurun waktu tertentu dalam setiap 100.000 penduduk pada kurun waktu yang sama.,[32010026] Wilayah;,-,Tingkat,kasus perseratus ribu penduduk,,
10410012,Angka Kesakitan Lanjut Usia,,"[K00894] Kesakitan/ Morbiditas;
[K01055] Orang Lanjut Usia (Lansia);",,Bagian dari seluruh penduduk berumur 60 tahun ke atas yang mengalami keluhan kesehatan.,[32010026] Wilayah;,-,Persentase,persen,,
10410013,Angka Kesakitan Malaria,,[K00894] Kesakitan/ Morbiditas;  [K01133] Malaria;,,Banyaknya kasus positif malaria yang dibuktikan dengan pemeriksaan sediaan darah pada setiap 1000 penduduk.,[32010026] Wilayah;,-,Tingkat,kasus perseribu penduduk,,
10410192,Angka Kesakitan/ Morbiditas,,[K00894] Kesakitan/ Morbiditas;,,Bagian dari seluruh penduduk yang mengalami satu atau lebih jenis keluhan dalam satu bulan terakhir dan mengalami gangguan dalam melakukan kegiatan sehari-hari.,[32010026] Wilayah;,-,Persentase,persen,,
10410015,Angka Penemuan dan Pengobatan Tuberkulosis,,[K02230] Tuberkulosis (TB);,,Bagian dari perkiraan semua kasus tuberkulosis yang ditemukan dan diobati.,[32010026] Wilayah;,-,Persentase,persen,,
10410016,Angka Prevalensi Kontraseptif Modern pada Kelompok Perempuan Usia Reproduksi,,[K00970] Kontrasepsi; [K02314] Wanita Usia Subur (WUS);,,Bagian dari seluruh perempuan usia reproduksi (15—49 tahun) yang menggunakan alat kontrasepsi metode modern.,[32010026] Wilayah;,-,Persentase,persen,,
10410014,Angka Prevalensi Kontraseptif/ Contraceptive Prevalence Rate (CPR),,[K00970] Kontrasepsi;,,Bagian dari populasi pasangan usia subur (PUS) yang aktif menggunakan salah satu alat kontrasepsi.,[32010026] Wilayah;,-,Persentase,persen,,
10410194,Indeks Kapabilitas Rehabilitasi,,[K01870] Rehabilitasi Penyalah Guna Narkotika;,,Angka yang menggambarkan kemampuan atau kapasitas lembaga rehabilitasi dalam memberikan layanan rehabilitasi bagi penyalah guna dan atau pecandu narkoba secara berkelanjutan.,[32010026] Wilayah;,-,Indeks,-,,
10410025,Jumlah Ahli Teknologi Laboratorium Medik,,"[K00017] Ahli
Teknologi Laboratorium Medik;",,Banyaknya tenaga kesehatan yang memiliki kompetensi melakukan analisis terhadap cairan dan jaringan tubuh manusia untuk menghasilkan informasi tentang kesehatan perorangan dan masyarakat.,[32010026] Wilayah;,-,Total,orang,,
10410026,Jumlah Desa/Kelurahan yang Memiliki Apotek,,"[K00371] Desa;
[K00836] Kelurahan; [K00151] Apotek;",,"Banyaknya desa/kelurahan yang di wilayahnya terdapat sarana untuk praktik kefarmasian, dan penyaluran/penjualan obat/bahan farmasi oleh apoteker.",[32010026] Wilayah;,-,Total,desa/ kelurahan,,
10410027,Jumlah Desa/Kelurahan yang Memiliki Klinik,,"[K00371] Desa;
[K00836] Kelurahan; [K01754] Klinik;",,Banyaknya desa/kelurahan yang terdapat fasilitas pelayanan kesehatan yang menyediakan pelayanan medis dasar dan/atau spesialistik.,[32010026] Wilayah;,-,Total,desa/ kelurahan,,
10410028,Jumlah Desa/Kelurahan yang Memiliki Puskesmas,,"[K00371] Desa;
[K00836] Kelurahan; [K01838] Pusat Kesehatan Masyarakat (Puskesmas);",,Banyaknya desa/kelurahan yang memiliki fasilitas pelayanan kesehatan masyarakat dan perorangan tingkat pertama.,[32010026] Wilayah;,-,Total,desa/ kelurahan,,
10410029,Jumlah Desa/Kelurahan yang Memiliki Puskesmas Pembantu,,"[K00371] Desa;
[K00836] Kelurahan; [K01838] Pusat Kesehatan Masyarakat (Puskesmas);",,Banyaknya desa/kelurahan yang memiliki sarana kesehatan yang berfungsi menunjang dan membantu memperluas jangkauan puskesmas dalam lingkup wilayah yang lebih kecil.,[32010026] Wilayah;,-,Total,desa/ kelurahan,,
10410030,Jumlah Desa/Kelurahan yang Memiliki Rumah Sakit,,"[K00371] Desa;
[K00836] Kelurahan; [K01919] Rumah Sakit;",,"Banyaknya desa/kelurahan yang terdapat institusi pelayanan kesehatan yang menyediakan pelayanan  rawat inap, rawat jalan, dan gawat darurat.",[32010026] Wilayah;,-,Total,desa/ kelurahan,,
10410031,Jumlah Desa/Kelurahan yang Memiliki Rumah Sakit Bersalin,,"[K00371] Desa;
[K00836] Kelurahan; [K01920] Rumah Sakit Bersalin (RSB);",,"Banyaknya desa/kelurahan yang terdapat fasilitas pelayanan kesehatan yang melayani persalinan, dan dilengkapi dengan pelayanan pemeriksaan kehamilan, rawat inap, dan rawat jalan ibu dan anak yang berada di bawah pengawasan dokter spesialis kandungan.",[32010026] Wilayah;,-,Total,desa/ kelurahan,,
10410032,Jumlah Dokter,,[K00397] Dokter;,,Banyaknya lulusan pendidikan kedokteran yang ahli dalam hal penyakit dan pengobatan.,[32010026] Wilayah;,-,Total,orang,,
10410033,Jumlah Dokter Gigi,,[K00397] Dokter;,,Banyaknya lulusan pendidikan kedokteran yang ahli dalam hal penyakit dan pengobatan gigi.,[32010026] Wilayah;,-,Total,orang,,
10410044,Jumlah Izin Edar Produk Obat,,[K00628] Izin Edar; [K01238] Obat;,,Banyaknya persetujuan hasil penilaian yang diterbitkan oleh kepala badan yang berwenang dalam pengawasan obat dan makanan terhadap pelaku usaha untuk mengedarkan produk obat di wilayah Indonesia yang terdaftar dan masih berlaku.,[32010026] Wilayah;,-,Total,dokumen,,
10410043,Jumlah Izin Edar Produk Obat Bahan Alam,,[K00628] Izin Edar; [K01245] Obat Bahan Alam;,,Banyaknya persetujuan hasil penilaian yang diterbitkan oleh kepala badan yang berwenang dalam pengawasan obat dan makanan terhadap pelaku usaha untuk mengedarkan produk obat bahan alam di wilayah Indonesia yang terdaftar dan masih berlaku.,[32010026] Wilayah;,-,Total,dokumen,,
10410045,Jumlah Izin Edar Produk Pangan Olahan,,[K00628] Izin Edar; [K01283] Pangan Olahan;,,Banyaknya persetujuan hasil penilaian yang diterbitkan oleh kepala badan yang berwenang dalam pengawasan obat dan makanan terhadap pelaku usaha untuk mengedarkan produk pangan olahan di wilayah Indonesia yang terdaftar dan masih berlaku.,[32010026] Wilayah;,-,Total,dokumen,,
10410087,Jumlah Izin Edar Produk Suplemen Kesehatan,,[K00628] Izin Edar; [K02087] Suplemen Kesehatan;,,Banyaknya persetujuan hasil penilaian yang diterbitkan oleh kepala badan yang berwenang dalam pengawasan obat,[32010026] Wilayah;,-,Total,dokumen,,
,,,,,dan makanan terhadap pelaku usaha untuk mengedarkan produk suplemen kesehatan di wilayah Indonesia yang terdaftar dan masih berlaku.,,,,,,
10410035,Jumlah Kabupaten/Kota yang Mencapai Eliminasi Filariasis,,"[K00709] Kabupaten; [K00989] Kota;
[K00428] Eliminasi Penyakit;
[K01593] Penyakit Kaki Gajah (Filariasis);",,Banyaknya kabupaten/kota yang telah mencapai pengurangan  kasus penyakit filariasis/kaki gajah menjadi di bawah 1% pada tahun tertentu.,[32010026] Wilayah;,-,Total,kabupaten/ kota,,
10410034,Jumlah Kabupaten/Kota yang Mencapai Eliminasi Kusta,,"[K00709] Kabupaten; [K00989] Kota;
[K00428] Eliminasi Penyakit;
[K01012] Kusta;",,Banyaknya kabupaten/kota yang telah mencapai pengurangan  kasus penyakit kusta (kurang dari satu kasus per 10.000 penduduk) pada tahun tertentu.,[32010026] Wilayah;,-,Total,kabupaten/ kota,,
10410036,Jumlah Kabupaten/Kota yang Mencapai Eliminasi Malaria,,"[K00709] Kabupaten; [K00989] Kota;
[K00428] Eliminasi Penyakit;
[K01133] Malaria;",,Banyaknya kabupaten/kota yang telah mencapai pengurangan  kasus penyakit malaria pada tahun tertentu.,[32010026] Wilayah;,-,Total,kabupaten/ kota,,
10410037,Jumlah Kasus Baru Acquired Immuno Deficiency Syndrome (AIDS),,[K00002] Acquired Immuno Deficiency Syndrome (AIDS);,,"Banyaknya kasus baru acquired immune deficiency syndrome (AIDS) yang ditandai dengan adanya gejala mayor, gejala minor, dan tidak ada sebab-sebab imunosupresi yang diketahui seperti kanker, malnutrisi berat, atau etiologi lainnya.",[32010026] Wilayah;,-,Total,kasus,,
10410195,Jumlah Kematian Balita,,[K00845] Kematian/ Mortalitas;  [K00206] Balita;,,Banyaknya kematian yang terjadi pada penduduk berumur di bawah 5 tahun di suatu wilayah.,"[32010026] Wilayah;
[32020020] Klasifikasi Wilayah;
[33220007] Jenis
Kelamin;",-,Total,kejadian,,
10410196,Jumlah Kematian Ibu,,[K00842] Kematian Ibu/Maternal Mortality;,,"Banyaknya kematian perempuan pada saat hamil atau kematian dalam kurun waktu 42 hari sejak terminasi kehamilan tanpa memandang lamanya kehamilan atau tempat persalinan, yakni kematian yang disebabkan",[32010026] Wilayah;,-,Total,kejadian,,
,,,,,"karena kehamilannya atau pengelolaannya, tetapi bukan karena sebab-sebab lain seperti kecelakaan, terjatuh, dll.",,,,,,
10410197,Jumlah Kematian Penduduk,,"[K00845] Kematian/ Mortalitas;
[K01476] Penduduk;",,Banyaknya kejadian kematian atau keadaan menghilangnya semua tanda- tanda kehidupan seseorang secara permanen di suatu wilayah.,"[32010026] Wilayah;
[32020020] Klasifikasi Wilayah;
[33220007] Jenis
Kelamin;
[10120066] Umur/Usia;",-,Total,kejadian,,
10410198,Jumlah Klinik,,[K01754] Klinik;,,Banyaknya fasilitas pelayanan kesehatan yang  menyelenggarakan pelayanan kesehatan perorangan yang menyediakan pelayanan medis dasar dan/atau spesialistis.,[32010026] Wilayah;,-,Total,unit,,
10410041,Jumlah Klinik Pratama,,[K01754] Klinik;,,Banyaknya fasilitas pelayanan kesehatan yang  menyelenggarakan pelayanan medis dasar.,[32010026] Wilayah;,-,Total,unit,,
10410199,Jumlah Kondisi Membahayakan Manusia yang Dilakukan Operasi Pencarian dan Pertolongan,,"[K00960] Kondisi Membahayakan Manusia;
[K02372] Pencarian dan Pertolongan;",,"Banyaknya peristiwa yang menimpa, membahayakan, dan/atau mengancam keselamatan manusia, selain kecelakaan dan bencana, yang dilakukan kegiatan pencarian, pertolongan, penyelamatan, dan pengevakuasian terhadap korban selama periode tertentu.",[3200026] Wilayah;,-,Total,kejadian,,
10410200,Jumlah Korban Kondisi Membahayakan Manusia yang Dilakukan Operasi Pencarian dan Pertolongan,,"[K00974] Korban; [K00960] Kondisi Membahayakan Manusia;
[K02372] Pencarian dan Pertolongan;",,"Banyaknya orang yang mengalami peristiwa yang menimpa, membahayakan, dan/atau mengancam keselamatan manusia, selain kecelakaan dan bencana, yang dilakukan pencarian dalam upaya menolong dan memberi bantuan.","[3200026] Wilayah;
[1040202] Keadaan Korban Hasil Pencarian dan Pertolongan;",-,Total,orang,,
10410042,Jumlah Kultivasi Narkotika,,[K01208] Narkotika;,,Banyaknya produksi hasil budi daya (kultivasi) tanaman yang mengandung narkotika untuk kepentingan,[32010026] Wilayah;,-,Total,gram,,
,,,,,pengembangan ilmu pengetahuan dan teknologi.,,,,,,
10410047,Jumlah Notifikasi Produk Kosmetik,,[K01237] Notifikasi Kosmetik;,,"Banyaknya persetujuan yang diberikan oleh kepala badan yang berwenang dalam pengawasan obat dan makanan terhadap pemberitahuan dari pelaku usaha untuk mengedarkan kosmetik  di wilayah Indonesia, yang terdaftar dan masih berlaku.",[32010026] Wilayah;,-,Total,notifikasi,,
10410049,Jumlah Pendaftar Pangan Olahan,,"[K01337] Pelaku Usaha;
[K01283] Pangan Olahan;",,Banyaknya perusahaan atau pihak yang diberi kuasa oleh perusahaan untuk melakukan pendaftaran pangan olahan dalam rangka mendapatkan izin edar.,[32010026] Wilayah;,-,Total,pendaftar,,
10410050,Jumlah Pendaftar Produk Obat,,[K01337] Pelaku Usaha; [K01238] Obat;,,Banyaknya industri farmasi atau pedagang besar farmasi yang  telah mendapat izin usaha sesuai ketentuan perundang-undangan yang berlaku.,[32010026] Wilayah;,-,Total,pendaftar,,
10410051,Jumlah Pendaftar Produk Obat Bahan Alam,,"[K01337] Pelaku Usaha;
[K01245] Obat Bahan Alam;",,Banyaknya pelaku usaha yang mengajukan permohonan pengkajian persyaratan mutu obat bahan alam.,[32010026] Wilayah;,-,Total,pendaftar,,
10410052,Jumlah Pendaftar Produk Suplemen Kesehatan,,"[K01337] Pelaku Usaha;
[K02087] Suplemen Kesehatan;",,Banyaknya pelaku usaha yang melakukan pendaftaran produk suplemen kesehatan dalam rangka mendapatkan izin edar.,[32010026] Wilayah;,-,Total,pendaftar,,
10410053,Jumlah Penduduk Berumur 5 Tahun ke Atas yang Mengalami Kesulitan/Gangguan,,[K01476] Penduduk; [K00388] Disabilitas;,,"Banyaknya penduduk  berumur 5 tahun ke atas yang mengalami satu atau lebih kesulitan/gangguan dalam berinteraksi dengan lingkungan, dan menyebabkan keterbatasan dalam melaksanakan tugas atau kegiatan sehari-hari.","[32010026] Wilayah;
[33220007] Jenis
Kelamin;
[32020020] Klasifikasi Wilayah;",-,Total,orang,,
10410054,Jumlah Pos Kesehatan Desa (Poskesdes)/ Pondok Bersalin Desa (Polindes),,"[K01760] Pos
Kesehatan Desa (Poskesdes); [K01756] Pondok",,Banyaknya tempat pelayanan kesehatan dasar (pos kesehatan desa/poskesdes) bagi masyarakat dan pondok tempat pertolongan persalinan,[32010026] Wilayah;,-,Total,unit,,
,,,Bersalin Desa (Polindes);,,dan pemondokan ibu bersalin (polindes).,,,,,,
10410055,Jumlah Posyandu,,[K01766] Posyandu;,,Banyaknya  suatu upaya kesehatan bersumber daya masyarakat  yang bertujuan mempercepat penurunan angka kematian ibu dan bayi.,[32010026] Wilayah;,-,Total,unit,,
10410057,Jumlah Produk Kosmetik,,[K00988] Kosmetik;,,"Banyaknya produk berupa bahan atau sediaan yang dimaksudkan untuk digunakan pada bagian luar tubuh manusia seperti epidermis, rambut, kuku, bibir dan organ genital bagian luar, atau gigi dan membran mukosa mulut terutama untuk membersihkan, mewangikan, mengubah penampilan dan/atau memperbaiki bau badan atau melindungi atau memelihara tubuh pada kondisi baik.",[32010026] Wilayah;,-,Total,produk,,
10410059,Jumlah Produk Obat Bahan Alam,,[K01245] Obat Bahan Alam;,,"Banyaknya produk berupa bahan, ramuan bahan, atau produk yang berasal dari sumber daya alam  yang terdaftar dan memiliki nomor izin edar yang masih berlaku.",[32010026] Wilayah;,-,Total,produk,,
10410058,Jumlah Produk Obat Teregistrasi,,"[K01238] Obat;
[K01861] Registrasi;",,"Banyaknya produk berupa bahan atau paduan bahan, termasuk produk biologi, yang digunakan untuk mempengaruhi atau menyelidiki sistem fisiologi atau keadaan patologi dalam rangka penetapan diagnosis, pencegahan, penyembuhan, pemulihan, peningkatan kesehatan, dan kontrasepsi untuk manusia atau hewan yang sudah didaftarkan dan dinilai memenuhi persyaratan.","[32010026] Wilayah;
[10420018] Golongan Obat;",-,Total,produk,,
10410060,Jumlah Produk Suplemen Kesehatan,,[K02087] Suplemen Kesehatan;,,"Banyaknya produk yang dimaksudkan untuk melengkapi kebutuhan zat gizi, memelihara, meningkatkan dan/atau memperbaiki fungsi kesehatan, mempunyai nilai gizi dan/atau efek","[32010026] Wilayah;
[10420021] Jenis Klaim Produk Suplemen Kesehatan;",-,Total,produk,,
,,,,,"fisiologis, mengandung satu atau lebih bahan berupa vitamin, mineral, asam amino dan/atau bahan lain bukan tumbuhan yang dapat dikombinasi dengan tumbuhan.",,,,,,
10410061,Jumlah Psikolog Klinis,,[K01827] Psikolog Klinis;,,Banyaknya orang yang telah lulus pendidikan psikologi klinis sesuai dengan ketentuan peraturan perundang-undangan.,[32010026] Wilayah;,-,Total,orang,,
10410062,Jumlah Puskesmas,,[K01838] Pusat Kesehatan Masyarakat (Puskesmas);,,Banyaknya fasilitas pelayanan kesehatan yang menyelenggarakan upaya kesehatan masyarakat dan upaya kesehatan  perseorangan tingkat pertama dengan lebih mengutamakan upaya promotif dan preventif di wilayah kerjanya.,[32010026] Wilayah;,-,Total,unit,,
10410066,Jumlah Rumah Sakit,,[K01919] Rumah Sakit;,,"Banyaknya institusi pelayanan kesehatan yang  menyelenggarakan pelayanan kesehatan perorangan secara paripurna yang menyediakan pelayanan rawat inap, rawat jalan, dan gawat darurat.",[32010026] Wilayah;,-,Total,unit,,
10410201,Jumlah Rumah Sakit Bersalin,,[K01920] Rumah Sakit Bersalin (RSB);,,"Banyaknya institusi pelayanan kesehatan yang khusus melayani persalinan dan dilengkapi pelayanan rawat inap, rawat jalan, dan gawat darurat.",[32010026] Wilayah;,-,Total,unit,,
10410067,Jumlah Tenaga Gizi,,[K02156] Tenaga gizi;,,Banyaknya tenaga kesehatan yang telah memenuhi kualifikasi bidang gizi yang terdiri dari nutrisionis dan dietisien sesuai dengan peraturan perundang-undangan yang berlaku.,[32010026] Wilayah;,-,Total,orang,,
10410068,Jumlah Tenaga Kebidanan,,[K00287] Bidan;,,"Banyaknya tenaga kesehatan yang memiliki kewenangan berdasarkan kompetensi untuk melakukan pelayanan kesehatan ibu, pelayanan kesehatan anak, dan pelayanan",[32010026] Wilayah;,-,Total,orang,,
,,,,,kesehatan reproduksi perempuan dan keluarga berencana.,,,,,,
10410069,Jumlah Tenaga Kefarmasian,,[K00152] Apoteker; [K02186] Tenaga Teknis Kefarmasian;,,Banyaknya tenaga kesehatan yang melakukan pekerjaan kefarmasian yang terdiri atas apoteker dan tenaga teknis kefarmasian.,[32010026] Wilayah;,-,Total,orang,,
10410070,Jumlah Tenaga Keperawatan,,[K01634] Perawat;,,Banyaknya tenaga kesehatan yang memiliki kewenangan berdasarkan kompetensi untuk melakukan asuhan keperawatan serta tindakan kolaborasi keperawatan dengan tenaga kesehatan lain sesuai kualifikasinya.,[32010026] Wilayah;,-,Total,orang,,
10410071,Jumlah Tenaga Kesehatan Lingkungan,,[K02174] Tenaga Kesehatan;,,"Banyaknya tenaga kesehatan yang memenuhi kualifikasi bidang kesehatan lingkungan, mencakup tenaga lingkungan, entomolog kesehatan, dan mikrobiolog kesehatan.",[32010026] Wilayah;,-,Total,orang,,
10410072,Jumlah Tenaga Kesehatan Masyarakat,,[K02174] Tenaga Kesehatan;,,"Banyaknya tenaga kesehatan yang telah memenuhi kualifikasi bidang kesehatan masyarakat yang terdiri dari epidemiolog kesehatan, tenaga promosi kesehatan dan ilmu perilaku, pembimbing kesehatan kerja, tenaga administrasi dan kebijakan kesehatan, tenaga biostatistik dan kependudukan, serta tenaga kesehatan reproduksi dan keluarga sesuai dengan peraturan perundang-undangan yang berlaku.",[32010026] Wilayah;,-,Total,orang,,
10410073,Jumlah Tenaga Kesehatan Tradisional,,[K02174] Tenaga Kesehatan;,,Banyaknya tenaga kesehatan yang telah memenuhi kualifikasi bidang kesehatan tradisional yang terdiri atas tenaga kesehatan tradisional  ramuan dan tenaga kesehatan tradisional keterampilan sesuai peraturan perundang-undangan yang berlaku.,[32010026] Wilayah;,-,Total,orang,,
10410074,Jumlah Tenaga Keteknisan Medis,,[K02174] Tenaga Kesehatan;,,"Banyaknya tenaga kesehatan yang memiliki kompetensi keteknisan medis, mencakup perekam medis dan",[32010026] Wilayah;,-,Total,orang,,
,,,,,"informasi kesehatan, teknik kardiovaskuler, teknisi pelayanan darah, refraksionis optisien/optometris, teknisi gigi, penata anestesi, terapis gigi dan mulut, dan audiologis.",,,,,,
10410075,Jumlah Tenaga Keterapian Fisik,,[K02174] Tenaga Kesehatan;,,"Banyaknya tenaga kesehatan yang memiliki kompetensi dalam terapi  fisik, mencakup fisioterapis, okupasi terapis, terapis wicara, dan akupuntur.",[32010026] Wilayah;,-,Total,orang,,
10410076,Jumlah Tenaga Medis,,[K02174] Tenaga Kesehatan;,,"Banyaknya tenaga kesehatan yang berhubungan dengan bidang kedokteran, mencakup dokter, dokter gigi, dokter spesialis, dan dokter gigi spesialis.",[32010026] Wilayah;,-,Total,orang,,
10410077,Jumlah Tenaga Teknik Biomedis,,[K02174] Tenaga Kesehatan;,,"Banyaknya tenaga kesehatan yang telah memenuhi kualifikasi bidang teknik biomedis yang terdiri atas radiografer, elektromedis, ahli teknologi laboratorium medis, fisikawan medis, radioterapis, dan ortotik prostetik.",[32010026] Wilayah;,-,Total,orang,,
10410089,Persentase Anak Berusia 0—5 Bulan yang Mendapatkan Air Susu Ibu (ASI) Eksklusif,,"[K00091] Anak;
[K00160] Air Susu Ibu (ASI);",,"Bagian dari populasi anak berusia 0— 5 bulan yang mendapatkan air susu ibu sejak dilahirkan, tanpa menambahkan dan/atau mengganti dengan makanan atau minuman lain.",[32010026] Wilayah;,-,Persentase,persen,,
10410090,Persentase Anak Berusia 12—23 Bulan yang Mendapatkan Imunisasi Dasar Lengkap,,"[K00091] Anak;
[K00583] Imunisasi Dasar;",,"Bagian dari populasi anak berusia 12—23 bulan yang mendapatkan imunisasi dasar lengkap yang meliputi: satu kali imunisasi BCG untuk pencegahan tuberkulosis; tiga kali imunisasi difteri, pertusis, dan tetanus (DPT); tiga kali imunisasi hepatitis B; empat kali imunisasi polio; dan satu kali imunisasi campak sebelum umur 1 tahun.",[32010026] Wilayah;,-,Persentase,persen,,
10410092,Persentase Anak Usia 24—59 Bulan yang Berkembang dengan Baik,,"[K00091] Anak; [K01709]
Pertumbuhan Anak;",,"Bagian dari seluruh anak usia 24—59 bulan pada periode tertentu yang berkembang dengan baik yaitu apabila tiga dari empat domain perkembangan (kemampuan literasi dan numerasi, fisik, sosial-emosional, dan kemampuan belajar) dinilai baik.","[32010026] Wilayah;
[33220007] Jenis
Kelamin;",-,Persentase,persen,,
10410093,Persentase Balita yang Dipantau Pertumbuhan dan Perkembangannya,,"[K00206] Balita; [K01709]
Pertumbuhan Anak;",,"Bagian dari seluruh balita (anak berusia 0—59 bulan) yang ditimbang sedikitnya 8 kali dalam satu tahun, diukur panjang badan atau tinggi badannya sedikitnya 2 kali dalam satu tahun, dan dipantau perkembangannya (motorik kasar, motorik halus, bicara-bahasa, sosialisasi kemandirian) sedikitnya 2 kali dalam satu tahun.",[32010026] Wilayah;,-,Persentase,persen,,
10410095,Persentase Bayi Baru Lahir yang Mendapatkan Pelayanan Neonatal,,"[K00232] Bayi;
[K01365] Pelayanan Neonatal;",,Bagian dari populasi bayi berumur 0— 28 hari yang mendapatkan pelayanan untuk bayi baru lahir sesuai standar kuantitas dan standar kualitas baik dengan mengunjungi atau dikunjungi oleh tenaga kesehatan.,[32010026] Wilayah;,-,Persentase,persen,,
10410096,Persentase Fasilitas Kesehatan dengan Paket Obat Esensial yang Tersedia dan Terjangkau Secara Berkelanjutan,,[K00443] Fasilitas Pelayanan Kesehatan; [K01238] Obat;,,"Bagian dari fasilitas kesehatan yang memiliki serangkaian obat-obatan terpilih yang paling dibutuhkan untuk pelayanan kesehatan, mencakup upaya diagnosis, profilaksis, terapi, dan rehabilitasi secara berkelanjutan.","[32010026] Wilayah;
[32020020] Klasifikasi Wilayah;",-,Persentase,persen,,
10410097,Persentase Ibu Hamil Kurang Energi Kronis yang Mendapatkan Tambahan Asupan Gizi,,[K00803] Kehamilan; [K01359] Pelayanan Antenatal;,,"Bagian dari populasi ibu hamil dengan risiko kurang energi kronis, yang ditandai dengan ukuran lingkar lengan atas kurang dari 23,5 cm, yang mendapatkan tambahan asupan gizi, baik pabrikan maupun berbasis pangan lokal.",[32010026] Wilayah;,-,Persentase,persen,,
10410098,Persentase Ibu Hamil yang Mendapatkan Pelayanan Antenatal,,[K00803] Kehamilan; [K01359] Pelayanan Antenatal;,,Bagian dari populasi ibu hamil yang mendapatkan pelayanan kesehatan ibu hamil atau pelayanan antenatal.,[32010026]  Wilayah;,-,Persentase,persen,,
10410099,Persentase Ibu Hamil yang Mengonsumsi Tablet Tambah Darah,,[K00803] Kehamilan; [K01359] Pelayanan Antenatal;,,"Bagian dari populasi ibu hamil yang mengonsumsi tablet tambah darah sesuai standar minimal 90 tablet selama masa kehamilan dengan sekurang-kurangnya setiap tablet mengandung zat besi setara dengan 60 mg besi elemental dan 0,4 mg asam folat.",[32010026] Wilayah;,-,Persentase,persen,,
10410100,Persentase Kabupaten/ Kota dengan Ketersediaan Obat Esensial,,[K00709] Kabupaten; [K00989] Kota; [K01238] Obat;,,"Bagian dari populasi kabupaten/kota yang memiliki ketersediaan minimal 85% dari 40 item dari obat-obatan terpilih yang paling dibutuhkan untuk pelayanan kesehatan, mencakup upaya diagnosis, profilaksis, terapi dan rehabilitasi.",[32010026] Wilayah;,-,Persentase,persen,,
10410101,Persentase Kabupaten/ Kota dengan Ketersediaan Vaksin Imunisasi Dasar Lengkap,,"[K00709] Kabupaten; [K00989] Kota;
[K02302] Vaksin; [K00583] Imunisasi Dasar;",,"Bagian dari populasi kabupaten/kota yang memiliki atau menyediakan vaksin imunisasi dasar lengkap yang terdiri dari vaksin hepatitis B, vaksin tuberkulosis (BCG), vaksin difteri, pertusis, dan tetanus (DPT), vaksin polio, dan vaksin campak/campak rubela.",[32010026] Wilayah;,-,Persentase,persen,,
10410155,Persentase Kebutuhan Pelayanan Kesehatan yang Tidak Terpenuhi/ Unmet Need Pelayanan Kesehatan,,"[K02250]  Unmet Need
Pelayanan Kesehatan;",,Bagian dari populasi penduduk yang mengalami keluhan kesehatan dan terganggu aktivitasnya tetapi tidak berobat jalan pada waktu tertentu.,"[32010026] Wilayah;
[32020020] Klasifikasi Wilayah;
[33220007] Jenis
Kelamin;
[10120066] Umur/Usia;
[10320055] Tingkat Pendidikan; [10620071] Status Disabilitas;",-,Persentase,persen,,
10410203,Persentase Keluarga yang Memiliki Anggota Keluarga dengan Keluhan Kesehatan Kronis/Menahun,,[K00829] Keluarga; [K00106] Anggota Keluarga;  [K01594] Penyakit Kronis;,,Bagian dari populasi keluarga yang memiliki satu atau lebih anggota keluarga yang mengalami keluhan kesehatan kronis/menahun.,"[32010026] Wilayah;
[33120021] Status Kesejahteraan;",-,Persentase,persen,,
10410204,Persentase Keluarga yang Memiliki Anggota Keluarga Tengkes/ Stunting,,[K00829] Keluarga; [K00106] Anggota Keluarga;  [K02057] Tengkes/ Stunting;,,Bagian dari populasi keluarga yang memiliki anggota keluarga pendek atau sangat pendek yang disebabkan asupan nutrisi yang tidak memadai dan/atau infeksi berulang/kronis yang terjadi dalam 1.000 hari pertama kehidupan.,"[32010026] Wilayah;
[33120021] Status Kesejahteraan;",-,Persentase,persen,,
10410205,Persentase Keluarga yang Memiliki Balita dengan Kondisi Kurang Gizi,,[K00829] Keluarga; [K00206] Balita; [K00818] Kurang Gizi;,,Bagian dari populasi keluarga yang memiliki anak berumur 5  tahun ke bawah (balita) dengan kondisi kurang gizi.,"[32010026] Wilayah;
[33120021] Status Kesejahteraan;",-,Persentase,persen,,
10410206,Persentase Keluarga yang Memiliki Ibu Hamil,,[K00829] Keluarga; [K00803] Kehamilan;,,Bagian dari populasi keluarga yang memiliki satu atau lebih anggota keluarga perempuan yang sedang hamil.,"[32010026] Wilayah;
[33120021] Status Kesejahteraan;",-,Persentase,persen,,
10410105,Persentase Lansia yang Mendapatkan Skrining Kesehatan Sesuai Standar,,[K01055] Orang Lanjut Usia (Lansia); [K01361] Pelayanan Kesehatan;,,"Bagian dari populasi lansia yang mendapatkan pelayanan skrining kesehatan usia lanjut sesuai standar minimal satu kali dalam kurun waktu satu tahun untuk penyakit menular dan penyakit tidak menular meliputi:
(1) pengukuran tinggi badan, berat badan dan lingkar perut;
(2) pengukuran tekanan darah;
(3) pemeriksaan gula darah;
(4) pemeriksaan gangguan mental;
(5) pemeriksaan gangguan kognitif;
(6) pemeriksaan tingkat kemandirian usia lanjut; dan
(7) anamnesa perilaku berisiko.",[32010026] Wilayah;,-,Persentase,persen,,
10410107,Persentase Obat Bahan Alam Ekspor,,[K01245] Obat Bahan Alam;,,Bagian dari seluruh obat yang diedarkan keluar daerah  pabean yang merupakan obat bahan alam.,[32010026] Wilayah;,-,Persentase,persen,,
10410108,Persentase Obat Bahan Alam Lokal,,[K01245] Obat Bahan Alam;,,Bagian dari seluruh obat yang diproduksi di Indonesia yang merupakan obat bahan alam.,[32010026] Wilayah;,-,Persentase,persen,,
10410106,Persentase Obat Memenuhi Syarat,,"[K01238] Obat;
[K01245] Obat Bahan Alam;
[K00988] Kosmetik; [K02087] Suplemen Kesehatan;",,"Bagian dari obat, bahan obat, narkotika, psikotropika, prekursor, obat bahan alam, suplemen kesehatan, dan kosmetik yang memenuhi syarat, yaitu memiliki nomor izin edar, tidak kedaluwarsa, tidak rusak, memenuhi ketentuan penandaan, dan memenuhi syarat berdasarkan pengujian.",[32010026] Wilayah;,-,Persentase,persen,,
10410207,Persentase Pangan Olahan Memenuhi Syarat,,[K01283] Pangan Olahan;,,"Bagian dari seluruh makanan dan minuman hasil olahan, yang memenuhi syarat   keamanan, mutu, gizi pangan, meliputi memiliki nomor izin edar, tidak kedaluwarsa, tidak rusak, memenuhi ketentuan penandaan, memenuhi syarat berdasarkan pengujian.",[32010026] Wilayah;,-,Persentase,persen,,
10410120,Persentase Penduduk Berumur 15—59 Tahun yang Mendapatkan Skrining Kesehatan Sesuai Standar,,[K01476] Penduduk; [K01361] Pelayanan Kesehatan;,,"Bagian dari populasi penduduk berumur 15—59 tahun yang mendapatkan pelayanan skrining kesehatan usia produktif sesuai standar minimal  satu kali dalam kurun waktu satu tahun untuk penyakit menular dan penyakit tidak menular meliputi: (1) pengukuran tinggi badan, berat badan dan lingkar perut; (2) pengukuran tekanan darah;
(3) pemeriksaan gula darah; dan (4) anamnesa perilaku berisiko.",[32010026] Wilayah;,-,Persentase,persen,,
10410115,Persentase Penduduk Lanjut Usia dengan Keluhan Kesehatan yang Berobat Sendiri,,[K01055] Orang Lanjut Usia (Lansia); [K00835] Keluhan Kesehatan;,,Bagian dari populasi penduduk usia 60 tahun ke atas yang mengalami keluhan kesehatan yang hanya melakukan tindakan pengobatan sendiri (tanpa saran/resep dari tenaga kesehatan/batra) selama mengalami keluhan kesehatan.,[32010026] Wilayah;,-,Persentase,persen,,
10410113,Persentase Penduduk Lanjut Usia dengan Keluhan Kesehatan yang Berobat Sendiri dan Rawat Jalan,,"[K01055] Orang Lanjut Usia (Lansia); [K00835] Keluhan Kesehatan;
[K01851] Rawat Jalan;",,Bagian dari populasi penduduk usia 60 tahun ke atas yang mengalami keluhan kesehatan yang melakukan tindakan pengobatan sendiri (tanpa saran/resep dari tenaga kesehatan/ batra) dan melakukan rawat jalan selama mengalami keluhan kesehatan.,[32010026] Wilayah;,-,Persentase,persen,,
10410116,Persentase Penduduk Lanjut Usia dengan Keluhan Kesehatan yang Rawat Jalan,,"[K01055] Orang Lanjut Usia (Lansia); [K00835] Keluhan Kesehatan;
[K01851] Rawat Jalan;",,Bagian dari populasi penduduk usia 60 tahun ke atas yang mengalami keluhan kesehatan yang hanya melakukan tindakan pengobatan dengan cara rawat jalan selama mengalami keluhan kesehatan.,[32010026] Wilayah;,-,Persentase,persen,,
10410117,Persentase Penduduk Lanjut Usia dengan Keluhan Kesehatan yang Tidak Melakukan Tindakan Pengobatan,,[K01055] Orang Lanjut Usia (Lansia); [K00835] Keluhan Kesehatan;,,Bagian dari populasi penduduk usia 60 tahun ke atas yang mengalami keluhan kesehatan yang tidak melakukan tindakan pengobatan sama sekali selama mengalami keluhan kesehatan.,[32010026] Wilayah;,-,Persentase,persen,,
10410114,Persentase Penduduk Lanjut Usia yang Mengalami Sakit (Morbiditas Lansia),,[K01055] Orang Lanjut Usia (Lansia); [K00894] Kesakitan/ Morbiditas;,,Bagian dari populasi penduduk usia 60 tahun ke atas yang mengalami keluhan kesehatan dan terganggu kegiatan aktivitasnya sehari-hari.,[32010026] Wilayah;,-,Persentase,persen,,
10410121,Persentase Penduduk yang Mempunyai Keluhan Kesehatan,,[K01476] Penduduk; [K00835] Keluhan Kesehatan;,,Bagian dari populasi penduduk yang mempunyai keluhan kesehatan dalam periode waktu tertentu.,[32010026] Wilayah;,-,Persentase,persen,,
10410122,"Persentase Penduduk yang Mempunyai
Keluhan Kesehatan dan Rawat Jalan",,"[K01476] Penduduk; [K00835] Keluhan Kesehatan;
[K01851] Rawat Jalan;",,"Bagian dari populasi penduduk yang mempunyai keluhan kesehatan selama
periode waktu tertentu yang  pernah rawat jalan.",[32010026] Wilayah;,-,Persentase,persen,,
10410123,Persentase Penduduk yang Mempunyai Keluhan Kesehatan dan Tidak Rawat Jalan,,"[K01476] Penduduk; [K00835] Keluhan Kesehatan;
[K01851] Rawat Jalan;",,Bagian dari populasi penduduk yang mempunyai keluhan kesehatan selama periode waktu tertentu yang tidak rawat jalan.,[32010026] Wilayah;,-,Persentase,persen,,
10410119,Persentase Penduduk yang Merokok,,[K01476] Penduduk; [K01173] Merokok;,,Bagian dari populasi penduduk pada kelompok usia tertentu yang merokok.,"[32010026] Wilayah;
[32020020] Klasifikasi Wilayah;",-,Persentase,persen,,
,,,,,,"[33220007] Jenis
Kelamin;",,,,,
10410133,Persentase Pengeluaran Pemerintah untuk Layanan Pokok Kesehatan,,"[K01531] Pengeluaran Pemerintah;
[K01361] Pelayanan Kesehatan;",,Besarnya pengeluaran belanja pemerintah untuk kesehatan yang dialokasikan dari anggaran pendapatan dan belanja begara (APBN).,[32010026] Wilayah;,-,Persentase,persen,,
10410134,Persentase Pengeluaran Pemerintah untuk Layanan Pokok Perlindungan Sosial,,"[K01531] Pengeluaran Pemerintah;
[K01685] Perlindungan Sosial;",,Besarnya pengeluaran belanja pemerintah untuk perlindungan sosial yang dialokasikan dari anggaran pendapatan dan belanja begara (APBN).,[32010026] Wilayah;,-,Persentase,persen,,
10410135,Persentase Pengurangan dan Penghapusan Merkuri dari Baseline,,"[K01580] Pengurangan Merkuri;
[K01569] Penghapusan Merkuri;",,Perbandingan jumlah pengurangan dan penghapusan merkuri tahun berjalan terhadap jumlah  baseline merkuri sebesar 50 ton.,[32010026] Wilayah;,-,Persentase,persen,,
10410146,Persentase Perempuan Berumur 15—49 Tahun dengan Kebutuhan Keluarga Berencana Terpenuhi,,[K01647] Perempuan; [K00830] Keluarga Berencana;,,Bagian dari perempuan berumur 15— 49 tahun berstatus kawin yang tidak ingin memiliki anak lagi (limiting) atau ingin menunda memiliki anak (spacing) menggunakan metode kontrasepsi modern.,"[32010026] Wilayah;
[32020020] Klasifikasi Wilayah;
[10120063] Status Perkawinan; [10320055] Tingkat Pendidikan;
[10120066] Umur/Usia;",-,Persentase,persen,,
10410147,"Persentase Perempuan Berumur 15—49 Tahun yang Membuat Keputusan Sendiri terkait Hubungan Seksual, Penggunaan Kontrasepsi, dan Pelayanan Kesehatan Reproduksi",,[K01647] Perempuan; [K00970] Kontrasepsi; [K01361] Pelayanan Kesehatan;,,"Bagian dari perempuan berumur 15— 49 tahun yang mengambil keputusan sendiri tanpa ada paksaan dari pihak lain terkait hubungan seksual, penggunaan kontrasepsi, dan pelayanan kesehatan reproduksi.","[32010026] Wilayah;
[32020020] Klasifikasi Wilayah;
[10120066] Umur/Usia;
[10320055] Tingkat Pendidikan;",-,Persentase,persen,,
10410109,Persentase Perempuan Berumur 16—30 Tahun yang Melahirkan Bayi dengan Berat Badan Lahir Rendah (BBLR),,"[K01647] Perempuan; [K01824] Melahirkan/ Kelahiran;
[K00233] Bayi dengan",,Bagian dari populasi perempuan berumur 16—30 tahun yang pernah melahirkan bayi dengan berat badan kurang dari 2.500 gram.,[32010026] Wilayah;,-,Persentase,persen,,
,,,Berat Badan Lahir Rendah (BBLR);,,,,,,,,
10410110,Persentase Perempuan Berumur 16—30 Tahun yang Pernah Melahirkan,,[K01647] Perempuan; [K01824] Melahirkan/ Kelahiran;,,Bagian dari populasi perempuan berumur 16—30 tahun pernah kawin yang pernah melahirkan anak dalam keadaan hidup.,[32010026] Wilayah;,-,Persentase,persen,,
10410144,Persentase Perempuan Berumur 20—24 Tahun yang Usia Kawin Pertama atau Usia Hidup Bersama Pertama Sebelum Umur 15 Tahun,,[K01647] Perempuan; [K01692] Pernikahan/ Perkawinan;,,Bagian dari seluruh perempuan berumur 20—24 tahun yang usia saat kawin pertama atau hidup bersama pertama kali sebelum berumur 15 tahun.,"[32010026] Wilayah;
[32020020] Klasifikasi Wilayah;
[10320055] Tingkat Pendidikan; [10620071] Status Disabilitas;",-,Persentase,persen,,
10410145,Persentase Perempuan Berumur 20—24 Tahun yang Usia Kawin Pertama atau Usia Hidup Bersama Pertama Sebelum Umur 18 Tahun,,[K01647] Perempuan; [K01692] Pernikahan/ Perkawinan;,,Bagian dari seluruh perempuan berumur 20—24 tahun yang usia saat kawin pertama atau hidup bersama pertama kali sebelum berumur 18 tahun.,"[32010026] Wilayah;
[10320055] Tingkat Pendidikan; [10620071] Status Disabilitas; [32020020] Klasifikasi Wilayah;",-,Persentase,persen,,
10410136,Persentase Perempuan Pernah Kawin Berumur 15—49 Proses Kelahiran Anaknya Dilakukan di Fasilitas Kesehatan dan Ditolong oleh Tenaga Kesehatan,,"[K01647] Perempuan; [K00443] Fasilitas Pelayanan  Kesehatan; [K01587] Penolong Kelahiran;
[K02174] Tenaga Kesehatan;",,Bagian dari populasi perempuan pernah kawin berumur 15—49 tahun yang dalam proses melahirkan anaknya dalam kondisi hidup ditolong oleh tenaga kesehatan di fasilitas pelayanan kesehatan dalam dua tahun terakhir.,[32010026] Wilayah;,-,Persentase,persen,,
10410142,Persentase Perempuan Pernah Kawin Berumur 15—49 Tahun yang Proses Kelahiran Anaknnya Dilakukan di Fasilitas Kesehatan,,"[K01647] Perempuan; [K01824] Melahirkan/ Kelahiran;
[K00443] Fasilitas Pelayanan Kesehatan;",,Bagian dari populasi perempuan pernah kawin berumur 15—49 tahun yang pernah melahirkan anaknya dalam kondisi hidup di fasilitas kesehatan dalam dua tahun terakhir.,"[32010026] Wilayah;
[32020020] Klasifikasi Wilayah;
[10120066] Umur/Usia;
[10320055] Tingkat Pendidikan; [10620071] Status Disabilitas;",-,Persentase,persen,,
10410141,Persentase Perempuan Pernah Kawin Berumur 15—49 Tahun yang,,[K01647] Perempuan; [K01587] Penolong,,Bagian dari populasi perempuan pernah kawin berumur 15—49 tahun yang dalam proses melahirkan,[32010026] Wilayah;,-,Persentase,persen,,
,Proses Kelahiran Anaknya Ditolong oleh Bidan,,Kelahiran; [K00287] Bidan;,,anaknya dalam kondisi hidup ditolong oleh bidan dalam dua tahun terakhir.,,,,,,
10410137,Persentase Perempuan Pernah Kawin Berumur 15—49 Tahun yang Proses Kelahiran Anaknya Ditolong oleh Dokter,,"[K01647] Perempuan; [K01587] Penolong Kelahiran;
[K00397] Dokter;",,"Bagian dari populasi perempuan pernah kawin berumur 15—49 tahun yang dalam proses melahirkan anaknya dalam kondisi hidup ditolong oleh dokter, baik dokter kandungan maupun dokter umum dalam dua tahun terakhir.",[32010026] Wilayah;,-,Persentase,persen,,
10410138,Persentase Perempuan Pernah Kawin Berumur 15—49 Tahun yang Proses Kelahiran Anaknya Ditolong oleh Dukun,,[K01647] Perempuan; [K01587] Penolong Kelahiran;,,Bagian dari populasi perempuan pernah kawin berumur 15—49 tahun yang dalam proses melahirkan anaknya dalam kondisi hidup ditolong oleh dukun dalam dua tahun terakhir.,[32010026] Wilayah;,-,Persentase,persen,,
10410143,Persentase Perempuan Pernah Kawin Berumur 15—49 Tahun yang Proses Kelahiran Anaknya Ditolong oleh Tenaga Kesehatan Terlatih,,"[K01647] Perempuan; [K01587] Penolong Kelahiran;
[K02177] Tenaga Kesehatan Terlatih;",,Bagian dari populasi perempuan pernah kawin berumur 15—49 tahun yang dalam proses melahirkan anaknya dalam kondisi hidup ditolong oleh tenaga kesehatan terlatih dalam dua tahun terakhir.,"[32010026] Wilayah;
[32020020] Klasifikasi Wilayah;
[10120066] Umur/Usia;
[10320055] Tingkat Pendidikan; [10620071] Status Disabilitas;",-,Persentase,persen,,
10410149,Persentase Puskesmas dengan Jenis Tenaga Kesehatan Sesuai Standar,,"[K01838] Pusat Kesehatan Masyarakat (Puskesmas);
[K02174] Tenaga Kesehatan;",,"Bagian dari populasi puskesmas yang telah terpenuhi/memiliki 9 jenis tenaga kesehatan, mencakup  dokter, dokter gigi, perawat, bidan, tenaga promosi kesehatan dan ilmu perilaku, tenaga sanitasi lingkungan, nutrisionis, tenaga apoteker dan/atau tenaga teknis kefarmasian, serta ahli teknologi aboratorium medik, sesuai standar minimal  satu untuk masing- masing jenis tenaga kesehatan.",[32010026] Wilayah;,-,Persentase,persen,,
10410150,Persentase Puskesmas Tanpa Dokter,,[K01838] Pusat Kesehatan Masyarakat,,"Bagian dari populasi puskesmas yang tidak memiliki tenaga dokter, baik berstatus ASN atau non-ASN, baik",[32010026] Wilayah;,-,Persentase,persen,,
,,,(Puskesmas); [K00397] Dokter;,,ditempatkan oleh pemerintah pusat maupun pemerintah daerah.,,,,,,
10410151,Persentase Siswi SMP Sederajat dan SMA Sederajat yang Mengonsumsi Tablet Tambah Darah,,"[K02026] Siswa;
[K01364] Pelayanan Masa Sebelum Hamil;",,Bagian dari populasi siswi SMP sederajat dan SMA sederajat yang mengonsumsi tablet tambah darah sesuai standar yaitu sebanyak 52 tablet dalam  satu tahun.,[32010026] Wilayah;,-,Persentase,persen,,
10410152,Persentase Target Populasi yang Telah Memperoleh Vaksin Campak,,"[K00091] Anak;
[K02302] Vaksin;",,Bagian dari populasi anak yang telah menerima dua dosis vaksin campak yang sesuai dengan jadwal yang direkomendasikan secara nasional melalui layanan imunisasi rutin pada tahun tertentu.,"[32010026]  Wilayah;
[33220007] Jenis
Kelamin; [10320055] Tingkat Pendidikan;",-,Persentase,persen,,
10410153,Persentase Target Populasi yang Telah Memperoleh Vaksin DPT3,,"[K00091] Anak;
[K02302] Vaksin;",,Bagian dari populasi anak berusia 12—23 bulan yang menerima 3 dosis vaksin DPT pada tahun tertentu.,"[32010026] Wilayah;
[33220007] Jenis
Kelamin;
[32020020] Klasifikasi Wilayah;",-,Persentase,persen,,
10410154,Persentase Target Populasi yang Telah Memperoleh Vaksin Konjugasi Pneumokokus,,"[K00232] Bayi;
[K02302] Vaksin;",,Bagian dari populasi bayi yang menerima vaksin konjugasi pneumokokus yang direkomendasikan secara nasional pada tahun tertentu.,"[32010026] Wilayah;
[33220007] Jenis
Kelamin;",-,Persentase,persen,,
10410158,Prevalensi Anemia pada Ibu Hamil Berumur 15— 49 Tahun,,[K00102] Anemia; [K00803] Kehamilan;,,"Bagian dari seluruh ibu hamil berusia 15—49 tahun yang memiliki kadar hemoglobin dalam darah kurang dari 11,0 g/dl pada pemeriksaaan saat kunjungan pertama (K1).","[32010026] Wilayah;
[32020020] Klasifikasi Wilayah;
[10320055] Tingkat Pendidikan;",-,Persentase,persen,,
10410159,Prevalensi Ketidakcukupan Konsumsi Pangan/ Prevalence of Undernourishment,,"[K00930]
Ketidakcukupan Konsumsi Pangan/ Undernourishment;",,"Bagian dari populasi  penduduk di suatu wilayah yang secara reguler mengonsumsi sejumlah makanan yang tidak cukup menyediakan energi yang dibutuhkan untuk hidup sehat, aktif, dan produktif.","[32010026] Wilayah;
[32020020] Klasifikasi Wilayah;
[10620071] Status Disabilitas; [33220007] Jenis
Kelamin;",-,Persentase,persen,,
10410160,Prevalensi Obesitas pada Penduduk Berumur 18 Tahun ke Atas,,[K01246] Obesitas;,,Bagian dari populasi penduduk umur 18 tahun ke atas dengan hasil,[32010026] Wilayah;,-,Persentase,persen,,
,,,,,pengukuran indeks massa tubuh (IMT) lebih besar dari atau sama dengan 25.,,,,,,
10410163,Prevalensi Tekanan Darah Tinggi,,[K00521] Hipertensi;,,Bagian dari populasi penduduk umur 18 tahun ke atas dengan hasil pengukuran tekanan darah sistolik lebih besar dari 140 mmHg dan/atau tekanan darah diastolik lebih besar dari 90 mmHg.,"[32010026] Wilayah;
[33220007] Jenis
Kelamin;
[32020020] Klasifikasi Wilayah;",-,Persentase,persen,,
10410162,"Prevalensi Tengkes/
Stunting pada Balita",,[K02057] Tengkes/ Stunting;,,Bagian dari populasi anak berusia di bawah lima tahun yang bertubuh pendek dan sangat pendek ditandai dengan panjang atau tinggi badannya berada di bawah standar.,"[32010026] Wilayah;
[32020020] Klasifikasi Wilayah;
[33220007] Jenis
Kelamin;",-,Persentase,persen,,
10410164,Prevalensi Wasting pada Balita,,[K02320]  Wasting; [K00206] Balita;,,Bagian dari populasi anak balita yang menderita gizi kurang dan gizi buruk.,"[32010026] Wilayah;
[33220007] Jenis
Kelamin;",-,Persentase,persen,,
10410165,Rata-rata Konsumsi Alkohol Penduduk Berumur 15 Tahun ke Atas per Kapita,,"[K00089] Minuman Keras;
[K01476] Penduduk;",,Rata-rata volume minuman keras/beralkohol yang dikonsumsi setiap penduduk berumur 15 tahun ke atas dalam setahun terakhir.,"[32010026] Wilayah;
[33220007] Jenis
Kelamin;
[32020020] Klasifikasi Wilayah;
[10620071] Status Disabilitas;",-,Rasio,liter per kapita,,
10410208,Rata-rata Response Time Operasi Pencarian dan Pertolongan pada Kondisi Membahayakan Manusia,,[K02372] Pencarian dan Pertolongan; [K00960] Kondisi Membahayakan Manusia;,,"Rata-rata jangka waktu yang dihitung sejak informasi/laporan terkait dengan keadaan yang berpotensi menimbulkan kondisi membahayakan manusia, selain kecelakaan dan bencana, diterima sampai dengan unit pencarian dan pertolongan siap diberangkatkan.",[3200026] Wilayah;,-,Rata-rata,menit,,
10410167,Skor Pola Pangan Harapan (PPH),,[K01753] Pola Pangan Harapan (PPH);,,Angka yang menggambarkan jumlah dan komposisi atau ketersediaan pangan yang diperoleh dari perkalian persentase angka kecukupan energi setiap golongan bahan pangan dengan bobotnya.,[32010026] Wilayah;,-,Indeks,-,,
10410210,Tingkat Insiden Hepatitis B,,[K00515] Hepatitis;,,Banyaknya kasus baru terinfeksinya seseorang oleh virus hepatitis B untuk setiap 100.000  penduduk.,[32010026] Wilayah;,-,Tingkat,kasus perseratus ribu penduduk,,
10410172,Tingkat Insiden Malaria,,[K01133] Malaria;,,Angka yang menunjukkan endemisitas/tingkat penularan malaria yang digambarkan dengan kejadian malaria pada tiap 1.000  penduduk berisiko dalam satu tahun.,"[32010026] Wilayah;
[33220007] Jenis
Kelamin;",-,Tingkat,kejadian perseribu orang,,
10410170,Tingkat Insiden Tuberkulosis (TB),,[K02230] Tuberkulosis (TB);,,"Banyaknya kasus seseorang yang didiagnosis menderita  tuberkulosis, baik kasus baru maupun kambuh pada suatu periode tertentu per
100.000 penduduk.","[32010026] Wilayah;
[33220007] Jenis
Kelamin;",-,Tingkat,kasus perseratus ribu penduduk,,
10410173,Tingkat Ketersediaan Tenaga Kesehatan,,[K02174] Tenaga Kesehatan;,,Angka yang menunjukkan ketersediaan tenaga kesehatan dalam memberikan pelayanan kesehatan untuk setiap 100.000 penduduk.,"[32010026] Wilayah;
[33220007] Jenis
Kelamin;
[32020020] Klasifikasi Wilayah;
[10420023] Jenis
Tenaga Kesehatan;",-,Tingkat,orang perseratus ribu penduduk,,
10410185,Tingkat Penemuan Kasus Baru Kusta,,[K01012] Kusta;,,Banyaknya kasus kusta baru yang ditemukan pada periode tertentu pada setiap 100.000 penduduk.,[32010026] Wilayah;,-,Tingkat,kasus perseratus ribu penduduk,,
10410187,Umur Harapan Hidup saat Lahir (UHH),,[K02240] Umur/Usia;,,Rata-rata perkiraan banyak tahun yang dapat ditempuh oleh seseorang sejak lahir.,"[32010026] Wilayah;
[33220007] Jenis
Kelamin;",-,Rata-rata,tahun,,
10510014,Jumlah Penduduk yang Mengalami Ketidakcukupan Pangan,,"[K00930]
Ketidakcukupan Konsumsi Pangan/ Undernourishment;",,"Banyaknya penduduk yang secara reguler mengonsumsi sejumlah makanan yang tidak cukup menyediakan energi untuk hidup normal, aktif, dan   sehat berdasarkan standar energi minimum yang dibutuhkan sesuai umur, jenis kelamin dan tinggi badan.",[32010026] Wilayah;,-,Total,orang,,
10510015,"Persentase Anak Berumur 0—17 Tahun yang Konsumsi Kalorinya Kurang dari
1.400 Kilokalori",,"[K00091] Anak;
[K00711] Kalori;",,"Bagian dari populasi anak berumur 0—17 tahun,yang konsumsi kalori totalnya kurang dari 1400 kilokalori.",[32010026] Wilayah;,-,Persentase,persen,,
10510011,Persentase Penduduk yang Hidup di Bawah 50 Persen dari Median Pendapatan,,[K01476] Penduduk; [K01450] Pendapatan;,,Bagian dari populasi penduduk yang memiliki tingkat pendapatan (dengan proksi tingkat pengeluaran) di bawah 50 persen dari nilai median pengeluaran.,"[32010026] Wilayah;
[10620071] Status Disabilitas; [32020020] Klasifikasi Wilayah;
[33220007] Jenis
Kelamin;",-,Persentase,persen,,
10510016,Prevalensi Penduduk dengan Kerawanan Pangan Sedang atau Berat,,[K01476] Penduduk; [K00881] Kerawanan Pangan;,,"Bagian dari populasi penduduk yang memiliki pengalaman atau mengalami tingkat kerawanan pangan sedang atau parah berdasarkan skala kerawanan pengalaman kerawanan pangan/food insecurity experience scale (FIES), setidaknya sekali dalam 12 bulan terakhir.","[32010026] Wilayah;
[32020020] Klasifikasi Wilayah;
[33220007] Jenis
Kelamin; [10620071] Status Disabilitas;",-,Persentase,persen,,
10510017,Rata-rata Pendapatan Rumah Tangga,,[K01461] Pendapatan Rumah Tangga;,,"Nilai uang yang biasanya diterima dan dapat dibelanjakan oleh kepala rumah tangga beserta anggota rumah tangganya selama periode tertentu, tidak termasuk   pendapatan yang dikeluarkan untuk pajak.",[32010026] Wilayah;,-,Rata-rata,rupiah,,
10510012,Rata-rata Pengeluaran per Kapita Sebulan,,[K01536] Pengeluaran;,,"Rata-rata biaya yang dikeluarkan untuk konsumsi setiap anggota rumah tangga selama sebulan baik yang berasal dari pembelian, pemberian maupun produksi sendiri.","[32010026] Wilayah;
[32020020] Klasifikasi Wilayah;",-,Rasio,rupiah per kapita,,
10510013,Rata-rata Pengeluaran Riil per Kapita Setahun yang Disesuaikan,,[K01536] Pengeluaran;,,Rata-rata biaya yang dikeluarkan untuk konsumsi setiap anggota rumah tangga selama sebulan yang telah disesuaikan dengan paritas daya beli yang mengacu pada kota rujukan dan tahun rujukan tertentu.,"[32010026] Wilayah;
[33220007] Jenis
Kelamin;",-,Rasio,ribu rupiah per kapita,,
10610022,Jumlah Peserta Program Jaminan Sosial Bidang Ketenagakerjaan,,[K01306] Pekerja; [K00677] Jaminan Sosial;,,Banyaknya orang termasuk orang asing yang bekerja paling singkat enam bulan di Indonesia yang telah membayar iuran program jaminan sosial bidang ketenagakerjaan.,"[32010026] Wilayah;
[33220007] Jenis
Kelamin; [23020050] Sumber Penanaman Modal; [23020047] Skala
Perusahaan;",-,Total,orang,,
10610110,Jumlah Tenaga Kerja Peserta Jaminan Sosial Ketenagakerjaan,,[K02159] Tenaga Kerja; [K00677] Jaminan Sosial;,,Banyaknya orang yang bekerja paling singkat enam bulan di Indonesia dan yang telah membayar iuran jaminan sosial ketenagakerjaan yang dikelola oleh lembaga pemerintah.,"[32010026] Wilayah;
[33220007] Jenis
Kelamin;",-,Total,orang,,
10610028,Persentase Anak Berumur 0—17 Tahun yang Tidak Tinggal Bersama Orang Tua,,"[K00091]  Anak;
[K02148] Tempat Tinggal;",,"Bagian dari populasi anak berumur 0—17 tahun yang tidak tinggal bersama ayah dan/atau ibu kandung, atau ayah dan/atau ibu tiri, atau ayah dan/atau ibu angkat.",[32010026] Wilayah;,-,Persentase,persen,,
10610029,Persentase Balita yang Ditinggalkan Sendirian atau dalam Pengasuhan Anak Lain yang Berumur 10 Tahun ke Bawah,,[K00206] Balita; [K00312] Pelaku Rawat/Caregiver;,,Bagian dari populasi anak berumur 0—59 bulan (balita) yang ditinggalkan sendiri di rumah tanpa  pengawasan atau pengasuhan orang lain selama ibu/walinya melakukan kegiatan dengan meninggalkan rumah atau dalam pengasuhan anak lain yang berusia kurang dari 10 tahun selama lebih dari satu jam setidaknya sekali dalam seminggu terakhir.,[32010026] Wilayah;,-,Persentase,persen,,
10610031,Persentase Cakupan Jaminan Kesehatan Nasional (JKN),,[K00677] Jaminan Sosial;,,Bagian dari populasi penduduk yang mendapatkan perlindungan kesejahteraan.,"[32010026] Wilayah;
[33220007] Jenis
Kelamin;",-,Persentase,persen,,
10610038,Persentase Keluarga Penerima Subsidi Elpiji,,"[K00829] Keluarga; [K02064] Subsidi; [K00471] Gas
Petroleum Cair/ Liquefied Petroleum Gas (LPG);",,Bagian dari populasi keluarga yang menerima proram subsidi elpiji 3 kilogram.,"[32010026] Wilayah;
[33120021] Status Kesejahteraan;",-,Persentase,persen,,
10610037,Persentase Keluarga Penerima Subsidi Listrik,,[K00829] Keluarga; [K02064] Subsidi; [K01111] Listrik;,,Bagian dari populasi keluarga yang menerima program subsidi listrik.,"[32010026]  Wilayah;
[33120021] Status Kesejahteraan;",-,Persentase,persen,,
10610042,Persentase Keluarga yang Anggota Keluarganya Menerima Subsidi Pupuk,,[K00829] Keluarga; [K00106] Anggota Keluarga;  [K02064] Subsidi; [K01833] Pupuk;,,Bagian dari populasi  keluarga yang minimal salah satu anggota keluarganya merupakan penerima subsidi pupuk.,"[32010026] Wilayah;
[33120021] Status Kesejahteraan;",-,Persentase,persen,,
10610048,Persentase Keluarga yang Memiliki Anggota Keluarga Penyandang Disabilitas yang Masih Bersekolah di Perguruan Tinggi,,"[K00829] Keluarga; [K00106] Anggota Keluarga;
[K01289] Partisipasi Sekolah;
[K01651] Perguruan Tinggi;
[K01596] Penyandang Disabilitas;",,"Bagian dari populasi keluarga yang memiliki anggota keluarga yang mengalami keterbatasan fisik, intelektual, mental, dan/atau sensorik dalam jangka waktu lama dan masih bersekolah di perguruan tinggi.","[32010026] Wilayah;
[33120021] Status Kesejahteraan;",-,Persentase,persen,,
10610052,Persentase Keluarga yang Memiliki Penyandang  Disabilitas Berat,,[K00829] Keluarga; [K01596] Penyandang Disabilitas;,,"Bagian dari populasi keluarga yang terdapat minimal satu anggota keluarga (tercatat dalam Kartu Keluarga yang sama dan berada dalam keluarga) yang merupakan penyandang disabilitas berat hingga tidak dapat melakukan kegiatan sehari-hari dan/atau sepanjang hidupnya bergantung pada orang lain, serta tidak mampu menghidupi diri sendiri.","[32010026] Wilayah;
[33120021] Status Kesejahteraan;",-,Persentase,persen,,
10610063,Persentase Penduduk yang Memiliki Jaminan Sosial Kesehatan,,[K01476] Penduduk; [K00677] Jaminan Sosial;,,Bagian dari seluruh populasi penduduk yang memiliki jaminan sosial di bidang kesehatan.,"[32010026] Wilayah;
[33220007] Jenis
Kelamin;
[10120066] Umur/Usia;
[32020020] Klasifikasi Wilayah;",-,Persentase,persen,,
10610067,Persentase Peserta Program Jaminan Sosial Bidang Ketenagakerjaan,,[K01306] Pekerja; [K00677] Jaminan Sosial;,,Bagian dari seluruh pekerja yang memiliki jaminan sosial bidang ketenagakerjaan pada periode waktu tertentu.,"[32010026] Wilayah;
[33220007] Jenis
Kelamin;",-,Persentase,persen,,
10610068,Persentase Rencana Anggaran untuk Belanja Fungsi Perlindungan Sosial Pemerintah Pusat,,[K00103] Anggaran; [K01685] Perlindungan Sosial;,,Bagian dari total belanja pemerintah pusat yang direncanakan untuk belanja fungsi perlindungan sosial pemerintah pusat.,[32010026] Wilayah;,-,Persentase,persen,,
10610111,Persentase Subsidi Bahan Bakar Fosil terhadap Produk Domestik Bruto (PDB),,"[K02064] Subsidi; [K00186] Bahan Bakar;
[K01775] Produk Domestik Bruto (PDB);",,Bagian dari produk domestik bruto (PDB) yang merupakan subsidi bahan bakar fosil dalam kurun waktu tertentu.,[32010026] Wilayah;,-,Persentase,persen,,
10710068,Daya Listrik Terpasang,,[K01111] Listrik;,,Besarnya energi listrik maksimum yang dapat dialirkan melalui suatu sistem atau perangkat yang terpasang yang menjadi dasar penghitungan biaya beban.,[32010026] Wilayah;,-,Daya,watt,,
10710042,Distribusi Persentase Rumah Tangga,,[K01925] Rumah Tangga;,,Persebaran bagian dari populasi rumah tangga yang disajikan dalam pengelompokan tertentu.,"[24220046] Jenis Bahan Bakar/Energi Utama untuk Memasak; [10720083] Status Penguasaan Tempat Tinggal;
[10720003] Jenis
Sumber Air Minum; [24220047] Jenis
Sumber Listrik untuk Penerangan; [10720023] Jenis
Tempat Buang Air Besar;",-,Persentase,persen,,
10710007,Jumlah Instalasi Penerangan Jalan,,[K00609] Penerangan Jalan;,,Banyaknya perangkat peralatan teknik beserta perlengkapannya yang dipasang untuk menerangi lalu lintas jalan.,[32010026] Wilayah;,-,Total,unit,,
10710008,Jumlah Keluarga dengan Akses Air Minum Layak,,[K00829] Keluarga; [K00025] Air Minum;,,"Banyaknya keluarga yang memiliki akses untuk mendapatkan air minum yang memenuhi standar kesehatan dari aspek kuantitas, kualitas, kontinuitas, dan keterjangkauan, dan berasal dari sumber yang terlindung",[32010026] Wilayah;,-,Total,keluarga,,
,,,,,"seperti leding, sumur bor/pompa, sumur terlindung, mata air terlindung, air hujan.",,,,,,
10710009,Jumlah Keluarga dengan Fasilitas Sanitasi Layak,,[K00829] Keluarga; [K01953] Sanitasi;,,"Banyaknya keluarga yang memiliki fasilitas sanitasi yang memenuhi  syarat kesehatan, antara lain kloset leher angsa, tempat pembuangan akhir tinjanya menggunakan tangki septik (septic tank) atau sistem pengolahan air limbah (SPAL), yang digunakan  oleh keluarga sendiri atau bersama dengan keluarga lain tertentu.","[32010026] Wilayah;
[32020020] Klasifikasi Wilayah;",-,Total,keluarga,,
10710010,Jumlah Keluarga yang Tercakup Layanan Instalasi Pengolahan Air Limbah (IPAL),,[K00829] Keluarga; [K00611] Instalasi Pengolahan Air Limbah (IPAL);,,Banyaknya keluarga yang bisa mendapatkan layanan pembuangan limbah biologis dan kimiawi dari air sehingga memenuhi baku mutu air limbah yang dapat digunakan pada aktivitas lain.,[32010026] Wilayah;,-,Total,keluarga,,
10710011,Jumlah Keluarga yang Tercakup Layanan Instalasi Pengolahan Lumpur Tinja (IPLT),,[K00829] Keluarga; [K00612] Instalasi Pengolahan Lumpur Tinja (IPLT);,,Banyaknya keluarga yang bisa mendapatkan layanan pengolahan air limbah yang dirancang hanya menerima dan mengolah lumpur tinja yang berasal dari subsistem pengolahan setempat.,[32010026] Wilayah;,-,Total,keluarga,,
10710012,Jumlah Keluarga yang Tercakup Layanan Tempat Pemrosesan Akhir (TPA),,[K00829] Keluarga; [K02145] Tempat Pemrosesan Akhir (TPA);,,Banyaknya keluarga yang bisa mendapatkan layanan untuk memproses dan mengembalikan sampah ke media lingkungan.,[32010026] Wilayah;,-,Total,keluarga,,
10710014,Jumlah Penduduk dengan Akses pada Layanan Air Minum,,[K01476] Penduduk; [K00025] Air Minum;,,"Banyaknya penduduk yang bisa mendapatkan air minum yang bersumber dari perusahaan air minum (PAM); mata air, sumur bor, sumur galian yang terlindung yang berjarak lebih dari sepuluh meter dari tempat pembuangan limbah dan tangki septik; penampungan air hujan; dan air kemasan yang dialirkan dengan pipa.","[32010026] Wilayah;
[32020020] Klasifikasi Wilayah;
[33220007] Jenis
Kelamin;",-,Total,orang,,
10710015,Jumlah Penduduk dengan Akses pada Layanan Sanitasi Dasar,,[K01476] Penduduk; [K01953] Sanitasi;,,Banyaknya penduduk yang bisa memakai sarana jamban leher angsa dengan pembuangan limbah tangki septik yang hanya digunakan oleh rumah tangga sendiri.,"[32010026] Wilayah;
[32020020] Klasifikasi Wilayah;
[33220007] Jenis
Kelamin;",-,Total,orang,,
10710013,Jumlah Penduduk dengan Akses terhadap Fasilitas Cuci Tangan,,[K01476] Penduduk; [K01953] Sanitasi;,,Banyaknya penduduk yang bisa mendapatkan sarana untuk cuci tangan dengan sabun dan air mengalir.,[32010026] Wilayah;,-,Total,orang,,
10710016,Jumlah Pengembangan Kawasan Permukiman,,[K00759] Kawasan Permukiman;,,Banyaknya kawasan yang mendapatkan program pengembangan kawasan permukiman.,[32010026] Wilayah;,-,Total,kawasan,,
10710018,Jumlah Rumah Susun,,[K01923] Rumah Susun;,,"Banyaknya bangunan gedung bertingkat yang dibangun dalam suatu lingkungan yang terbagi dalam  bagian- bagian yang distrukturkan secara fungsional, baik dalam arah horizontal maupun vertikal, dan di dalamnya terdapat satuan tempat tinggal yang masing-masing dapat dimiliki, serta dilengkapi dengan bagian bersama, benda bersama, dan tanah bersama.",[32010026] Wilayah;,-,Total,unit,,
10710019,Jumlah Rumah Tangga,,[K01925] Rumah Tangga;,,Banyaknya kelompok orang yang tinggal bersama dalam satu pengelolaan makan/minum dan pemenuhan kebutuhan sehari-hari.,"[32010026] Wilayah;
[32020020] Klasifikasi Wilayah;
[10720072] Jenis Lantai Terluas;
[10720070] Jenis
Dinding Terluas; [10720069] Jenis Atap Terluas;",-,Total,rumah tangga,,
10710020,Jumlah Sambungan Jaringan Gas untuk Rumah Tangga,,"[K01941] Saluran; [K00471] Gas
Petroleum Cair/ Liquefied  Petroleum Gas (LPG);",,Banyaknya sambungan jaringan pipa transmisi gas bumi untuk menyalurkan gas bumi dari sumbernya hingga ke lokasi rumah tangga.,[32010026] Wilayah;,-,Total,sambungan,,
10710021,Jumlah Satuan Rumah Susun,,[K02148] Tempat Tinggal;,,Banyaknya unit dalam bangunan rumah susun yang tujuan utamanya,[32010026] Wilayah;,-,Total,unit,,
,,,[K01923] Rumah Susun;,,"digunakan secara terpisah, berfungsi sebagai tempat hunian, dan mempunyai sarana penghubung ke jalan umum.",,,,,,
10710074,Luas Lantai Bangunan Tempat Tinggal,,[K01056] Lantai;,,"Luas alas suatu ruangan atau bangunan yang digunakan sebagai tempat tinggal dan untuk keperluan sehari-hari, dan dihitung maksimal sebatas yang terlindung atap rumah.",[32010026] Wilayah;,-,Luas,meter persegi,,
10710022,Luas Tanah Bangunan Tempat Tinggal,,"[K00289] Bidang Tanah;
[K00215] Bangunan Tempat Tinggal;",,Luas bidang tanah dengan batas jelas yang terdapat bangunan rumah atau tempat menetap beserta pekarangannya (jika ada).,[32010026] Wilayah;,-,Luas,meter persegi,,
10710024,Persentase Anak Berusia 0—17 Tahun yang Memiliki Akses  Terhadap Layanan Sanitasi Layak,,"[K00091] Anak;
[K01953] Sanitasi;",,Bagian dari populasi anak berusia 0— 17 tahun yang dapat memperoleh layanan sanitasi yang memenuhi syarat kesehatan.,[32010026] Wilayah;,-,Persentase,persen,,
10710025,Persentase Anak Berusia 0—17 Tahun yang Memiliki Akses  Terhadap Layanan Sumber Air Minum Layak,,"[K00091] Anak;
[K00025] Air Minum;",,Bagian dari populasi anak berusia 0— 17 tahun yang dapat memperoleh layanan sumber air minum yang memenuhi syarat kesehatan.,[32010026] Wilayah;,-,Persentase,persen,,
10710075,Persentase Keluarga yang Tinggal di Rumah Kontrak/Sewa,,"[K00829] Keluarga; [K02148] Tempat Tinggal;
[K02012] Sewa;",,Bagian dari populasi keluarga yang tinggal di rumah dengan status kontrak/sewa.,"[32010026] Wilayah;
[33120021] Status Kesejahteraan;",-,Persentase,persen,,
10710076,Persentase Keluarga yang Tinggal di Rumah Tidak Layak Huni,,"[K00829] Keluarga; [K02148] Tempat Tinggal;
[K01915] Rumah Layak Huni;",,"Bagian dari total keluarga yang tinggal di rumah yang tidak memenuhi persyaratan keselamatan bangunan, kecukupan minimum luas bangunan, dan kesehatan penghuninya.","[32010026] Wilayah;
[33120021] Status Kesejahteraan;",-,Persentase,persen,,
10710032,Persentase Rumah Tangga dengan Akses pada Layanan Sanitasi Dasar atau Layak,,"[K01925] Rumah Tangga;
[K01953] Sanitasi;",,Bagian dari populasi rumah tangga yang bisa mendapatkan fasilitas sanitasi dasar yang layak (yang tidak,"[32010026] Wilayah;
[32020020] Klasifikasi Wilayah;",-,Persentase,persen,,
,,,,,digunakan bersama dengan rumah tangga lain).,"[33220007] Jenis
Kelamin;",,,,,
10710031,Persentase Rumah Tangga dengan Akses terhadap Fasilitas Cuci Tangan,,"[K01925] Rumah Tangga;
[K01953] Sanitasi;",,Bagian dari populasi rumah tangga yang bisa mendapatkan fasilitas cuci tangan dengan sabun dan air mengalir.,[32010026] Wilayah;,-,Persentase,persen,,
10710077,Persentase Rumah Tangga yang Masih Mempraktikkan Buang Air Besar Sembarangan (BABS) di Tempat Terbuka,,[K02347] Buang Air Besar;,,Bagian dari populasi rumah tangga yang masih melakukan praktik membuang kotoran/berak di tempat terbuka karena tidak memiliki fasilitas sanitasi atau memiliki fasilitas sanitasi tetapi tidak menggunakannya.,"[32010026] Wilayah;
[32020020] Klasifikasi Wilayah;
[33220007] Jenis
Kelamin;",-,Persentase,persen,,
10710062,Persentase Rumah Tangga yang Memiliki Fasilitas Tempat Buang Air Besar Namun Tidak Menggunakan,,[K01925] Rumah Tangga; [K00453] Tempat Buang Air Besar;,,Bagian dari populasi rumah tangga yang memiliki fasilitas tempat buang air besar namun tidak digunakan.,[32010026] Wilayah;,-,Persentase,persen,,
10710078,Persentase Rumah Tangga yang Menempati Rumah dengan Atap Memenuhi Syarat Ketahanan Bangunan,,"[K01925] Rumah Tangga; [K00171] Atap;
[K02365] Ketahanan Bangunan;",,Bagian dari seluruh rumah tangga yang menempati rumah dengan bahan utama atap terluas memenuhi syarat ketahanan bangunan.,"[32010026] Wilayah;
[32020020] Klasifikasi Wilayah;",-,Persentase,persen,,
10710079,Persentase Rumah Tangga yang Menempati Rumah dengan Dinding Memenuhi Syarat Ketahanan Bangunan,,"[K01925] Rumah Tangga;
[K00385] Dinding; [K02365] Ketahanan Bangunan;",,Bagian dari seluruh rumah tangga yang menempati rumah dengan bahan utama dinding terluas memiliki daya tahan berdiri dan aman untuk jangka waktu lama.,"[32010026] Wilayah;
[32020020] Klasifikasi Wilayah;",-,Persentase,persen,,
10710080,Persentase Rumah Tangga yang Menempati Rumah dengan Lantai Memenuhi Syarat Ketahanan Bangunan,,"[K01925] Rumah Tangga; [K01056] Lantai;
[K02365] Ketahanan Bangunan;",,Bagian dari seluruh rumah tangga yang menempati rumah  dengan bahan utama lantai terluas memiliki daya tahan dan aman untuk jangka waktu lama.,"[32010026] Wilayah;
[32020020] Klasifikasi Wilayah;",-,Persentase,persen,,
10710081,Persentase Rumah Tangga yang Menempati Rumah yang Memenuhi Syarat Ketahanan Bangunan,,[K01915] Rumah Layak Huni; [K02365] Ketahanan Bangunan;,,"Bagian dari seluruh rumah tangga yang menempati rumah dengan bahan bangunan atap, dinding, dan lantai terluasnya memiliki daya tahan","[32010026] Wilayah;
[32020020] Klasifikasi Wilayah;",-,Persentase,persen,,
,,,,,sehingga kuat dan aman untuk jangka waktu lama.,,,,,,
10710030,Persentase Rumah Tangga yang Menggunakan Gas,,"[K01925] Rumah Tangga; [K00471] Gas
Petroleum Cair/ Liquefied Petroleum Gas (LPG);",,Bagian dari populasi rumah tangga yang menggunakan gas LPG dan/atau gas yang disalurkan melalui jaringan gas kota.,[32010026] Wilayah;,-,Persentase,persen,,
10710063,Persentase Rumah Tangga yang Menggunakan Layanan Air Minum yang Dikelola Secara Aman,,"[K01925] Rumah Tangga;
[K00025] Air Minum;",,"Bagian dari populasi  rumah tangga yang menggunakan sumber air minum yang memenuhi syarat kesehatan atau layak, dengan lokasi berada di dalam atau di halaman rumah, tersedia setiap diperlukan, dan air memenuhi syarat kualitas air minum.","[32010026] Wilayah;
[32020020] Klasifikasi Wilayah;
[33220007] Jenis
Kelamin;",-,Persentase,persen,,
10710064,Persentase Rumah Tangga yang Tidak Memiliki Fasilitas Tempat Buang Air Besar,,[K01925] Rumah Tangga; [K00453] Tempat Buang Air Besar;,,Bagian dari populasi rumah tangga yang tidak memiliki fasilitas tempat buang air besar.,[32010026] Wilayah;,-,Persentase,persen,,
10710065,Persentase Sekolah dengan Akses terhadap Air Minum Layak,,[K01976] Sekolah; [K00025] Air Minum;,,"Bagian dari populasi sekolah yang bisa mendapatkan akses terhadap air minum yang memenuhi standar kesehatan dari aspek kuantitas, kualitas, kontinuitas, dan keterjangkauan, dan berasal dari sumber yang terlindung seperti leding, sumur bor/pompa, sumur terlindung, mata air terlindung, air hujan.",[32010026] Wilayah;,-,Persentase,persen,,
10710066,Persentase Sekolah dengan Akses terhadap Fasilitas Cuci Tangan,,[K01976] Sekolah; [K01953] Sanitasi;,,Bagian dari populasi sekolah yang bisa mendapatkan fasilitas penyehatan dasar berupa fasilitas cuci tangan dengan sabun dan air mengalir.,[32010026] Wilayah;,-,Persentase,persen,,
10710067,Persentase Sekolah dengan Akses terhadap Fasilitas Sanitasi Dasar,,[K01976] Sekolah; [K01953] Sanitasi;,,Bagian dari populasi sekolah yang bisa mendapatkan fasilitas sanitasi dasar yang layak.,[32010026] Wilayah;,-,Persentase,persen,,
10810058,Indeks Pencegahan Korupsi Daerah,,[K00985] Korupsi;,,Angka yang menggambarkan capaian atas upaya pencegahan korupsi yang,[32010026] Wilayah;,-,Indeks,-,,
,,,,,"dilakukan oleh pemerintah daerah pada periode tahun tertentu, yang mencakup 8 area, yaitu perencanaan dan penganggaran, pengadaan barang dan jasa, perizinan, pengawasan oleh aparat pengawasan internal pemerintah (APIP), manajemen aparatur sipil negara (ASN), pengelolaan barang milik daerah (BMD), optimalisasi pajak daerah, dan tata kelola desa.",,,,,,
10810059,Indeks Perilaku Anti Korupsi (IPAK),,[K00985] Korupsi;,,Angka yang menggambarkan tingkat pemahaman serta pengalaman masyarakat yang terkait prinsip antikorupsi.,"[32010026] Wilayah;
[32020020] Klasifikasi Wilayah;
[33220007] Jenis
Kelamin;",-,Indeks,-,,
10810060,Indeks Risiko Terorisme Dimensi Suplai Pelaku,,[K02200] Terorisme;,,"Angka yang menggambarkan seberapa besar risiko suatu daerah menjadi penyuplai pelaku teror, sehingga ancaman suatu daerah dari terorisme dapat dimitigasi dengan baik.",[32010026] Wilayah;,-,Indeks,-,,
10810061,Indeks Risiko Terorisme Dimensi Target,,[K02200] Terorisme;,,"Angka yang menggambarkan seberapa besar risiko suatu daerah menjadi target serangan teror, sehingga ancaman suatu daerah dari terorisme dapat dimitigasi dengan baik.",[32010026] Wilayah;,-,Indeks,-,,
10810010,Jumlah Bantuan Hukum,,[K00220] Bantuan Hukum;,,Banyaknya jasa hukum yang diberikan secara cuma-cuma kepada orang miskin yang menghadapi masalah hukum.,"[32010026] Wilayah;
[10820062] Jenis
Bantuan Hukum;",-,Total,layanan,,
10810011,Jumlah Barang Rampasan (Baran),,[K00229] Barang Rampasan (Baran);,,Banyaknya benda sitaan berdasarkan putusan pengadilan yang telah memperoleh kekuatan hukum tetap yang dirampas oleh negara.,[32010026] Wilayah;,-,Total,barang,,
10810012,Jumlah Barang Sitaan (Basan),,[K00230] Barang Sitaan (Basan);,,Banyaknya benda yang disita oleh negara untuk keperluan proses peradilan.,[32010026] Wilayah;,-,Total,barang,,
10810014,Jumlah Dokumen Hukum,,[K00401] Dokumen Hukum;,,"Banyaknya produk hukum yang berupa peraturan perundang- undangan atau produk hukum selain peraturan perundang-undangan yang meliputi namun tidak terbatas pada putusan pengadilan, yurisprudensi, monografi hukum, artikel majalah hukum, buku hukum, penelitian hukum, pengkajian hukum, naskah akademis, dan rancangan peraturan perundang-undangan.","[32010026] Wilayah;
[10820004] Jenis
Dokumen Hukum;",-,Total,dokumen,,
10810063,Jumlah Instansi Anggota Jaringan Dokumentasi dan Informasi Hukum Nasional (JDIHN),,[K02361] Jaringan Dokumentasi dan Informasi Hukum Nasional (JDIHN);,,Banyaknya instansi yang sudah menyelenggarakan kegiatan pengelolaan dokumen hukum dalam sistem jaringan dokumentasi dan informasi hukum.,"[32010026] Wilayah;
[25020054] Klasifikasi Instansi Pemerintah;",-,Total,instansi,,
10810064,Jumlah Jaksa,,[K02360] Jaksa;,,"Banyaknya pegawai negeri sipil dengan jabatan fungsional yang memiliki kekhususan dan melaksanakan tugas, fungsi, dan kewenangannya berdasarkan undang-undang kejaksaan.",[32010026] Wilayah;,-,Total,orang,,
10810065,Jumlah Kasus Anak yang Berhadapan dengan Hukum,,"[K00091] Anak;
[K00734] Pidana;",,"Banyaknya perkara terkait anak yang menjadi korban tindak pidana, anak yang menjadi saksi tindak pidana, dan anak berusia 12—17 tahun yang diduga melakukan tindak pidana (berkonflik dengan hukum).",[32010026] Wilayah;,-,Total,kasus,,
10810016,Jumlah Kasus Kejahatan Pembunuhan,,"[K00804] Kejahatan; [K01407]
Pembunuhan;",,Banyaknya kasus perampasan nyawa orang lain dengan sengaja selama kurun waktu tertentu.,[32010026] Wilayah;,-,Total,kasus,,
10810066,Jumlah Kasus Penyalahgunaan Narkotika,,[K01208] Narkotika;,,"Banyaknya kasus penggunaan zat atau obat yang dapat menyebabkan penurunan atau perubahan kesadaran, menyebabkan mati rasa, mengurangi sampai menghilangkan rasa nyeri, dan menimbulkan ketergantungan oleh seseorang atau",[32010026] Wilayah;,-,Total,kasus,,
,,,,,sekelompok orang untuk digunakan tidak sebagaimana mestinya.,,,,,,
10810067,Jumlah Kasus Pidana Narkotika,,[K00734] Pidana; [K01208] Narkotika;,,"Banyaknya kasus pelanggaran hukum terkait penyalahgunaan zat atau obat yang dapat menyebabkan penurunan atau perubahan kesadaran, menyebabkan mati rasa, mengurangi sampai menghilangkan rasa nyeri, dan menimbulkan ketergantungan.","[32010026] Wilayah;
[10320009] Jenjang Pendidikan;",-,Total,kasus,,
10810017,Jumlah Kebijakan yang Diskriminatif,,"[K00401] Dokumen Hukum;
[K00389] Diskriminasi;",,"Banyaknya produk hukum yang membedakan perlakuan terhadap sesama warga negara (berdasarkan jenis kelamin, warna kulit, golongan, suku, ekonomi, agama, dan sebagainya) yang antara lain atas nama moralitas dan agama.",[32010026] Wilayah;,-,Total,kebijakan,,
10810019,Jumlah Kejahatan yang Dilaporkan/Crime Total,,[K00804] Kejahatan;,,Banyaknya kejahatan yang dilaporkan/crime total  kepada polisi yang terjadi pada kurun waktu tertentu.,[32010026] Wilayah;,-,Total,kasus,,
10810021,Jumlah Kerja Sama Pemasyarakatan,,"[K00936]
Pemasyarakatan;",,"Banyaknya kegiatan yang diselenggarakan oleh menteri dengan instansi terkait, badan-badan kemasyarakatan atau perorangan dalam rangka pembinaan dan/atau pembimbingan terhadap warga binaan pemasyarakatan, yang kegiatannya seiring dengan penyelenggaraan sistem pemasyarakatan.",[32010026] Wilayah;,-,Total,kerja sama,,
10810022,Jumlah Klien Pemasyarakatan,,"[K00936]
Pemasyarakatan;",,Banyaknya orang yang berada dalam pembimbingan pembimbing kemasyarakatan.,"[32010026] Wilayah;
[33220007] Jenis
Kelamin;",-,Total,orang,,
10810024,Jumlah Korban Kejahatan Kekerasan,,[K00974] Korban; [K00809]  Kekerasan;,,Banyaknya korban kejahatan kekerasan yang melapor kepada polisi.,[32010026] Wilayah;,-,Total,orang,,
10810068,Jumlah Korban Perdagangan Orang,,[K00974] Korban; [K01642] Perdagangan Orang;,,"Banyaknya korban yang mengalami tindakan perekrutan, pengangkutan, penampungan, pengiriman,",[32010026] Wilayah;,-,Total,orang,,
,,,,,"pemindahan, atau penerimaan seseorang dengan ancaman kekerasan, penggunaan kekerasan, penculikan, penyekapan, pemalsuan, penipuan, penyalahgunaan kekuasaan atau posisi rentan, penjeratan utang atau memberi bayaran atau manfaat, sehingga memperoleh persetujuan dari orang yang memegang kendali atas orang lain tersebut, baik yang dilakukan di dalam negara maupun antar negara, untuk tujuan eksploitasi atau mengakibatkan orang tereksploitasi.",,,,,,
10810069,Jumlah Korban Terorisme,,[K00974] Korban; [K02200] Terorisme;,,"Banyaknya orang yang mengalami kerugian dari tindak perbuatan yang menggunakan kekerasan atau ancaman kekerasan yang menimbulkan suasana teror atau rasa takut secara meluas, yang dapat menimbulkan korban yang bersifat massal, dan/atau menimbulkan kerusakan atau kehancuran terhadap objek vital yang strategis, lingkungan hidup, fasilitas publik, atau fasilitas internasional dengan motif ideologi, politik, atau gangguan keamanan.",[32010026] Wilayah;,-,Total,orang,,
10810070,Jumlah Laporan Gratifikasi,,[K00480] Gratifikasi;,,"Banyaknya laporan tentang penerimaan pemberian dalam arti luas, yakni uang, barang, rabat (discount), komisi, pinjaman tanpa bunga, tiket perjalanan, fasilitas penginapan, perjalanan wisata, pengobatan cuma-cuma, dan fasilitas lainnya, baik yang diterima di dalam negeri maupun di luar negeri, yang dilakukan dengan menggunakan sarana elektronik atau tanpa sarana elektronik.","[32010026] Wilayah;
[25020048] Jenis
Jabatan Pegawai Negeri Sipil (PNS);
[25020001] Golongan Pegawai Negeri Sipil (PNS);",-,Total,laporan,,
10810025,Jumlah Narapidana,,[K01206] Narapidana;,,"Banyaknya orang yang sedang menjalani pidana penjara, baik pidana untuk waktu tertentu, pidana seumur hidup, maupun pidana mati yang sedang menunggu pelaksanaan putusan, yang sedang menjalani pembinaan di lembaga pemasyarakatan.","[32010026] Wilayah;
[33220007] Jenis
Kelamin;",-,Total,orang,,
10810026,Jumlah Narapidana Bebas,,[K01206] Narapidana;,,Banyaknya narapidana yang telah selesai menjalani masa hukuman berdasarkan peraturan perundangan- undangan yang berlaku.,[32010026] Wilayah;,-,Total,orang,,
10810034,Jumlah Narapidana Penerima Remisi,,[K01876] Remisi;,,Banyaknya narapidana yang mendapatkan pengurangan masa pidana sesuai ketentuan peraturan perundang-undangan.,[32010026] Wilayah;,-,Total,orang,,
10810027,Jumlah Pelaku Terorisme,,[K02199] Teroris;,,"Banyaknya orang yang melakukan perbuatan menggunakan kekerasan atau ancaman kekerasan yang menimbulkan suasana teror atau rasa takut secara meluas, yang dapat menimbulkan korban yang bersifat massal, dan/atau menimbulkan kerusakan atau kehancuran terhadap objek vital yang strategis, lingkungan hidup, fasilitas publik, atau fasilitas internasional dengan motif ideologi, politik, atau gangguan keamanan.",[32010026] Wilayah;,-,Total,orang,,
10810028,Jumlah Pelanggaran Keamanan Ketertiban,,[K01340] Pelanggaran;,,Banyaknya kejadian perilaku menyimpang menurut kehendak sendiri tanpa memperhatikan peraturan yang berlaku.,[32010026] Wilayah;,-,Total,kejadian,,
10810071,Jumlah Penanganan Kasus Kekerasan dalam Rumah Tangga,,[K00810] Kekerasan dalam Rumah  Tangga; [K00101] Ancaman Kekerasan;,,Banyaknya tindakan yang dilakukan untuk menyelesaikan kasus kekerasan terutama terhadap perempuan yang berakibat timbulnya kesengsaraan,[32010026] Wilayah;,-,Total,kasus,,
,,,,,"atau penderitaan secara fisik, seksual, psikologis dan/atau penelantaran rumah tangga, termasuk ancaman untuk melakukan perbuatan pemaksaan atau perampasan kemerdekaan secara melawan hukum dalam lingkup rumah tangga.",,,,,,
10810072,Jumlah Penanganan Kasus Kekerasan terhadap Anak,,[K00809] Kekerasan; [K00091] Anak;,,"Banyaknya kasus yang ditangani terkait perbuatan terhadap anak yang berakibat timbulnya kesengsaraan atau penderitaan secara fisik, psikis, seksual, dan/atau penelantaran, termasuk ancaman untuk melakukan perbuatan, pemaksaan, atau perampasan kemerdekaan dengan cara melawan hukum.",[32010026] Wilayah;,-,Total,kasus,,
10810029,Jumlah Penanganan Pengaduan Pelanggaran Hak Asasi Manusia (HAM),,[K01340] Pelanggaran; [K00485] Hak Asasi Manusia (HAM);,,Banyaknya seluruh penanganan pengaduan pelanggaran hak asasi manusia (HAM) dalam kurun waktu dua belas bulan terakhir.,[32010026] Wilayah;,-,Total,dokumen/ keluhan,,
10810031,Jumlah Penerima Bantuan Hukum,,[K00220] Bantuan Hukum;,,"Banyaknya orang atau kelompok yang memperoleh pendampingan bantuan hukum mulai dari tingkat penyidikan atau gugatan hingga putusan pengadilan baik dalam ranah pidana, perdata dan tata usaha negara.",[32010026] Wilayah;,-,Total,orang,,
10810073,Jumlah Penerimaan Laporan Indikasi Tindak Pidana Korupsi,,[K00985] Korupsi;,,Banyaknya laporan terkait indikasi adanya tindak pidana korupsi yang diterima melalui kanal laporan yang dikelola oleh suatu lembaga.,[32010026] Wilayah;,-,Total,laporan,,
10810032,Jumlah Penyelesaian Sengketa Informasi Publik melalui  Mediasi dan/atau Ajudikasi Nonlitigasi,,[K01990] Sengketa Informasi Publik; [K01152] Mediasi;,,Banyaknya penyelesaian sengketa yang terjadi antara badan publik dan pengguna/pemohon informasi publik melalui mediasi dan/atau ajudikasi nonlitigasi.,[32010026] Wilayah;,-,Total,kasus,,
10810033,Jumlah Pidana Khusus,,[K01749] Pidana Khusus;,,Banyaknya pidana yang diatur di luar kitab undang-undang hukum pidana dan memiliki ketentuan-ketentuan khusus acara pidana.,"[32010026] Wilayah;
[10820008] Jenis Pidana Khusus;",-,Total,orang,,
10810074,Jumlah Putusan Perkara Pengujian Undang-undang,,[K01630] Peraturan Perundang-undangan;,,"Banyaknya vonis majelis hakim untuk menyelesaikan suatu perkara pengujian undang-undang yang diajukan oleh pemohon dan telah dicatat dalam buku registrasi perkara konstitusi elektronik, diperiksa dan diputuskan dalam rapat permusyawaratan hakim, serta diucapkan dalam sidang terbuka untuk umum, termasuk ketetapan.",[32010026] Wilayah;,-,Total,dokumen,,
10810075,Jumlah Tahanan yang Melebihi Masa Penahanan,,[K01206] Narapidana;,,Banyaknya tersangka atau terdakwa yang menjalani proses penahanan melebihi jangka waktu penempatan tahanan di rumah tahanan (rutan) atau lembaga pemasyarakatan (lapas) berdasarkan perintah atau penetapan dari pejabat yang berwenang.,"[32010026] Wilayah;
[33220007] Jenis
Kelamin;",-,Total,orang,,
10810076,Jumlah Tersangka Tindak Pidana Narkotika,,[K01208] Narkotika; [K00734] Pidana;,,"Banyaknya orang yang berstatus tersangka dalam penyalahgunaan zat atau obat yang  berasal dari tanaman atau bukan tanaman, yang dapat menyebabkan penurunan atau perubahan kesadaran, menyebabkan mati rasa, mengurangi sampai menghilangkan rasa nyeri, dan dapat menimbulkan ketergantungan.","[32010026] Wilayah;
[10120057] Status Kewarganegaraan; [10320055] Tingkat Pendidikan; [33220007] Jenis
Kelamin;",-,Total,orang,,
10810077,Jumlah Tindak Pidana Pencucian Uang,,[K01445] Pencucian Uang;,,"Banyaknya kasus perbuatan yang menempatkan, mentransfer, membayarkan, membelanjakan, menghibahkan, menyumbangkan, menitipkan, membawa ke luar negeri, menukarkan, atau perbuatan lainnya atas harta kekayaan yang diketahuinya atau patut diduga",[32010026] Wilayah;,-,Total,kasus,,
,,,,,"merupakan hasil tindak pidana dengan maksud untuk menyembunyikan, atau menyamarkan asal usul harta kekayaan sehingga seolah-olah menjadi harta kekayaan yang sah.",,,,,,
10810078,Jumlah Tindak Pidana Pencurian Kendaraan Bermotor,,[K01447] Pencurian; [K00853] Kendaraan Bermotor;,,Banyaknya kejadian pengambilan kendaraan bermotor tanpa izin dengan maksud untuk dimiliki secara melawan hukum.,[32010026] Wilayah;,-,Total,kasus,,
10810002,Persentase Kasus Terorisme yang Diselesaikan,,[K02200] Terorisme;,,Bagian dari seluruh kasus terorisme yang diselesaikan oleh lembaga yang berwenang.,[32010026] Wilayah;,-,Persentase,persen,,
10810043,Persentase Penyelesaian Kejahatan/Crime Clearance,,[K00804] Kejahatan;,,Bagian dari seluruh tindak kejahatan yang dilaporkan pada kurun waktu tertentu yang dapat diselesaikan oleh pihak berwajib.,[32010026] Wilayah;,-,Persentase,persen,,
10810079,Persentase Perempuan Dewasa dan Anak Perempuan Berumur 15—64 Tahun yang Mengalami  Kekerasan Seksual oleh Orang Lain Selain Pasangan,,[K00813] Kekerasan Seksual;,,Bagian dari populasi perempuan dewasa dan anak perempuan berumur 15—64 tahun yang mengalami kekerasan seksual oleh orang lain selain pasangan.,"[32010026] Wilayah;
[32020020] Klasifikasi Wilayah;
[10320055] Tingkat Pendidikan; [10120063] Status Perkawinan;",-,Persentase,persen,,
10810080,Persentase Residivis,,[K01896] Residivis;,,Bagian dari keseluruhan mantan narapidana yang mengulangi tindak pidana dalam kurun waktu dua tahun setelah dinyatakan bebas.,[32010026] Wilayah;,-,Persentase,persen,,
10810044,Persentase Rumah Tangga yang Pernah Mengalami Diskriminasi,,"[K01925] Rumah Tangga;
[K00389] Diskriminasi;",,"Bagian dari seluruh rumah tangga yang minimal salah satu anggota rumah tangganya mengalami diskriminasi atau perlakuan yang berbeda di dalam rumah tangga, sekolah, tempat bekerja, dan/atau tempat pelayanan publik dalam hal kesetaraan laki-laki dan perempuan, keseteraan ras dan etnis, dan/atau kelompok rentan lainnya.",[32010026] Wilayah;,-,Persentase,persen,,
10810045,"Persentase Rumah Tangga yang Pernah Mengalami Pembatasan, Ancaman Kekerasan, atau Kekerasan yang Mengatasnamakan Agama dan Kepercayaan",,"[K01925] Rumah Tangga;
[K00809] Kekerasan; [K00389] Diskriminasi;",,"Bagian dari seluruh rumah tangga yang anggota rumah tangganya ada yang ketika menjalankan ibadah pernah mengalami pembatasan, ancaman kekerasan atau penggunaan kekerasan yang mengatasnamakan ajaran agama atau kepercayaan terhadap jumlah seluruh rumah tangga.",[32010026] Wilayah;,-,Persentase,persen,,
10810046,Persentase Rumah Tangga yang Salah Satu Anggota Rumah Tangganya Mengalami Perundungan/Bullying,,"[K01925] Rumah Tangga; [K01715]
Perundungan/Bullying
;",,"Bagian dari seluruh rumah tangga, yang anggota rumah tangganya ada yang mengalami perundungan/ bullying di dalam rumah tangga/ sekolah/tempat bekerja/tempat pelayanan publik atau tempat lainnya terhadap jumlah seluruh rumah tangga.",[32010026] Wilayah;,-,Persentase,persen,,
10810047,"Persentase Rumah Tangga yang Setuju Adanya Aturan Tertulis yang Mengatur Kesetaraan dalam Hal Gender, Etnis, dan Kelompok Rentan Lainnya",,"[K01925] Rumah Tangga;
[K00908] Kesetaraan Gender;
[K00911] Kesetaraan Ras dan Etnis; [K00909] Kesetaraan Kelompok Rentan;",,"Bagian dari seluruh rumah tangga, yang merasa perlu/sangat perlu adanya aturan tertulis seperti peraturan daerah dan surat edaran, untuk mengatur kesetaraan laki-laki dan perempuan, ras dan etnis serta kelompok rentan.",[32010026] Wilayah;,-,Persentase,persen,,
10810048,Prevalensi Anak Usia 13—17 Tahun yang Pernah Mengalami Kekerasan,,"[K00091] Anak;
[K00809] Kekerasan;",,Bagian dari seluruh anak umur 13— 17 tahun yang mengalami setidaknya satu bentuk kekerasan pada suatu periode tertentu.,"[32010026] Wilayah;
[32020020] Klasifikasi Wilayah;
[33220007] Jenis
Kelamin;",-,Persentase,persen,,
10810055,Proporsi Narapidana yang Melebihi Masa Penahanan,,[K01206] Narapidana;,,Bagian dari seluruh tersangka atau terdakwa yang ditahan di rumah tahanan (rutan) atau lembaga pemasyarakatan (lapas) melebihi masa penahanan berdasarkan perintah atau penetapan dari pejabat yang berwenang.,"[32010026] Wilayah;
[33220007] Jenis
Kelamin;",-,Proporsi,-,,
10810049,Proporsi Penduduk Umur 18—29 Tahun yang Mengalami Kekerasan Seksual Sebelum Umur 18 Tahun,,[K01476] Penduduk; [K00813] Kekerasan Seksual;,,Bagian dari penduduk usia 18—29 tahun yang pernah mengalami kekerasan seksual sebelum umur 18 tahun.,"[32010026] Wilayah;
[32020020] Klasifikasi Wilayah;",-,Proporsi,-,,
10810050,Proporsi Penduduk yang Mengalami Kejahatan Kekerasan,,[K01476] Penduduk; [K00804] Kejahatan; [K00809] Kekerasan;,,Bagian dari penduduk yang mengalami kejahatan kekerasan dalam suatu periode waktu.,[32010026] Wilayah;,-,Proporsi,-,,
10810051,Proporsi Penduduk yang Merasa Aman Berjalan Sendirian di Area Tempat Tinggalnya,,[K01476] Penduduk;,,"Bagian dari penduduk yang merasa aman berjalan sendirian di area tempat tinggalnya, baik pada siang hari maupun malam hari.","[32010026] Wilayah;
[33220007] Jenis
Kelamin;",-,Proporsi,-,,
10810054,Proporsi Rumah Tangga yang Memiliki Anak Berumur 1—14 Tahun yang Mengalami Hukuman Fisik dan/atau Agresi Psikologis dari Pengasuh,,"[K01925] Rumah Tangga; [K00091] Anak;
[K00812] Kekerasan Fisik;
[K00811] Kekerasan Emosional;",,Bagian dari populasi rumah tangga yang memiliki anak berumur 1—14 tahun yang mengalami hukuman fisik dan/atau agresi psikologis dari pengasuh.,"[32010026] Wilayah;
[32020020] Klasifikasi Wilayah;",-,Proporsi,-,,
10810081,Proporsi Wanita dan Anak Perempuan Mengalami Kekerasan Emosional oleh Pasangan atau Mantan Pasangan,,[K01647] Perempuan; [K00811] Kekerasan Emosional;,,Bagian dari perempuan dewasa dan anak perempuan yang mengalami kekerasan emosional oleh pasangan atau mantan pasangan.,"[32010026] Wilayah;
[32020020] Klasifikasi Wilayah;",-,Proporsi,-,,
10810052,Proporsi Wanita dan Anak Perempuan Mengalami Kekerasan Fisik oleh Pasangan atau Mantan Pasangan,,[K01647] Perempuan; [K00812] Kekerasan Fisik;,,Bagian dari perempuan dewasa dan anak perempuan yang mengalami kekerasan fisik oleh pasangan atau mantan pasangan.,"[32010026] Wilayah;
[32020020] Klasifikasi Wilayah;",-,Proporsi,-,,
10810082,Proporsi Wanita dan Anak Perempuan Mengalami Kekerasan Seksual oleh Pasangan atau Mantan Pasangan,,[K01647] Perempuan; [K00813] Kekerasan Seksual;,,Bagian dari perempuan dewasa dan anak perempuan yang mengalami kekerasan seksual oleh pasangan atau mantan pasangan.,"[32010026] Wilayah;
[32020020] Klasifikasi Wilayah;",-,Proporsi,-,,
10810023,Rata-rata Konsumsi Narkoba,,[K01208] Narkotika; [K01828] Psikotropika;,,"Rata-rata penggunaan atau pemakaian narkotika, psikotropika, dan obat/bahan berbahaya oleh penyalah guna narkoba.","[32010026] Wilayah;
[33220007] Jenis
Kelamin;
[10120066] Umur/Usia;",-,Rata-rata,gram,,
10810056,Selang Waktu Terjadinya Kejahatan/Crime Clock,,[K00804] Kejahatan;,,Jangka waktu atau interval waktu terjadinya satu tindak kejahatan dengan kejahatan yang lain.,[32010026] Wilayah;,-,Waktu,detik,,
10810057,Tingkat Risiko Penduduk Terkena Kejahatan/Crime Rate,,[K01476] Penduduk; [K00804] Kejahatan;,,Angka yang menggambarkan risiko terjadinya sejumlah tindak kejahatan pada setiap 100.000 orang penduduk.,[32010026] Wilayah;,-,Tingkat,kejahatan perseratus ribu penduduk,,
10910002,Durasi Membaca,,[K01112] Literasi;,,Lamanya waktu membaca yang dilakukan dalam satu hari.,[32010026] Wilayah;,-,Waktu,menit,,
10910004,Frekuensi Membaca,,[K01112] Literasi;,,"Kekerapan membaca bahan bacaan dalam seminggu dari berbagai media, baik dalam bentuk  cetak, noncetak, elektronik, audiovisual, maupun dalam bentuk lainnya.",[32010026] Wilayah;,-,Frekuensi,kali per minggu,,
10910005,Indeks Kegemaran Membaca,,[K01112] Literasi;,,Angka yang dapat menggambarkan tingkat perilaku atau kebiasaan masyarakat  dalam memperoleh pengetahuan dan informasi dari berbagai bentuk media yang dilakukan secara mandiri dalam jangka waktu tertentu.,"[32010026] Wilayah;
[10920007] Jenis
Perpustakaan;",-,Indeks,-,,
10910084,Indeks Pemerataan Layanan Perpustakaan,,"[K01694]
Perpustakaan;",,Angka yang menggambarkan ketersediaan perpustakaan yang beroperasi sesuai dengan target segmentasi penggunanya.,"[32010026] Wilayah;
[10920007] Jenis
Perpustakaan;",-,Indeks,-,,
10910011,Jumlah Bahan Perpustakaan,,[K00198] Bahan Perpustakaan;,,"Banyaknya hasil karya tulis, karya cetak, dan/atau karya rekam.",[32010026] Wilayah;,-,Total,bahan perpustakaan,,
10910094,Jumlah Bahasa Daerah,,[K00201] Bahasa;,,"Banyaknya sistem lambang bunyi arbitrer yang digunakan oleh anggota suatu masyarakat di suatu daerah untuk bekerja sama, berinteraksi, dan mengidentifikasikan diri.",[32010026] Wilayah;,-,Total,bahasa,,
10910014,Jumlah Buku Dibaca,,[K01112] Literasi;,,Banyaknya bahan bacaan berbentuk tercetak atau elektronik/digital yang bisa ditamatkan dalam periode tertentu.,[32010026] Wilayah;,-,Total,buku,,
10910095,Jumlah Dialek Bahasa Daerah,,[K02349] Dialek; [K00201] Bahasa;,,"Banyaknya variasi bahasa yang berbeda-beda sesuai pemakainya yang dipengaruhi asal daerah, kelompok sosial, atau kurun waktu tertentu.",[32010026] Wilayah;,-,Total,dialek,,
10910015,Jumlah Jemaah Haji,,[K00697] Jemaah Haji;,,Banyaknya warga negara Indonesia yang beragama Islam dan telah mendaftarkan diri untuk menunaikan ibadah haji sesuai dengan persyaratan yang ditetapkan.,[32010026] Wilayah;,-,Total,orang,,
10910017,Jumlah Naskah Kuno,,[K01210] Naskah Kuno;,,"Banyaknya dokumen tertulis yang tidak dicetak atau tidak diperbanyak dengan cara lain, baik yang berada di dalam negeri maupun di luar negeri yang berumur sekurang-kurangnya 50 (lima puluh) tahun, dan yang mempunyai nilai penting bagi kebudayaan nasional, sejarah, dan ilmu pengetahuan.",[32010026] Wilayah;,-,Total,naskah,,
10910096,Jumlah Perpustakaan,,"[K01694]
Perpustakaan;",,"Banyaknya institusi pengelola koleksi karya tulis, karya cetak, dan/atau karya rekam secara profesional dengan sistem yang baku guna memenuhi kebutuhan pendidikan, penelitian, pelestarian, informasi, dan rekreasi para pemustaka dari berbagai jenis perpustakaan.","[32010026] Wilayah;
[10920059] Predikat Akreditasi Perpustakaan; [10920007] Jenis
Perpustakaan; [10320055] Tingkat Pendidikan;",-,Total,perpustakaan,,
10910097,Jumlah Perpustakaan yang Tergabung dalam Jejaring Nasional Perpustakaan.,,"[K01694]
Perpustakaan;",,"Banyaknya institusi pengelola koleksi karya tulis, karya cetak, dan/atau karya rekam secara profesional dengan sistem yang baku guna memenuhi kebutuhan pendidikan, penelitian, pelestarian, informasi, dan rekreasi para pemustaka yang tergabung dalam jejaring nasional perpustakaan.","[32010026] Wilayah;
[10920007] Jenis
Perpustakaan;",-,Total,perpustakaan,,
10910031,Persentase Anak Berumur 5—17 Tahun yang Mengunjungi Perpustakaan atau Memanfaatkan Taman Bacaan Masyarakat,,"[K00091] Anak; [K01694]
Perpustakaan; [K01112] Literasi;",,Bagian dari populasi anak berumur 5—17 tahun yang pernah mengunjungi perpustakaan (baik perpustakaan fisik maupun digital) atau memanfaatkan taman bacaan masyarakat dalam kurun waktu tertentu.,[32010026] Wilayah;,-,Persentase,persen,,
10910035,Persentase Penduduk Berumur 10 Tahun ke Atas yang Mengikuti Kegiatan Sosial Kemasyarakatan,,[K01476] Penduduk;,,Bagian dari seluruh penduduk berumur 10 tahun ke atas yang mengikuti kegiatan sosial kemasyarakatan di lingkungan sekitar dalam kurun waktu tertentu.,[32010026] Wilayah;,-,Persentase,persen,,
10910038,Persentase Penduduk Berumur 5 Tahun ke Atas yang Berolahraga,,[K01476] Penduduk; [K01253] Olahraga;,,Bagian dari seluruh penduduk berumur 5 tahun ke atas yang melakukan olahraga dalam kurun waktu tertentu.,[32010026] Wilayah;,-,Persentase,persen,,
10910039,Persentase Penduduk Berumur 5 Tahun ke Atas yang Mengetahui Dongeng/Cerita Rakyat yang Ada di Indonesia,,[K01476] Penduduk; [K01112] Literasi;,,Bagian dari seluruh penduduk berumur 5 tahun ke atas yang yang mengetahui dongeng/cerita rakyat yang ada di Indonesia.,[32010026] Wilayah;,-,Persentase,persen,,
10910041,Persentase Penduduk Berumur 5 Tahun ke Atas yang Mengunjungi Situs Peninggalan Bersejarah/ Kebudayaan,,"[K00091] Anak;
[K02029] Situs Peninggalan Sejarah;",,"Bagian dari seluruh penduduk berumur 5 tahun ke atas yang dalam periode waktu tertentu pernah mengunjungi tempat/peninggalan bersejarah/warisan budaya kebendaaan di Indonesia (seperti: candi, museum, benteng, gua bersejarah, rumah adat, dsb.).",[32010026] Wilayah;,-,Persentase,persen,,
10910040,Persentase Penduduk Berumur 5 Tahun ke Atas yang Menonton Pertunjukan/Pameran Seni,,"[K01476] Penduduk; [K01992] Seni; [K01711]
Pertunjukan/Pameran Seni;",,Bagian dari seluruh penduduk berumur 5 tahun ke atas yang dalam rentang waktu tertentu pernah menonton pertunjukan/pameran seni baik secara langsung maupun tidak langsung.,[32010026] Wilayah;,-,Persentase,persen,,
10910033,Persentase Penduduk Berumur 5 Tahun ke Atas yang Terlibat dalam,,"[K00091] Anak;
[K01711] Pertunjukan/ Pameran Seni;",,Bagian dari seluruh penduduk berumur 5 tahun ke atas yang dalam kurun waktu tertentu pernah terlibat,[32010026] Wilayah;,-,Persentase,persen,,
,Pertunjukan/Pameran/ Produksi Seni dan Tradisi,,,,"dalam setidaknya satu jenis pertunjukan/pameran/produksi seni dan tradisi (film, seni musik/suara, seni rupa, seni sastra, seni tari budaya Indonesia, seni teater/pewayangan, seni lainnya), baik sebagai pelaku maupun pendukung.",,,,,,
10910042,Persentase Penduduk Usia 5 Tahun ke Atas yang Melakukan Kegiatan Olahraga Tradisional,,[K01476] Penduduk; [K01253] Olahraga;,,Bagian dari seluruh penduduk berumur 5 tahun ke atas yang dalam periode waktu tertentu pernah melakukan kegiatan olahraga tradisional.,[32010026] Wilayah;,-,Persentase,persen,,
10910043,Persentase Penduduk Usia 5 Tahun ke Atas yang Melakukan Permainan Rakyat,,[K01476] Penduduk; [K01687] Permainan Rakyat;,,Bagian dari seluruh penduduk berumur 5 tahun ke atas yang melakukan permainan rakyat selama periode waktu tertentu.,[32010026] Wilayah;,-,Persentase,persen,,
10910085,Persentase Perpustakaan yang Dibina Sesuai dengan Standar Nasional Perpustakaan (SNP) dan/atau Memiliki Nomor Pokok Perpustakaan (NPP),,"[K01694]
Perpustakaan;",,Bagian dari seluruh perpustakaan yang telah mendapatkan pembinaan sesuai dengan standar nasional perpustakaan (SNP) dan/atau memiliki nomor pokok perpustakaan (NPP).,"[32010026] Wilayah;
[10920007] Jenis
Perpustakaan;",-,Persentase,persen,,
10910098,Persentase Perpustakaan yang Tergabung dalam Jejaring Nasional Perpustakaan,,"[K01694]
Perpustakaan;",,"Bagian dari seluruh institusi  pengelola koleksi karya tulis, karya cetak, dan/ atau karya rekam secara profesional, yang tergabung dalam portal jejaring nasional perpustakaan.",[32010026] Wilayah;,-,Persentase,persen,,
10910046,Persentase Rumah Tangga yang Bekerja Bersama untuk Membantu Penyelenggaraan Kegiatan Agama atau Kepercayaan yang Berbeda,,"[K01925] Rumah Tangga;
[K00893] Kerukunan Umat Beragama;",,Bagian dari seluruh rumah tangga yang anggota rumah tangganya ada yang pernah bekerja bersama untuk membantu penyelenggaraan kegiatan terkait agama atau kepercayaan yang berbeda di wilayah tempat tinggal.,[32010026] Wilayah;,-,Persentase,persen,,
10910047,Persentase Rumah Tangga yang di Lingkungan Sekitar Tempat Tinggalnya Sering Mengambil Keputusan dengan Musyawarah,,"[K01925]  Rumah Tangga;
[K01202] Musyawarah;",,Bagian dari seluruh rumah tangga yang pengambilan keputusan di lingkungan sekitar rumahnya sering dilakukan dengan cara musyawarah.,[32010026] Wilayah;,-,Persentase,persen,,
10910050,Persentase Rumah Tangga yang Menghadiri atau Menyelenggarakan Upacara Adat,,"[K01925] Rumah Tangga;
[K02252] Upacara Adat;",,"Bagian dari seluruh rumah tangga yang menghadiri atau menyelenggarakan upacara adat yang mencakup kelahiran, sunatan, perkawinan, kematian, seremoni terkait keagamaan, panen, dan upacara adat lainnya pada rentang waktu tertentu.",[32010026] Wilayah;,-,Persentase,persen,,
10910053,Persentase Rumah Tangga yang Setuju Adanya Aturan Tertulis yang Melindungi dan Menjamin Kebebasan Masyarakat dalam Menjalankan Agama dan Kepercayaannya,,[K01925] Rumah Tangga;,,"Bagian dari seluruh rumah tangga yang merasa perlu akan adanya  aturan tertulis seperti peraturan daerah, surat edaran, dsb. untuk melindungi dan menjamin kebebasan masyarakat dalam menjalankan agama atau kepercayaan terhadap Tuhan yang Maha Esa.",[32010026] Wilayah;,-,Persentase,persen,,
10910054,Persentase Rumah Tangga yang Setuju jika Ada Sekelompok Orang dari Agama Lain yang Melakukan Kegiatan Keagamaan di Lingkungan Sekitar Rumah,,"[K01925] Rumah Tangga;
[K02212] Toleransi;",,Bagian dari seluruh rumah tangga yang menyatakan setuju atau sangat setuju jika ada sekelompok orang dari agama lain yang melakukan kegiatan di lingkungan sekitar rumah.,[32010026] Wilayah;,-,Persentase,persen,,
10910055,"Persentase Rumah Tangga yang Setuju jika Pemimpin Berasal dari Suku, Etnis, atau Agama/Kepercayaan yang Berbeda",,"[K01925] Rumah Tangga;
[K01416] Pemimpin; [K02212] Toleransi;",,Bagian dari seluruh rumah tangga yang menyatakan setuju jika dipimpin oleh pemimpin (ketua/kepala) yang berbeda suku bangsa dan berbeda agama atau kepercayaan.,[32010026] Wilayah;,-,Persentase,persen,,
10910056,Persentase Rumah Tangga yang Setuju jika Salah Satu Anggota Rumah Tangga Berteman dengan Orang Lain yang Beda Agama,,"[K01925] Rumah Tangga;
[K02212] Toleransi; [K00011] Agama;",,Bagian dari seluruh rumah tangga yang menyatakan setuju jika salah satu anggota rumah tangga berteman dengan orang lain yang beda agama.,[32010026] Wilayah;,-,Persentase,persen,,
10910057,Persentase Rumah Tangga yang Setuju jika Salah Satu Anggota Rumah Tangga Berteman dengan Orang Lain yang Beda Suku,,"[K01925] Rumah Tangga;
[K02212] Toleransi; [K02070] Suku
Bangsa;",,Bagian dari seluruh rumah tangga yang menyatakan setuju jika salah satu anggota rumah tangga berteman dengan orang lain yang beda suku.,[32010026] Wilayah;,-,Persentase,persen,,
10910058,Persentase Rumah Tangga yang Setuju terhadap Keberadaan atau Rencana Pembangunan Tempat Ibadah Agama/ Kepercayaan Lain di Lingkungan Sekitar Tempat Tinggal,,"[K01925] Rumah Tangga;
[K02212] Toleransi; [K01913] Rumah Ibadat/Rumah Ibadah;",,Bagian dari seluruh rumah tangga yang menyatakan setuju jika ada atau akan dibangun tempat ibadah agama atau kepercayaan lain di lingkungan sekitar.,[32010026] Wilayah;,-,Persentase,persen,,
10910060,Rasio Anggota Perpustakaan,,[K00109] Anggota Perpustakaan;,,Perbandingan jumlah anggota perpustakaan terhadap jumlah populasi sesuai segmentasi jenis perpustakaan.,"[32010026] Wilayah;
[10920007] Jenis
Perpustakaan;",-,Rasio,-,,
10910073,Rasio Ketercukupan Koleksi Perpustakaan,,[K00942] Koleksi Perpustakaan; [K01476] Penduduk;,,"Perbandingan jumlah koleksi perpustakaan, baik tercetak maupun digital, terhadap jumlah penduduk sesuai segmentasi jenis perpustakaan.","[32010026] Wilayah;
[10920007] Jenis
Perpustakaan;",-,Rasio,koleksi per orang,,
10910076,Rasio Ketercukupan Tenaga Perpustakaan,,[K02184] Tenaga Perpustakaan; [K01476] Penduduk;,,Perbandingan jumlah tenaga perpustakaan terhadap jumlah populasi sesuai segmentasi jenis perpustakaan.,"[32010026] Wilayah;
[10920007] Jenis
Perpustakaan;",-,Rasio,-,,
10910080,Rasio Ketersediaan Perpustakaan Khusus,,"[K01694]
Perpustakaan;",,Perbandingan jumlah perpustakaan yang diperuntukkan bagi kalangan terbatas di lingkungan instansi pemerintah pusat/daerah dan instansi,[32010026] Wilayah;,-,Rasio,perpustakaan per orang,,
,,,,,swasta terhadap jumlah penduduk yang bekerja.,,,,,,
10910081,Rasio Ketersediaan Perpustakaan Perguruan Tinggi,,"[K01694]
Perpustakaan;",,"Perbandingan jumlah perpustakaan perguruan tinggi (universitas, institut, sekolah tinggi, politeknik, dan akademi) terhadap jumlah civitas academica.",[32010026] Wilayah;,-,Rasio,perpustakaan per orang,,
10910082,Rasio Ketersediaan Perpustakaan Sekolah/ Madrasah,,"[K01694]
Perpustakaan;",,Perbandingan jumlah unit perpustakaan sekolah/madrasah yang terdapat di suatu wilayah terhadap jumlah peserta didik dan guru di wilayah tersebut.,[32010026] Wilayah;,-,Rasio,perpustakaan per orang,,
10910083,Rasio Ketersediaan Perpustakaan Umum,,"[K01694]
Perpustakaan;",,Perbandingan jumlah unit perpustakaan yang diperuntukkan bagi masyarakat luas terhadap jumlah penduduk.,[32010026] Wilayah;,-,Rasio,perpustakaan per orang,,
10910086,Rasio Tingkat Kunjungan Civitas Academica ke Perpustakaan Perguruan Tinggi per Hari,,"[K00316]  Civitas Academica; [K01694]
Perpustakaan;",,"Perbandingan jumlah kunjungan civitas academica per hari di perpustakaan perguruan tinggi, baik secara luring maupun daring, terhadap jumlah  civitas academica.",[32010026] Wilayah;,-,Rasio,kunjungan per orang,,
10910087,Rasio Tingkat Kunjungan Guru dan Siswa ke Perpustakaan Sekolah/Madrasah per Hari,,"[K00481] Guru; [K02026] Siswa; [K01694]
Perpustakaan;",,"Perbandingan jumlah kunjungan guru dan siswa per hari di perpustakaan sekolah/madrasah, baik secara luring maupun daring, terhadap jumlah guru dan siswa.",[32010026] Wilayah;,-,Rasio,kunjungan per orang,,
10910088,Rasio Tingkat Kunjungan Karyawan/Pegawai ke Perpustakaan Khusus per Hari,,"[K01306] Pekerja; [K01694]
Perpustakaan;",,"Perbandingan jumlah kunjungan karyawan/pegawai per hari di perpustakaan khusus, baik secara luring maupun daring, terhadap jumlah penduduk yang bekerja.",[32010026] Wilayah;,-,Rasio,kunjungan per orang,,
10910089,Rasio Tingkat Kunjungan Masyarakat ke Perpustakaan per Hari,,[K01423] Pemustaka; [K01476] Penduduk;,,"Perbandingan antara rata-rata kunjungan harian perpustakaan, baik secara luring maupun daring, terhadap jumlah penduduk yang disesuaikan dengan segmentasi jenis perpustakaannya.","[32010026] Wilayah;
[10920007] Jenis
Perpustakaan;",-,Rasio,kunjungan per orang,,
11010011,Distribusi Persentase Anggota Legislatif,,[K01077] Lembaga Legislatif;,,Bagian dari populasi anggota legislatif disajikan dalam kelompok-kelompok atau disagregasi tertentu sehingga dapat menggambarkan distribusi anggota legislatif.,[32010026] Wilayah;,-,Persentase,persen,,
11010012,Indeks Demokrasi Indonesia (IDI),,[K00370] Demokrasi;,,Angka yang menggambarkan perkembangan demokrasi Indonesia yang dijadikan acuan dalam penyusunan program pembangunan politik oleh pemerintah pusat maupun daerah.,[32010026] Wilayah;,-,Indeks,-,,
11010013,Indeks Kerawanan Pemilu,,[K00882] Kerawanan Pemilu;,,Angka yang menggambarkan potensi adanya gangguan atau hambatan dalam proses pemilihan umum yang demokratis.,[32010026] Wilayah;,-,Indeks,-,,
11010014,Jumlah Pelanggaran Netralitas ASN,,[K01340] Pelanggaran; [K02369] Netralitas; [K00147] Aparatur Sipil Negara (ASN);,,Banyaknya tindakan pelanggaran ASN terhadap asas ketidakberpihakan pada segala bentuk pengaruh manapun dan kepentingan tertentu.,[32010026] Wilayah;,-,Total,pelanggaran,,
11010006,Persentase Penduduk Berumur 10 Tahun ke Atas yang Mengikuti Kegiatan Organisasi selain di Tempat Kerja/Sekolah,,[K01476] Penduduk; [K01263] Organisasi;,,Bagian dari seluruh penduduk berumur 10 tahun ke atas yang mengikuti kegiatan organisasi selain di tempat kerja/sekolah dalam kurun waktu tertentu.,"[32010026] Wilayah;
[10120066] Umur/Usia;",-,Persentase,persen,,
11010015,"Persentase Penduduk Berumur 10 Tahun ke Atas yang Mengikuti Kegiatan Rapat di
Lingkungan Sekitar",,[K01476] Penduduk;,,"Bagian dari seluruh penduduk berumur 10 tahun ke atas yang mengikuti kegiatan pertemuan (rapat) di lingkungan sekitar dalam kurun
waktu tertentu.",[32010026] Wilayah;,-,Persentase,persen,,
11010016,Persentase Penduduk Berumur 10 Tahun ke Atas yang Mengikuti Kegiatan Rapat di Lingkungan Sekitar dan Memberikan Saran/ Pendapat dalam Rapat Tersebut,,[K01476] Penduduk;,,Bagian dari seluruh penduduk berumur 10 tahun ke atas yang menjadi peserta kegiatan/pertemuan (rapat) di lingkungan sekitar dalam periode waktu tertentu dan pernah memberikan saran/pendapat dalam rapat tersebut.,[32010026] Wilayah;,-,Persentase,persen,,
11010009,Persentase Rumah Tangga yang Mengetahui Wawasan Kebangsaan,,[K01925] Rumah Tangga;,,"Bagian dari seluruh rumah tangga yang mengetahui salah satu dari wawasan kebangsaan, seperti dasar negara, lambang negara, dan lagu kebangsaan Indonesia.",[32010026] Wilayah;,-,Persentase,persen,,
11010007,Persentase Siswa yang Mengikuti Kegiatan Ekstrakurikuler,,"[K02026] Siswa; [K00426]
Ekstrakurikuler;",,Bagian dari seluruh penduduk  berusia 5 tahun ke atas yang masih bersekolah dan pernah atau sedang mengikuti kegiatan ekstrakurikuler.,[32010026] Wilayah;,-,Persentase,persen,,
11110004,Persentase Anak Berumur 5—17 Tahun yang Mengikuti Kursus Selain Bimbingan Belajar,,"[K00091] Anak;
[K01011] Kursus;",,Bagian dari populasi anak berumur 5—17 tahun yang mengikuti kursus/pelatihan/pendidikan keterampilan selain bimbingan belajar.,[32010026] Wilayah;,-,Persentase,persen,,
11110003,"Persentase Penduduk Berumur 15—24 Tahun yang Sedang Tidak Sekolah, Bekerja, atau Mengikuti Pelatihan (NEET)",,[K01476] Penduduk; [K01976] Sekolah; [K00237] Bekerja; [K01354] Pelatihan;,,"Bagian dari populasi penduduk berumur 15—24 tahun yang sedang tidak sekolah, bekerja, atau mengikuti pelatihan.","[32010026] Wilayah;
[32020020] Klasifikasi Wilayah;
[33220007] Jenis
Kelamin; [10320055] Tingkat Pendidikan; [10620071] Status Disabilitas;",-,Persentase,persen,,
21010012,Nilai Kontribusi dalam Forum dan Organisasi Internasional,,[K01264] Organisasi Internasional;,,Nilai kontribusi atau beban pengeluaran keuangan untuk pembayaran keanggotaan Indonesia dalam forum dan organisasi internasional.,[32010026] Wilayah;,-,Nilai,miliar rupiah,,
21010013,Nilai Pendanaan Kegiatan Kerja Sama Pembangunan Internasional,,[K00103] Anggaran; [K01264] Organisasi Internasional;,,"Nilai dana  yang disediakan (dalam rupiah) sebagai bentuk kontribusi Indonesia dalam kegiatan kerja sama pembangunan internasional, termasuk Kerja Sama Selatan-Selatan dan Triangular (KSST).",[32010026] Wilayah;,-,Nilai,rupiah,,
22010001,Distribusi Persentase Produk Domestik Bruto (PDB) Atas Dasar Harga Berlaku (ADHB),,[K01775] Produk Domestik Bruto (PDB);,,Besarnya peranan masing-masing lapangan usaha atau komponen dalam perekonomian nasional.,"[32010026] Wilayah;
[22020004] Jenis
Lapangan Usaha;",-,Persentase,persen,,
22010002,Indeks Harga Implisit Produk Domestik Bruto (PDB),,[K01775] Produk Domestik Bruto (PDB);,,Perbandingan antara PDB atas dasar harga berlaku dengan PDB atas dasar harga konstan.,"[32010026] Wilayah;
[22020004] Jenis
Lapangan Usaha;",-,Indeks,-,,
22010003,Indeks Harga Implisit Produk Domestik Regional Bruto (PDRB),,[K01776] Produk Domestik Regional Bruto (PDRB);,,Perbandingan antara PDRB atas dasar harga berlaku dengan PDRB atas dasar harga konstan.,"[32010026] Wilayah;
[22020004] Jenis
Lapangan Usaha;",-,Indeks,-,,
22010007,Laju Pertumbuhan Produk Domestik Bruto (PDB) Atas Dasar Harga Konstan (ADHK),,"[K01775] Produk Domestik Bruto (PDB); [K01710]
Pertumbuhan Ekonomi;",,Perkembangan nilai tambah barang dan jasa pada tahun tertentu terhadap nilai tahun sebelumnya yang dihitung berdasarkan produk domestik bruto atas dasar harga konstan.,"[32010026] Wilayah;
[22020004] Jenis
Lapangan Usaha;",-,Tingkat,persen,,
22010008,Laju Pertumbuhan Produk Domestik Bruto (PDB) Industri Manufaktur,,[K01775] Produk Domestik Bruto (PDB); [K00595] Industri Manufaktur;,,Pertumbuhan nilai PDB industri manufaktur pada periode waktu tertentu dibandingkan periode waktu sebelumnya.,[32010026] Wilayah;,-,Tingkat,persen,,
22010009,Laju Pertumbuhan Produk Domestik Bruto (PDB) per Kapita,,[K01775] Produk Domestik Bruto (PDB); [K01476] Penduduk;,,Pertumbuhan PDB per kapita pada periode tertentu dibandingkan periode sebelumnya.,[32010026] Wilayah;,-,Tingkat,persen,,
22010010,Laju Pertumbuhan Produk Domestik Bruto (PDB) per Tenaga Kerja,,[K01775] Produk Domestik Bruto (PDB); [K02159] Tenaga Kerja;,,Rata-rata laju pertumbuhan PDB per tenaga kerja dalam periode waktu tertentu.,[32010026] Wilayah;,-,Tingkat,persen,,
22010011,Laju Pertumbuhan Produk Domestik Regional Bruto (PDRB) Atas Dasar Harga Konstan (ADHK),,"[K01776] Produk Domestik Regional Bruto (PDRB); [K01710]
Pertumbuhan Ekonomi;",,Suatu indikator ekonomi makro yang digunakan untuk melihat perubahan produktivitas berdasarkan perkembangan volume produksi barang dan jasa yang diukur menggunakan produk domestik regional bruto (PDRB) atas dasar harga konstan.,"[32010026] Wilayah;
[22020004] Jenis
Lapangan Usaha;",-,Tingkat,persen,,
22010012,Nilai Tambah Bruto (NTB),,[K01228] Nilai Tambah;,,Besarnya pendapatan bersih yang dihitung dari selisih  antara pendapatan bruto dan pengeluaran untuk produksi (konsumsi antara).,[32010026] Wilayah;,-,Nilai,rupiah,,
22010023,Nilai Transaksi Atas Dasar Harga Dasar,,[K02220] Transaksi; [K00500] Harga Dasar;,,"Nilai transaksi barang dan jasa, baik yang berasal dari produksi dalam negeri (output domestik) maupun yang dimpor, yang dinilai berdasarkan",[32010026] Wilayah;,-,Nilai,rupiah,,
,,,,,harga dari produsen barang dan jasa yang bersangkutan tanpa margin perdagangan dan biaya pengangkutan serta pajak dikurangi subsidi atas produk.,,,,,,
22010024,Nilai Transaksi Atas Dasar Harga Pembeli,,[K00501] Harga Konsumen/Harga Eceran;,,"Nilai transaksi barang dan jasa, baik yang berasal dari produksi dalam negeri (output domestik) maupun yang diimpor, yang dinilai atas dasar harga yang dibayar oleh pembeli yang mencakup juga margin perdagangan dan biaya pengangkutan serta pajak dikurangi subsidi atas produk.",[32010026] Wilayah;,-,Nilai,rupiah,,
22010022,Nilai Transaksi Domestik Atas Dasar Harga Dasar,,[K02220] Transaksi; [K00500] Harga Dasar;,,Nilai transaksi atas barang dan jasa yang dihasilkan oleh sektor produksi di dalam negeri saja dan dinilai berdasarkan harga dari produsen barang dan jasa yang bersangkutan tanpa margin perdagangan dan biaya pengangkutan serta pajak dikurangi subsidi atas produk.,[32010026] Wilayah;,-,Nilai,rupiah,,
22010025,Persentase Biaya Logistik Nasional terhadap Produk Domestik Bruto (PDB),,[K01115] Logistik; [K01775] Produk Domestik Bruto (PDB);,,Angka yang menggambarkan kinerja logistik secara makro yang dilihat berdasarkan kontribusi biaya logistik terhadap produk domestik bruto (PDB).,[32010026] Wilayah;,-,Persentase,persen,,
22010013,Persentase Nilai Tambah Sektor Industri Manufaktur Terhadap Produk Domestik Bruto (PDB),,"[K01228] Nilai Tambah; [K00595] Industri Manufaktur; [K01775] Produk
Domestik Bruto (PDB);",,Besarnya kontribusi nilai tambah sektor industri manufaktur terhadap produk domestik bruto (PDB) yang dihitung atas dasar harga konstan.,[32010026] Wilayah;,-,Persentase,persen,,
22010014,Produk Domestik Bruto (PDB) Atas Dasar Harga Berlaku (ADHB),,[K01775] Produk Domestik Bruto (PDB);,,Jumlah nilai tambah barang dan jasa yang dihitung dengan menggunakan harga yang berlaku pada satu tahun tertentu sebagai dasar.,"[32010026] Wilayah;
[22020004] Jenis
Lapangan Usaha;",-,Nilai,miliar rupiah,,
22010015,Produk Domestik Bruto (PDB) Atas Dasar Harga Konstan (ADHK),,[K01775] Produk Domestik Bruto (PDB);,,Jumlah nilai tambah barang dan jasa yang dihitung dengan menggunakan harga yang  berlaku pada satu tahun tertentu sebagai dasar.,"[32010026] Wilayah;
[22020004] Jenis
Lapangan Usaha;",-,Nilai,miliar rupiah,,
22010016,Produk Domestik Bruto (PDB) per Kapita,,[K01775] Produk Domestik Bruto (PDB);,,Rata-rata nilai tambah ekonomi seluruh sektor yang dihasilkan oleh setiap penduduk.,[32010026] Wilayah;,-,Rasio,ribu rupiah per kapita,,
22010019,Proporsi Total Pendapatan Pemerintah Pusat terhadap Produk Domestik Bruto (PDB),,"[K01460] Pendapatan Pemerintah; [K01775] Produk
Domestik Bruto (PDB);",,"Besarnya kontribusi pendapatan negara yang bersumber dari penerimaan perpajakan, penerimaan negara bukan pajak, dan penerimaan hibah, terhadap produk domestik bruto (PDB) atas dasar harga berlaku (ADHB).",[32010026] Wilayah;,-,Persentase,persen,,
23010079,Indeks Sistem Merit,,[K02384] Sistem Merit;,,"Angka yang menggambarkan tingkat penerapan kebijakan dan manajemen sumber daya manusia (SDM) yang berdasarkan pada kualifikasi, kompetensi, dan kinerja secara adil dan wajar tanpa membedakan latar belakang politik, ras, warna kulit, agama, asal usul, jenis kelamin, status pernikahan, umur, atau kondisi kecacatan.",[32010026] Wilayah;,-,Indeks,-,,
23010082,Jumlah Badan Usaha Milik Desa (BUM Desa),,[K02342] Badan Usaha Milik Desa (BUM Desa);,,"Banyaknya badan  usaha yang didirikan oleh desa atau sekelompok desa guna mengelola usaha, memanfaatkan akses, mengembangkan investasi dan produktivitas, menyediakan jasa pelayanan, dan/atau menyediakan jenis usaha lainnya untuk kesejahteraan masyarakat desa.",[32010026] Wilayah;,-,Total,unit,,
23010083,Jumlah Badan Usaha Milik Negara (BUMN),,[K02343] Badan Usaha Milik Negara (BUMN);,,Banyaknya badan usaha yang seluruh atau sebagian besar modalnya dimiliki oleh negara melalui penyertaan secara langsung yang berasal dari kekayaan negara yang dipisahkan.,[32010026] Wilayah;,-,Total,unit usaha,,
23010084,Jumlah Nilai Ekspor Produk Ekonomi Kreatif,,[K00420] Ekspor; [K00417] Ekonomi Kreatif;,,"Nilai aktivitas perdagangan barang dan jasa produk ekonomi kreatif domestik yang dijual kepada pihak di luar negeri, transaksi ini terjadi antara pihak residen dengan nonresiden.","[32010026] Wilayah;
[23020097] Subsektor Ekonomi Kreatif;",-,Nilai,dolar Amerika Serikat,,
23010085,Jumlah Nilai Investasi Ekonomi Kreatif,,[K00622] Investasi; [K00417] Ekonomi Kreatif;,,Nilai realisasi penanaman modal atau investasi proyek di sektor ekonomi kreatif.,"[32010026] Wilayah;
[23020097] Subsektor Ekonomi Kreatif;",-,Nilai,dolar Amerika Serikat,,
23010086,Jumlah Nilai Tambah Ekonomi Kreatif,,"[K01228] Nilai Tambah;
[K00417] Ekonomi Kreatif;",,Selisih antara nilai produksi (output) dan biaya produksi dari suatu produk ekonomi kreatif.,"[32010026] Wilayah;
[23020097] Subsektor Ekonomi Kreatif;",-,Nilai,rupiah,,
23010026,Jumlah Pasar,,[K01291] Pasar;,,"Banyaknya lembaga ekonomi tempat bertemunya pembeli dan penjual, baik secara langsung maupun tidak langsung, untuk melakukan transaksi perdagangan.",[32010026] Wilayah;,-,Total,unit,,
23010087,Jumlah Pekerja pada Sektor Ekonomi Kreatif,,[K01306] Pekerja; [K00417] Ekonomi Kreatif;,,Banyaknya orang yang bekerja di sektor ekonomi kreatif.,"[32010026] Wilayah;
[23020097] Subsektor Ekonomi Kreatif; [33220007] Jenis
Kelamin; [10320055] Tingkat Pendidikan;",-,Total,orang,,
23010088,Jumlah Pelaku Usaha yang Dibina dalam Penerapan Standar Nasional Indonesia (SNI),,"[K01337] Pelaku Usaha; [K02045]
Standardisasi; [K02374] Penilaian Kesesuaian; [K02386] Standar Nasional Indonesia (SNI);",,"Banyaknya orang perseorangan atau badan usaha yang melakukan usaha dan/atau kegiatan pada bidang tertentu yang mendapatkan  konsultasi, pendidikan, pelatihan, atau pemasyarakatan terkait penerapan standar yang berlaku secara nasonal  di Indonesia.",[32010026] Wilayah;,-,Total,unit usaha,,
23010076,Jumlah Produksi,,[K01779] Produksi;,,Banyaknya produk barang/jasa yang dihasilkan dalam rentang waktu tertentu oleh suatu usaha.,"[32010026] Wilayah;
[22020004] Jenis
Lapangan Usaha;",-,Total,unit,,
23010089,Jumlah Usaha Ekonomi Kreatif yang Terstandardisasi dan/atau Tersertifikasi,,"[K02261] Usaha;
[K00417] Ekonomi Kreatif;",,Banyaknya usaha di bidang ekonomi kreatif yang telah terstandardisasi dan/atau tersertifikasi.,"[32010026] Wilayah;
[23020097] Subsektor Ekonomi Kreatif;",-,Total,usaha,,
23010090,Jumlah Usaha Sendiri/ Bersama yang Dimiliki,,[K02261] Usaha;,,"Banyaknya kegiatan yang bertujuan menghasilkan barang dan/atau jasa untuk memperoleh keuntungan, baik yang dilakukan oleh individu maupun kelompok yang berbadan hukum maupun tidak berbadan hukum.",[32010026]  Wilayah;,-,Total,unit usaha,,
23010059,Kapasitas Produksi,,[K01779] Produksi;,,Banyaknya keluaran maksimum yang mampu dihasilkan oleh suatu usaha.,"[32010026] Wilayah;
[22020004] Jenis
Lapangan Usaha;",-,Total,unit,,
23010031,Lama Sewa Bangunan,,"[K02012] Sewa;
[K00213] Bangunan;",,Rentang waktu sebuah bangunan digunakan oleh seseorang dengan membayar sejumlah uang.,[32010026] Wilayah;,-,Waktu,tahun,,
23010032,Luas Bangunan,,[K00213] Bangunan;,,Luas dari sebuah bangunan yang ditandai dengan batas-batas yang jelas.,[32010026] Wilayah;,-,Luas,meter persegi,,
23010025,Nilai Aset,,[K00159] Aset;,,"Banyaknya semua kekayaan yang dipunyai oleh individu ataupun kelompok, baik berwujud maupun tidak berwujud, yang memiliki nilai akan manfaat bagi  setiap orang atau perusahaan.","[32010026] Wilayah;
[23020007] Jenis Aset;",-,Nilai,rupiah,,
23010062,Nilai Bahan Baku,,[K00190] Bahan Baku;,,"Nilai keseluruhan barang mentah, barang setengah jadi, atau barang jadi yang dapat diolah menjadi barang setengah jadi atau barang jadi yang mempunyai nilai ekonomi yang lebih tinggi.",[32010026] Wilayah;,-,Nilai,rupiah,,
23010063,Nilai Bahan Penolong,,[K00195] Bahan Penolong;,,Nilai keseluruhan bahan yang digunakan sebagai pelengkap dalam proses produksi untuk menghasilkan produk yang fungsinya sesuai dengan parameter yang diharapkan.,[32010026] Wilayah;,-,Nilai,rupiah,,
23010064,Nilai Investasi,,[K00622] Investasi;,,"Besarnya modal yang ditempatkan, baik berupa uang maupun aset berhaga lainnya, ke dalam suatu benda, lembaga, atau suatu pihak dengan harapan pemodal atau investor kelak akan mendapatkan keuntungan setelah kurun waktu tertentu.","[32010026] Wilayah;
[22020004] Jenis
Lapangan Usaha;",-,Nilai,rupiah,,
23010061,Nilai Modal,,[K01197] Modal;,,"Banyaknya harta benda, baik uang maupun barang, yang dapat dipergunakan untuk menghasilkan sesuatu yang menambah kekayaan dan sebagainya.",[32010026] Wilayah;,-,Nilai,rupiah,,
23010039,Nilai Omzet,,[K01255] Omzet;,,Nilai penjualan total usaha selama periode tertentu.,[32010026] Wilayah;,-,Nilai,rupiah,,
23010091,Nilai Pembelian Barang,,[K01639] Perdagangan;,,"Total nilai barang yang dibeli dari wilayah lain yang dihitung berdasarkan satuan, kuantitas, dan harga per unit.",[32010026] Wilayah;,-,Nilai,rupiah,,
23010073,Nilai Pendapatan Usaha,,[K01465] Pendapatan Usaha;,,"Seluruh penghasilan yang timbul dari pelaksanaan aktivitas normal entitas, mencakup penjualan, fee, bunga, dividen, royalti, dan sewa.",[32010026] Wilayah;,-,Nilai,rupiah,,
23010040,Nilai Pengeluaran Logistik,,"[K01540] Pengeluaran Usaha;
[K01115] Logistik;",,"Nilai pengeluaran suatu usaha terkait arus barang, informasi, dan uang yang dilakukan melalui pengadaan, penyimpanan, transportasi, distribusi, dan pelayanan pengantaran.",[32010026] Wilayah;,-,Nilai,rupiah,,
23010075,Nilai Pengeluaran Sewa/ Kontrak,,[K01536] Pengeluaran; [K02012] Sewa;,,Seluruh biaya yang dikeluarkan untuk pemakaian sesuatu dengan membayar uang.,[32010026] Wilayah;,-,Nilai,rupiah,,
23010092,Nilai Pengeluaran Usaha,,[K01540] Pengeluaran Usaha;,,Seluruh pengeluaran operasional dan nonoperasional yang digunakan dalam kegiatan usaha.,[32010026] Wilayah;,-,Nilai,rupiah,,
23010093,Nilai Penjualan Barang,,[K01639] Perdagangan;,,Total nilai barang yang dijual ke wilayah lain yang dihitung,[32010026] Wilayah;,-,Nilai,rupiah,,
,,,,,"berdasarkan satuan, kuantitas, dan harga per unit.",,,,,,
23010068,Nilai Persediaan,,[K01700] Persediaan/ Inventori;,,"Nilai barang yang tersedia, baik bahan baku dan bahan penolong, bahan bakar, bahan pembungkus, barang produksi setengah jadi, maupun barang jadi yang ada di gudang/inventori yang tercatat.","[32010026] Wilayah;
[22020004] Jenis
Lapangan Usaha;",-,Nilai,rupiah,,
23010041,Nilai Produksi,,[K01779] Produksi;,,"Nilai dari produk barang atau jasa yang dihasilkan dalam rentang waktu tertentu, meliputi barang yang dijual, disimpan sebagai stok, dan digunakan sendiri.",[32010026] Wilayah;,-,Nilai,rupiah,,
23010094,Persentase Keluarga yang Memiliki Usaha Kecil,,[K00829] Keluarga; [K02269] Usaha Kecil;,,Bagian dari populasi keluarga yang memiliki usaha berskala kecil.,"[32010026] Wilayah;
[33120021] Status Kesejahteraan;",-,Persentase,persen,,
23010095,Persentase Keluarga yang Memiliki Usaha Menengah,,[K00829]  Keluarga; [K02273] Usaha Menengah;,,Bagian dari populasi keluarga yang memiliki usaha berskala menengah.,"[32010026] Wilayah;
[33120021] Status Kesejahteraan;",-,Persentase,persen,,
23010096,Persentase Keluarga yang Memiliki Usaha Mikro,,[K00829]  Keluarga; [K02274] Usaha Mikro;,,"Bagian dari populasi keluarga, yang memiliki usaha berskala mikro.","[32010026] Wilayah;
[33120021] Status Kesejahteraan;",-,Persentase,persen,,
23010044,Persentase Kepemilikan Modal,,[K01197] Modal;,,Besarnya peran kepemilikan modal menurut sumber modal terhadap modal total perusahaan.,"[32010026] Wilayah;
[23020050] Sumber Penanaman Modal;",-,Persentase,persen,,
23010057,Total Bahan Baku,,[K00190] Bahan Baku;,,"Banyaknya barang mentah, barang setengah jadi, atau barang jadi yang dapat diolah menjadi barang setengah jadi atau barang jadi yang mempunyai nilai ekonomi yang lebih tinggi.","[32010026] Wilayah;
[22020004] Jenis
Lapangan Usaha;",-,Total,unit,,
23010058,Total Bahan Penolong,,[K00195] Bahan Penolong;,,Banyaknya bahan yang  digunakan sebagai pelengkap dalam proses produksi untuk menghasilkan produk yang fungsinya sesuai dengan parameter yang diharapkan.,"[32010026] Wilayah;
[22020004] Jenis
Lapangan Usaha;",-,Total,unit,,
23010098,Volume Air Bersih yang Disalurkan,,[K02340] Air Bersih;,,Banyaknya air yang digunakan untuk keperluan sehari-hari yang kualitasnya,[32010026] Wilayah;,-,Volume,meter kubik,,
,,,,,memenuhi syarat kesehatan yang disalurkan.,,,,,,
24110249,Indeks Ketahanan Pangan,,[K00914] Ketahanan Pangan;,,Angka yang menggambarkan kondisi terpenuhinya pangan bagi negara sampai dengan perseorangan.,[3200026] Wilayah;,-,Indeks,-,,
24110250,Jarak Terdekat ke Kawasan Hutan,,[K00745] Kawasan Hutan;,,Jarak yang paling pendek dari tempat asal menuju ke wilayah yang ditunjuk dan ditetapkan oleh pemerintah sebagai hutan tetap.,[32010026] Wilayah;,-,Jarak,kilometer,,
24110035,Jumlah Bambu Hasil Usaha Kehutanan,,[K01779] Produksi; [K02271] Usaha Kehutanan;,,Banyaknya bambu bulat yang dihasilkan dari kegiatan pembudidayaan tanaman  bambu maupun pemungutan bambu di dalam kawasan hutan.,[32010026] Wilayah;,-,Total,batang,,
24110252,Jumlah Cadangan Pangan Pemerintah,,[K00305] Cadangan Pangan Pemerintah;,,"Banyaknya persediaan bahan pangan pokok yang dikuasai dan dikelola oleh pemerintah pusat, pemerintah daerah, dan masyarakat.",[32010026] Wilayah;,-,Massa,ton,,
24110253,Jumlah Dokter Hewan,,[K02350] Dokter Hewan;,,Banyaknya orang yang memiliki profesi dan kewenangan sebagai medik veteriner dalam melaksanakan pelayanan kesehatan hewan.,[32010026] Wilayah;,-,Total,orang,,
24110254,Jumlah Kapal Penangkap Ikan,,[K02362] Kapal Penangkap Ikan;,,"Banyaknya kapal yang digunakan untuk menangkap ikan, termasuk menampung, menyimpan, mendinginkan, dan/atau mengawetkan ikan, serta memiliki alat penangkapan ikan.","[32010026] Wilayah;
[24420010] Jenis
Pelabuhan Perikanan;",-,Total,unit,,
24110040,Jumlah Karang/Koral Tangkaran,,[K01779] Produksi; [K02282] Usaha Penangkaran Tumbuhan/Satwa Liar;,,Banyaknya karang/koral yang dibiakkan dan  dibesarkan untuk diambil hasilnya.,[32010026] Wilayah;,-,Total,terumbu,,
24110255,Jumlah Kesatuan Pengelolaan Hutan yang Memiliki Rencana,,[K00898] Kesatuan Pengelolaan Hutan (KPH);,,"Banyaknya wilayah pengelolaan hutan sesuai fungsi pokok dan peruntukannya, yang dikelola secara efektif, efisien dan lestari yang",[32010026] Wilayah;,-,Total,unit,,
,Pengelolaan Hutan Jangka Panjang,,,,memiliki rencana pengelolaan hutan dalam jangka waktu sepuluh tahun.,,,,,,
24110248,Jumlah Madu Hasil Pemungutan,,[K01779] Produksi; [K02281] Usaha Pemungutan Hasil Hutan;,,Banyaknya madu yang diperoleh dari kegiatan pemungutan di dalam kawasan hutan.,[32010026] Wilayah;,-,Volume,liter,,
24110056,Jumlah Pelaku Usaha Kelautan dan Perikanan,,"[K01337] Pelaku Usaha;
[K00824] Kelautan; [K01655] Perikanan;",,Banyaknya perseorangan atau badan usaha yang melakukan usaha dan/atau kegiatan terkait pengelolaan sumber daya kelautan dan perikanan.,[32010026] Wilayah;,-,Total,unit usaha,,
24110256,Jumlah Pelaku Usaha Sektor Kelautan dan Perikanan,,[K01337] Pelaku Usaha;,,Banyaknya orang perseorangan atau badan usaha yang melakukan dan/atau mendukung kegiatan usaha pada sektor kelautan dan perikanan.,"[32010026] Wilayah;
[33220007] Jenis
Kelamin;",-,Total,orang,,
24110257,Jumlah Pengadaan Komoditas Pangan,,[K00305] Cadangan Pangan Pemerintah;,,Bobot keseluruhan hasil pembelian pangan pokok tertentu yang ditetapkan untuk cadangan pangan pemerintah atau pemerintah daerah.,[32010026] Wilayah;,-,Massa,ton,,
24110064,Jumlah Pengelola Usaha Budi Daya Ikan,,"[K01515] Pengelola Usaha Pertanian; [K01405]
Pembudidayaan Ikan;",,"Banyaknya orang yang memiliki tanggung jawab teknis, yuridis, dan ekonomis pada unit usaha budi daya ikan, baik secara langsung atau pun dengan pendelegasian pengelolaan kerja sehari-hari kepada seorang manajer.","[32010026] Wilayah;
[33220007] Jenis
Kelamin;
[24120031] Jenis Unit Usaha Pertanian, Kehutanan, dan Perikanan;",-,Total,orang,,
24110065,Jumlah Pengelola Usaha Hortikultura,,[K01515] Pengelola Usaha Pertanian; [K02265] Usaha Hortikultura;,,"Banyaknya orang yang memiliki tanggung jawab teknis, yuridis, dan ekonomis pada unit usaha hortikultura, baik secara langsung atau pun dengan pendelegasian pengelolaan kerja sehari-hari kepada seorang manajer.","[32010026] Wilayah;
[33220007] Jenis
Kelamin;
[24120031] Jenis Unit Usaha Pertanian, Kehutanan, dan Perikanan;",-,Total,orang,,
24110068,Jumlah Pengelola Usaha Jasa Pertanian,,[K01515] Pengelola Usaha Pertanian; [K02268] Usaha Jasa Pertanian;,,"Banyaknya orang yang memiliki tanggung jawab teknis, yuridis, dan ekonomis pada unit usaha jasa pertanian, baik secara langsung atau pun dengan pendelegasian pengelolaan","[32010026] Wilayah;
[33220007] Jenis
Kelamin; [24120027] Jenis
Subsektor Pertanian,",-,Total,orang,,
,,,,,kerja sehari-hari kepada seorang manajer.,"Kehutanan, dan Perikanan; [24120031] Jenis Unit Usaha Pertanian, Kehutanan, dan Perikanan;",,,,,
24110069,Jumlah Pengelola Usaha Kehutanan,,[K01515] Pengelola Usaha Pertanian; [K02271] Usaha Kehutanan;,,"Banyaknya orang yang memiliki tanggung jawab teknis, yuridis, dan ekonomis pada unit usaha kehutanan, baik secara langsung atau pun dengan pendelegasian pengelolaan kerja sehari-hari kepada seorang manajer.","[32010026] Wilayah;
[33220007] Jenis
Kelamin;
[24120031] Jenis Unit Usaha Pertanian, Kehutanan, dan Perikanan;",-,Total,orang,,
24110072,Jumlah Pengelola Usaha Penangkapan Ikan,,[K01515] Pengelola Usaha Pertanian; [K01439] Penangkapan Ikan;,,"Banyaknya orang yang memiliki tanggung jawab teknis, yuridis, dan ekonomis pada unit penangkapan ikan, baik secara langsung atau pun dengan pendelegasian pengelolaan kerja sehari-hari kepada seorang manajer.","[32010026] Wilayah;
[33220007] Jenis
Kelamin;
[24120031] Jenis Unit Usaha Pertanian, Kehutanan, dan Perikanan;",-,Total,orang,,
24110073,Jumlah Pengelola Usaha Perikanan,,[K01515] Pengelola Usaha Pertanian; [K02286] Usaha Perikanan;,,"Banyaknya orang yang memiliki tanggung jawab teknis, yuridis, dan ekonomis pada unit usaha perikanan, baik secara langsung atau pun dengan pendelegasian pengelolaan kerja sehari-hari kepada seorang manajer.","[32010026] Wilayah;
[33220007] Jenis
Kelamin;
[24120031] Jenis Unit Usaha Pertanian, Kehutanan, dan Perikanan;",-,Total,orang,,
24110076,Jumlah Pengelola  Usaha Perkebunan,,[K01515] Pengelola Usaha Pertanian; [K02287] Usaha Perkebunan;,,"Banyaknya orang yang memiliki tanggung jawab teknis, yuridis, dan ekonomis pada unit usaha perkebunan, baik secara langsung atau pun dengan pendelegasian pengelolaan kerja sehari-hari kepada seorang manajer.","[32010026] Wilayah;
[33220007] Jenis
Kelamin;
[24120031] Jenis Unit Usaha Pertanian, Kehutanan, dan Perikanan;",-,Total,orang,,
24110063,Jumlah Pengelola Usaha Pertanian,,[K01515] Pengelola Usaha Pertanian;,,"Banyaknya orang yang memiliki tanggung jawab teknis, yuridis, dan ekonomis pada usaha pertanian tanaman pangan, pertanian tanaman","[32010026] Wilayah;
[10120066] Umur/Usia;
[33220007] Jenis
Kelamin;",-,Total,orang,,
,,,,,"hortikultura, perkebunan, dan peternakan.","[24120031] Jenis Unit Usaha Pertanian, Kehutanan, dan Perikanan;",,,,,
24110066,Jumlah Pengelola Usaha Pertanian Gurem,,[K01515] Pengelola Usaha Pertanian; [K02289] Usaha Pertanian Gurem;,,"Banyaknya orang yang memiliki tanggung jawab teknis, yuridis, dan ekonomis pada unit usaha pertanian, baik untuk subsektor tanaman pangan, hortikultura, perkebunan, maupun peternakan, dengan penguasaan lahan kurang dari 0,5 hektare.","[32010026] Wilayah;
[24120031] Jenis Unit Usaha Pertanian, Kehutanan, dan Perikanan;",-,Total,orang,,
24110067,Jumlah Pengelola Usaha Pertanian Pengguna Lahan Pertanian,,[K01515] Pengelola Usaha Pertanian; [K01036] Lahan Pertanian/Agricultural Land;,,"Banyaknya orang yang memiliki tanggung jawab teknis, yuridis, dan ekonomis pada unit usaha pertanian, baik untuk subsektor tanaman pangan, hortikultura, perkebunan, maupun peternakan, yang menguasai lahan pertanian, tidak termasuk lahan kegiatan budi daya di laut atau perairan umum.","[32010026] Wilayah;
[24120031] Jenis Unit Usaha Pertanian, Kehutanan, dan Perikanan;",-,Total,orang,,
24110082,Jumlah Pengelola Usaha Pertanian Tanaman Padi,,[K01515] Pengelola Usaha Pertanian;,,"Banyaknya orang yang memiliki tanggung jawab teknis, yuridis, dan ekonomis pada usaha pertanian tanaman padi.","[32010026] Wilayah;
[24120031] Jenis Unit Usaha Pertanian, Kehutanan, dan Perikanan;",-,Total,orang,,
24110083,Jumlah Pengelola Usaha Pertanian Tanaman Palawija,,[K01515] Pengelola Usaha Pertanian;,,"Banyaknya orang yang memiliki tanggung jawab teknis,  yuridis, dan ekonomis pada usaha pertanian tanaman palawija.","[32010026] Wilayah;
[24120031] Jenis Unit Usaha Pertanian, Kehutanan, dan Perikanan;",-,Total,orang,,
24110084,Jumlah Pengelola Usaha Pertanian Tanaman Pangan,,[K01515] Pengelola Usaha Pertanian; [K02295] Usaha Tanaman Pangan;,,"Banyaknya orang yang memiliki tanggung jawab teknis, yuridis, dan ekonomis pada unit usaha pertanian tanaman pangan, baik secara langsung atau pun dengan pendelegasian pengelolaan kerja sehari-hari kepada seorang manajer.","[32010026] Wilayah;
[33220007] Jenis
Kelamin;
[24120031] Jenis Unit Usaha Pertanian, Kehutanan, dan Perikanan;",-,Total,orang,,
24110079,Jumlah Pengelola Usaha Peternakan,,[K01515] Pengelola Usaha Pertanian; [K02292] Usaha Peternakan;,,"Banyaknya orang yang memiliki tanggung jawab teknis, yuridis, dan ekonomis pada unit usaha  peternakan, baik secara langsung atau pun dengan pendelegasian pengelolaan kerja sehari-hari kepada seorang manajer.","[32010026] Wilayah;
[33220007] Jenis
Kelamin;
[24120031] Jenis Unit Usaha Pertanian, Kehutanan, dan Perikanan;",-,Total,orang,,
24110258,Jumlah Penyuluh,,[K01612] Penyuluh;,,"Banyaknya orang perorangan yang melakukan proses pembelajaran bagi pelaku utama serta pelaku usaha agar mereka mau dan mampu menolong dan mengorganisasikan dirinya dalam mengakses informasi pasar, teknologi, permodalan, dan sumber daya lainnya, sebagai upaya untuk meningkatkan produktivitas, efisiensi usaha, pendapatan, dan kesejahteraannya, serta meningkatkan kesadaran dalam pelestarian fungsi lingkungan hidup.","[32010026] Wilayah;
[24120022] Jenis
Penyuluh;",-,Total,orang,,
24110095,Jumlah Petani,,[K01744] Petani;,,"Banyaknya perseorangan dan/atau keluarganya yang melakukan usaha pertanian tanaman pangan, tanaman hortikultura, atau tanaman perkebunan, dan/atau usaha peternakan.",[32010026] Wilayah;,-,Total,orang,,
24110096,Jumlah Petani Gurem,,[K01745] Petani Gurem;,,"Banyaknya perseorangan dan/atau beserta keluarganya yang melakukan usaha pertanian dengan penguasaan lahan pertanian kurang dari 0,5 hektare.",[32010026] Wilayah;,-,Total,orang,,
24110098,Jumlah Petani Pengguna Lahan Pertanian,,[K01744] Petani; [K01036] Lahan Pertanian/Agricultural Land;,,"Banyaknya orang dan/atau beserta keluarganya yang menggunakan lahan pertanian untuk melakukan usaha pertanian di bidang tanaman pangan, hortikultura, perkebunan, dan/atau peternakan.",[32010026] Wilayah;,-,Total,orang,,
24110259,Jumlah Petani yang Tergabung dalam Kelompok Tani,,[K01744] Petani; [K00826] Kelompok Tani (Poktan);,,"Banyaknya petani/peternak/pekebun yang tergabung dalam kelompok tani atas dasar kesamaan kepentingan, kesamaan kondisi lingkungan sosial, ekonomi, dan sumberdaya, kesamaan komoditas, dan keakraban untuk meningkatkan dan mengembangkan usaha anggota.",[32010026] Wilayah;,-,Total,orang,,
24110100,Jumlah Pohon Tanaman Kehutanan,,[K02110] Tanaman Kehutanan;,,"Banyaknya pohon tanaman kehutanan yang diusahakan untuk diambil hasilnya atau dipanen dalam bentuk kayu, seperti sengon, mahoni, akasia, suren, dan sungkai, tidak termasuk pohon rotan, pohon bambu, dan kayu putih.",[32010026] Wilayah;,-,Total,pohon,,
24110260,Jumlah Produk Olahan Ikan;,,[K01283] Pangan Olahan;,,Berat produk hasil pengolahan berbahan baku ikan menjadi produk pangan olahan untuk konsumsi manusia.,"[32010026] Wilayah;
[23020048] Skala
Usaha;",-,Massa,ton,,
24110107,Jumlah Produksi Bibit Ikan,,[K01779] Produksi; [K01391] Pembibitan Ikan;,,"Banyaknya bibit hasil kegiatan pembiakan ikan dalam media baik air tawar, air laut, maupun air payau sampai umur, bentuk, dan ukuran tertentu, yang peruntukannya sebagai input untuk kegiatan budi daya pembesaran ikan.",[32010026] Wilayah;,-,Total,ekor,,
24110101,Jumlah Produksi Daging,,[K01779] Produksi; [K00338] Daging (Meatyield);,,"Banyaknya daging hasil pemotongan ternak di suatu wilayah, termasuk bagian yang dapat dimakan (edible portion), misalnya jeroan dan daging variasi, selama waktu tertentu.","[32010026] Wilayah;
[24120030] Jenis
Ternak;",-,Massa,kilogram,,
24110261,Jumlah Produksi Daun Kayu Putih,,[K01779] Produksi;,,Banyaknya produksi daun kayu putih yang dibudidayakan oleh rumah tangga/usaha tanaman kehutanan.,[32010026] Wilayah;,-,Total,kilogram,,
24110262,Jumlah Produksi Garam,,[K01779] Produksi; [K00468] Garam;,,Banyaknya garam yang dihasilkan oleh petambak garam dan usaha garam.,[32010026] Wilayah;,-,Total,ton,,
24110263,Jumlah Produksi Getah Tanaman Kehutanan,,[K02294] Usaha Tanaman Kehutanan;,,"Banyaknya produksi getah dari tanaman kehutanan seperti damar, gaharu dan pinus, yang  dibudidayakan oleh rumah tangga/usaha tanaman kehutanan.",[32010026] Wilayah;,-,Total,kilogram,,
24110105,Jumlah Produksi Ikan Hias,,"[K01779] Produksi; [K01405]
Pembudidayaan Ikan;",,"Banyaknya ikan hias hasil kegiatan pemeliharaan, pembesaran, dan/atau pembiakan ikan hias dalam suatu wadah dengan menggunakan media air tawar atau air laut.",[32010026] Wilayah;,-,Total,ekor,,
24110106,Jumlah Produksi Kayu Bulat Tanaman Kehutanan,,[K01779] Produksi; [K02110] Tanaman Kehutanan;,,"Banyaknya kayu bulat hasil penebangan tanaman kehutanan, termasuk hasil penebangan untuk penjarangan tanaman.",[32010026] Wilayah;,-,Volume,meter kubik,,
24110264,Jumlah Produksi Palawija,,[K01779] Produksi; [K01280] Palawija;,,Kuantitas hasil budi daya tanaman palawija yang diukur berdasarkan luas panen dan produktivitas per hektare.,[32010026] Wilayah;,-,Massa,ton,,
24110108,Jumlah Produksi Pembesaran Ikan,,"[K01779] Produksi; [K01405]
Pembudidayaan Ikan;",,"Banyaknya produksi ikan konsumsi hasil kegiatan pemeliharaan, pembesaran, serta pemanenan yang dilakukan menggunakan media air laut, air payau, atau air tawar dalam lingkungan yang terkontrol.","[32010026] Wilayah;
[24120013] Jenis
Kegiatan Pembudidayaan Ikan;",-,Massa,ton,,
24110109,Jumlah Produksi Pembudidayaan Ikan,,"[K01779] Produksi; [K01405]
Pembudidayaan Ikan;",,"Banyaknya ikan konsumsi, ikan hias, dan rumput laut yang telah dipanen dari tempat pemeliharaan yang diusahakan oleh pelaku usaha budi daya ikan.",[32010026] Wilayah;,-,Massa,ton,,
24110003,Jumlah Produksi Penangkapan Ikan,,[K01779] Produksi; [K01439] Penangkapan Ikan;,,"Banyaknya seluruh hasil yang diperoleh dari kegiatan penangkapan ikan/binatang air lainnya/tanaman air dari sumber perikanan, baik di laut maupun perikanan darat.",[32010026] Wilayah;,-,Massa,kilogram,,
24110110,Jumlah Produksi Susu,,[K01779] Produksi;,,"Banyaknya susu yang diproduksi oleh ternak, termasuk yang diberikan kepada anak ternak, rusak,",[32010026] Wilayah;,-,Volume,liter,,
,,,,,"diperdagangkan, dikonsumsi, dan diberikan kepada orang lain.",,,,,,
24110113,Jumlah Produksi Telur Unggas,,[K01779] Produksi;,,"Banyaknya telur yang dihasilkan oleh unggas, termasuk yang ditetaskan, rusak, diperdagangkan, dikonsumsi, dan diberikan kepada orang lain.",[32010026] Wilayah;,-,Massa,kilogram,,
24110265,Jumlah Realisasi Pupuk Bersubsidi,,[K01833] Pupuk;,,Banyaknya penyaluran pupuk dengan bantuan dari pemerintah untuk kebutuhan petani yang dilaksanakan atas dasar program pemerintah di sektor pertanian.,[32010026] Wilayah;,-,Total,ton,,
24110046,Jumlah Rotan Hasil Usaha Kehutanan,,[K01779] Produksi; [K02271] Usaha Kehutanan;,,Banyaknya rotan yang dihasilkan dari kegiatan pembudidayaan tanaman rotan maupun pemungutan rotan di dalam kawasan hutan.,[32010026] Wilayah;,-,Total,batang,,
24110266,Jumlah Rumah Tangga Petani,,[K01932] Rumah Tangga Usaha Pertanian (RTUP);,,"Banyaknya rumah tangga yang salah satu anggota rumah tangganya mengusahakan/menguasai/melakuka n kegiatan di subsektor tanaman pangan, hortikultura, perkebunan, atau peternakan.",[32010026] Wilayah;,-,Total,rumah tangga,,
24110116,Jumlah Rumah Tangga Usaha Budi Daya Ikan,,"[K01925] Rumah Tangga; [K01405]
Pembudidayaan Ikan;",,"Banyaknya rumah tangga yang melakukan kegiatan pemeliharaan, pembesaran, dan/atau pembiakan ikan serta panen hasilnya dalam lingkungan yang terkontrol dengan tujuan sebagian atau seluruh hasilnya untuk dijual.",[32010026] Wilayah;,-,Total,rumah tangga,,
24110267,Jumlah Rumah Tangga Usaha Budi Daya Ikan Hias,,"[K01925] Rumah Tangga; [K01405]
Pembudidayaan Ikan;",,"Banyaknya rumah tangga yang melakukan pemeliharaan, pembesaran, dan/atau pembiakan ikan dalam suatu wadah dengan menggunakan media air tawar atau air laut, serta hasil panennya sebagai hiasan (bukan untuk dikonsumsi).","[32010026] Wilayah;
[24120013] Jenis
Kegiatan Pembudidayaan Ikan;",-,Total,rumah tangga,,
24110268,Jumlah Rumah Tangga Usaha Budi Daya Pembesaran Ikan,,"[K01925] Rumah Tangga; [K01405]
Pembudidayaan Ikan;",,"Banyaknya rumah tangga yang melakukan pemeliharaan dan/atau pembesaran benih ikan/gelondongan hingga mencapai umur, bentuk dan ukuran tertentu yang diperuntukkan sebagai ikan konsumsi.","[32010026] Wilayah;
[24120013] Jenis
Kegiatan Pembudidayaan Ikan;",-,Total,rumah tangga,,
24110269,Jumlah Rumah Tangga Usaha Budi Daya Pembibitan Ikan,,"[K01925] Rumah Tangga;
[K01391] Pembibitan Ikan;",,"Banyaknya rumah tangga yang melakukan kegiatan  pembiakan ikan dalam media baik air tawar, air laut maupun air payau sampai umur, bentuk, dan ukuran tertentu, yang peruntukannya sebagai input untuk kegiatan budi daya pembesaran.","[32010026] Wilayah;
[24120013] Jenis
Kegiatan Pembudidayaan Ikan;",-,Total,rumah tangga,,
24110118,Jumlah Rumah Tangga Usaha Hortikultura,,[K01932] Rumah Tangga Usaha Pertanian (RTUP); [K02265] Usaha Hortikultura;,,"Banyaknya rumah tangga yang anggotanya melakukan kegiatan usaha yang menghasilkan produk tanaman sayuran, tanaman buah-buahan, tanaman hias, dan/atau tanaman obat, dengan tujuan sebagian atau seluruh hasilnya dijual/ditukar atas risiko usaha.",[32010026] Wilayah;,-,Total,rumah tangga,,
24110120,Jumlah Rumah Tangga Usaha Jasa Pertanian,,"[K01925] Rumah Tangga;
[K02268] Usaha Jasa Pertanian;",,"Banyaknya rumah tangga yang melakukan kegiatan usaha atas dasar balas jasa atau kontrak/secara borongan yang terkait bidang pertanian, seperti kegiatan pengolahan lahan, penyelenggaraan irigasi, pemupukan, penyewaan alat pertanian dengan operatornya, penyebaran bibit/benih, pengendalian organisme pengganggu tanaman, pemangkasan, pemanenan, penanganan pascapanen, pelayanan pencari rumput untuk makanan ternak, penggembalaan ternak, pelayanan kesehatan ternak, pencukuran bulu ternak, penyewaan pejantan, penetasan telur, dan","[32010026] Wilayah;
[24120027] Jenis
Subsektor Pertanian, Kehutanan, dan Perikanan;",-,Total,rumah tangga,,
,,,,,pemeliharaan/perawatan alat pertanian.,,,,,,
24110121,Jumlah Rumah Tangga Usaha Kehutanan,,[K01925] Rumah Tangga; [K02271] Usaha Kehutanan;,,"Banyaknya rumah tangga yang anggotanya melakukan kegiatan budi daya dan pembibitan tanaman kehutanan, penangkaran satwa/tumbuhan liar, dan/atau pemungutan hasil hutan dan penangkapan satwa liar, baik di dalam maupun di luar kawasan hutan.",[32010026] Wilayah;,-,Total,rumah tangga,,
24110271,Jumlah Rumah Tangga Usaha Pemungutan Hasil Hutan,,"[K01925] Rumah Tangga; [K02281] Usaha
Pemungutan Hasil Hutan;",,"Banyaknya rumah tangga yang anggota rumah tangganya mengambil benda-benda hayati di hutan/kawasan hutan, dengan tujuan sebagian atau seluruh hasilnya dijual/ditukar.",[32010026] Wilayah;,-,Total,rumah tangga,,
24110123,Jumlah Rumah Tangga Usaha Penangkapan Ikan,,"[K01925] Rumah Tangga;
[K01439] Penangkapan Ikan;",,"Banyaknya rumah tangga usaha perikanan yang melakukan kegiatan penangkapan dan pengumpulan organisme air, termasuk tanaman yang ada di laut, pesisir, maupun perairan darat, baik untuk dikonsumsi manusia maupun untuk keperluan lainnya.","[32010026] Wilayah;
[24120021] Jenis
Perairan;",-,Total,rumah tangga,,
24110272,Jumlah Rumah Tangga Usaha Penangkaran Satwa Liar,,"[K01925] Rumah Tangga; [K02282] Usaha Penangkaran
Tumbuhan/Satwa Liar;
[K01975] Satwa Liar;",,"Banyaknya rumah tangga yang anggota rumah tangganya mengupayakan pembiakan satwa liar melalui pengembangbiakan dan pembesaran dengan tetap mempertahankan jenisnya, dengan tujuan sebagian atau seluruh hasilnya dijual/ditukar.","[32010026] Wilayah;
[24120016] Jenis
Komoditas Tumbuhan/Satwa Liar;",-,Total,rumah tangga,,
24110273,Jumlah Rumah Tangga Usaha Penangkaran Tumbuhan Liar,,"[K01925] Rumah Tangga; [K02282] Usaha Penangkaran
Tumbuhan/Satwa Liar;
[K02234] Tumbuhan Liar;",,"Banyaknya rumah tangga yang anggota rumah tangganya mengupayakan pembiakan dan pembesaran tumbuhan liar dengan tetap mempertahankan jenisnya, dengan tujuan sebagian atau seluruh hasilnya dijual/ditukar.","[32010026] Wilayah;
[24120016] Jenis
Komoditas Tumbuhan/Satwa Liar;",-,Total,rumah tangga,,
24110274,Jumlah Rumah Tangga Usaha Perburuan dan Penangkapan Satwa Liar,,"[K01925] Rumah Tangga; [K02284] Usaha Perburuan dan
Penangkapan Satwa Liar;
[K01975] Satwa Liar;",,"Banyaknya rumah tangga yang anggota rumah tangganya melakukan kegiatan berburu dan menangkap satwa liar dan/atau mengambil bagian-bagiannya, dengan tujuan sebagian atau seluruh hasilnya dijual/ditukar.","[32010026] Wilayah;
[24120016] Jenis
Komoditas Tumbuhan/ Satwa Liar;",-,Total,rumah tangga,,
24110124,Jumlah Rumah Tangga Usaha Perikanan,,"[K01925] Rumah Tangga;
[K01655] Perikanan; [K02286] Usaha Perikanan;",,Banyaknya rumah tangga yang melakukan kegiatan yang berhubungan dengan pengelolaan dan pemanfaatan sumber daya ikan dan lingkungannya secara berkelanjutan dengan tujuan sebagian atau seluruh hasilnya untuk dijual/ditukar.,[32010026] Wilayah;,-,Total,rumah tangga,,
24110125,Jumlah Rumah Tangga Usaha Perkebunan,,[K01932] Rumah Tangga Usaha Pertanian (RTUP); [K02287] Usaha Perkebunan;,,"Banyaknya rumah tangga yang anggotanya melakukan kegiatan memelihara/menguasai/melakukan kegiatan budi daya tanaman perkebunan, termasuk pembibitan tanaman perkebunan, dengan tujuan sebagian atau seluruh hasilnya untuk dijual/ditukar.",[32010026] Wilayah;,-,Total,rumah tangga,,
24110127,Jumlah Rumah Tangga Usaha Pertanian,,[K01932] Rumah Tangga Usaha Pertanian (RTUP);,,Banyaknya rumah tangga yang memelihara/menguasai/melakukan minimal satu jenis kegiatan pertanian dengan tujuan sebagian atau seluruh hasilnya untuk dijual/ditukar (khusus tanaman pangan termasuk yang seluruhnya dikonsumsi sendiri).,"[32010026] Wilayah;
[33220007] Jenis
Kelamin;
[10120066] Umur/Usia;",-,Total,rumah tangga,,
24110128,Jumlah Rumah Tangga Usaha Pertanian Gurem,,[K01932] Rumah Tangga Usaha Pertanian (RTUP); [K02289] Usaha Pertanian Gurem;,,"Banyaknya rumah tangga yang memelihara/menguasai/melakukan minimal satu jenis kegiatan pertanian dengan tujuan sebagian atau seluruh hasilnya untuk dijual/ditukar (khusus tanaman pangan termasuk yang seluruhnya dikonsumsi sendiri) penguasaan lahan pertanian kurang dari 0,50 hektare.",[32010026] Wilayah;,-,Total,rumah tangga,,
24110129,Jumlah Rumah Tangga Usaha Pertanian Pengguna Lahan,,[K01932] Rumah Tangga Usaha Pertanian (RTUP); [K01036] Lahan Pertanian/Agricultural Land;,,"Banyaknya rumah tangga yang memelihara/menguasai/melakukan minimal satu jenis kegiatan pertanian dengan tujuan sebagian atau seluruh hasilnya untuk dijual/ditukar (khusus tanaman pangan termasuk yang seluruhnya dikonsumsi sendiri) dan menguasai lahan pertanian, tidak termasuk lahan kegiatan budi daya di laut atau perairan umum.","[32010026] Wilayah;
[24120027] Jenis
Subsektor Pertanian, Kehutanan, dan Perikanan;",-,Total,rumah tangga,,
24110135,Jumlah Rumah Tangga Usaha Pertanian Perkotaan/Urban Farming,,[K01932] Rumah Tangga Usaha Pertanian (RTUP); [K01707] Pertanian Perkotaan/Urban Farming;,,"Banyaknya rumah tangga di wilayah perkotaan yang memanfaatkan lahan terbatas, dengan sebagian besar media tanam tidak di permukaan tanah secara langsung atau menggunakan pot dan sejenisnya, serta menerapkan teknologi seperti hidroponik, akuaponik, vertikultura, media terpal dan sejenisnya.",[32010026] Wilayah;,-,Total,rumah tangga,,
24110275,Jumlah Rumah Tangga Usaha Pertanian yang Menggunakan  Benih Rekayasa Genetika,,[K01932] Rumah Tangga Usaha Pertanian (RTUP); [K00263] Benih Tanaman;,,Banyaknya rumah tangga yang anggota rumah tangganya melakukan usaha budi daya menggunakan benih tanaman yang memiliki gen asing dari spesies tanaman yang berbeda atau makhluk hidup lain guna mendapatkan sifat-sifat yang diinginkan.,[32010026] Wilayah;,-,Total,rumah tangga,,
24110276,Jumlah Rumah Tangga Usaha Pertanian yang Menggunakan Lahan dari Perhutanan Sosial,,"[K01932] Rumah Tangga Usaha Pertanian (RTUP); [K01019] Lahan;
[K01654] Perhutanan Sosial;",,Banyaknya rumah tangga yang anggota rumah tangganya mengikuti program perhutanan sosial dan menggunakan lahan yang diterima dari program perhutanan sosial.,[32010026] Wilayah;,-,Total,rumah tangga,,
24110277,Jumlah Rumah Tangga Usaha Pertanian yang Mengikuti Program Perhutanan Sosial,,[K01932] Rumah Tangga Usaha Pertanian (RTUP); [K01654] Perhutanan Sosial;,,Banyaknya rumah tangga yang anggota rumah tangganya ada yang mengikuti sistem pengelolaan hutan lestari yang dilaksanakan dalam kawasan hutan negara atau hutan,[32010026] Wilayah;,-,Total,rumah tangga,,
,,,,,"hak/hutan adat untuk meningkatkan kesejahteraannya, keseimbangan lingkungan dan dinamika sosial budaya.",,,,,,
24110278,Jumlah Rumah Tangga Usaha Pertanian yang Tanamannya Berada di Bawah Pelindung,,[K01932] Rumah Tangga Usaha Pertanian (RTUP); [K02108] Tanaman di Bawah Pelindung;,,"Banyaknya rumah tangga yang anggota rumah tangganya mengusahakan budi daya tanaman pertanian di bawah atap kaca, plastik, atau material lain agar terhindari cuaca, hama, atau penyakit.","[32010026] Wilayah;
[24120027] Jenis
Subsektor Pertanian, Kehutanan, dan Perikanan;",-,Total,rumah tangga,,
24110130,Jumlah Rumah Tangga Usaha Peternakan,,[K01932] Rumah Tangga Usaha Pertanian (RTUP); [K02292] Usaha Peternakan;,,"Banyaknya rumah tangga yang anggotanya melakukan kegiatan pemeliharaan ternak, meliputi penggemukan, pembibitan, pengembangbiakan, dan/atau pemacekan yang menghasilkan produk peternakan dengan tujuan sebagian atau seluruh hasilnya dijual/ditukar atas risiko usaha.",[32010026] Wilayah;,-,Total,rumah tangga,,
24110132,Jumlah Rumah Tangga Usaha Tanaman Kehutanan,,[K01932] Rumah Tangga Usaha Pertanian (RTUP); [K02294] Usaha Tanaman Kehutanan;,,"Banyaknya rumah tangga yang anggotanya mengusahakan/mengelola tanaman kehutanan baik milik sendiri, bagi hasil, maupun mengusahakan/ mengelola tanaman kehutanan milik orang lain dengan diberi upah (kuasa usaha) dan menanggung risiko (bukan buruh).",[32010026] Wilayah;,-,Total,rumah tangga,,
24110133,Jumlah Rumah Tangga Usaha Tanaman Pangan,,[K01932] Rumah Tangga Usaha Pertanian (RTUP); [K02295] Usaha Tanaman Pangan;,,"Banyaknya rumah tangga yang anggota rumah tangganya melakukan kegiatan pertanian yang menghasilkan produk tanaman pangan (padi dan palawija), baik untuk dijual/ditukar atau dikonsumsi sendiri, termasuk usaha pembibitan tanaman pangan atas dasar risiko usaha (bukan sebagai buruh tani atau pekerja keluarga).",[32010026] Wilayah;,-,Total,rumah tangga,,
24110139,Jumlah Satwa Liar Hasil Kegiatan Kehutanan,,[K01779] Produksi; [K01975] Satwa Liar;,,Banyaknya satwa liar yang dihasilkan dari kegiatan penangkaran melalui,[32010026] Wilayah;,-,Total,ekor,,
,,,,,pembiakan dan pembesaran satwa maupun kegiatan perburuan/penangkapan satwa liar.,,,,,,
24110279,Jumlah Satwa Liar yang Ditangkar,,[K01975] Satwa Liar; [K02282] Usaha Penangkaran Tumbuhan/Satwa Liar;,,"Banyaknya satwa yang masih mempunyai sifat liar, kemurnian jenis dan genetik yang dikembangbiakan dan dibesarkan dengan tetap mempertahankan jenisnya, dengan tujuan sebagian atau seluruh hasilnya dijual/ditukar.",[32010026] Wilayah;,-,Total,ekor,,
24110233,Jumlah Ternak,,[K02197] Ternak;,,"Banyaknya hewan yang dipelihara atau diusahakan, yang produknya diperuntukkan sebagai penghasil pangan, bahan baku industri, jasa, dan/atau hasil ikutannya, termasuk ternak hobi.","[32010026] Wilayah;
[24120030] Jenis
Ternak;",-,Total,ekor,,
24110280,Jumlah Ternak Keluar,,[K02197] Ternak; [K01584] Penjualan;,,"Banyaknya hewan peliharaan yang dikirim ke luar kabupaten/kota, provinsi, atau luar negeri, baik melalui penjualan dan/atau pengurangan lain.",[32010026] Wilayah;,-,Total,ekor,,
24110281,Jumlah Ternak Masuk,,[K02197] Ternak;,,"Banyaknya ternak yang didatangkan dari luar kabupaten/kota, provinsi, atau luar negeri, melalui pembelian dan/atau penambahan lain seperti ternak bantuan.",[32010026] Wilayah;,-,Total,ekor,,
24110282,Jumlah Ternak pada Rumah Tangga Usaha Pertanian,,[K02197] Ternak; [K01932] Rumah Tangga Usaha Pertanian (RTUP);,,"Banyaknya ternak yang hidup pada wilayah dan periode waktu tertentu di rumah tangga usaha pertanian baik untuk tujuan dijual maupun tidak
dijual.","[32010026] Wilayah;
[24120030] Jenis
Ternak; [24120250] Jenis
Kelamin Hewan;",-,Total,ekor,,
24110283,Jumlah Ternak pada Rumah Tangga Usaha Peternakan dengan Tujuan Dijual,,[K01932] Rumah Tangga Usaha Pertanian (RTUP); [K02292] Usaha Peternakan;,,Banyaknya ternak yang hidup pada wilayah dan periode waktu tertentu di rumah tangga usaha peternakan dengan tujuan dijual.,"[32010026] Wilayah;
[24120030] Jenis
Ternak;",-,Jumlah,ekor,,
24110284,Jumlah Ternak Unggas Pedaging pada Unit Usaha Pertanian,,[K02197] Ternak; [K02389] Unggas Pedaging; [K02288] Usaha Pertanian;,,"Banyaknya hewan unggas yang pemanfaatan dagingnya untuk konsumsi manusia, yang dipelihara unit usaha pertanian dengan tujuan dijual maupun tidak dijual.","[32010026] Wilayah;
[24120031] Jenis Unit Usaha Pertanian, Kehutanan, dan Perikanan; [24120030] Jenis
Ternak;",-,Jumlah,ekor,,
24110060,Jumlah Ternak yang Dipotong,,[K01420] Pemotongan Ternak;,,"Banyaknya ternak yang dijagal/dipotong dengan tujuan untuk mendapatkan daging, kulit, dan produk lainnya yang dapat dimanfaatkan sesuai dengan syarat dan ketentuan yang berlaku.",[32010026] Wilayah;,-,Total,ekor,,
24110143,Jumlah Tumbuhan Liar,,[K02234] Tumbuhan Liar;,,"Banyaknya seluruh tumbuhan liar, termasuk indukan, yang ditangkarkan melalui pengembangbiakan dan pembesaran dengan tetap mempertahankan jenisnya.",[32010026] Wilayah;,-,Total,pohon,,
24110144,Jumlah Tumbuhan Liar Hasil Usaha Penangkaran,,[K01779] Produksi; [K02234] Tumbuhan Liar;,,Banyaknya tumbuhan liar yang dihasilkan dari kegiatan penangkaran melalui pengembangbiakan dan pembesaran dengan tetap mempertahankan jenisnya.,[32010026] Wilayah;,-,Total,pohon,,
24110285,Jumlah Tumbuhan Liar yang Ditangkar,,"[K02234] Tumbuhan Liar;
[K02282] Usaha Penangkaran Tumbuhan/Satwa Liar;",,"Banyaknya tumbuhan yang hidup di darat dan di air yang masih mempunyai sifat-sifat alami ,yang dikembangbiakan dan dibesarkan dengan tetap mempertahankan jenisnya, dengan tujuan sebagian atau seluruh hasilnya dijual/ditukar.","[32010026] Wilayah;
[24120016] Jenis
Komoditas Tumbuhan/Satwa Liar;",-,Total,tumbuhan,,
24110286,Jumlah Usaha Budi Daya Ikan,,"[K02261] Usaha; [K01405]
Pembudidayaan Ikan;",,"Banyaknya unit usaha pertanian yang melakukan kegiatan pemeliharaan, pembesaran dan/atau pembiakan (pembenihan) ikan dengan menggunakan lahan, perairan dan fasilitas buatan serta memanen hasilnya dengan tujuan sebagian atau","[32010026] Wilayah;
[24120031] Jenis Unit Usaha Pertanian, Kehutanan, dan Perikanan; [24120013] Jenis
Kegiatan Pembudidayaan Ikan;",-,Total,unit usaha,,
,,,,,seluruhnya untuk dijual/ ditukar atas risiko usaha.,,,,,,
24110287,Jumlah Usaha Budi Daya Ikan Hias,,"[K01405]
Pembudidayaan Ikan;",,"Banyaknya kegiatan pemeliharaan, pembesaran dan/atau pembiakan (pembenihan) ikan dalam suatu wadah dengan menggunakan media air tawar atau air laut serta memanen hasilnya sebagai hiasan dan bukan jenis ikan konsumsi.","[32010026] Wilayah;
[24120031] Jenis Unit Usaha Pertanian, Kehutanan, dan Perikanan; [24120013] Jenis
Kegiatan Pembudidayaan Ikan;",-,Total,unit usaha,,
24110288,Jumlah Usaha Budi Daya Pembibitan  Ikan,,"[K02261] Usaha; [K01405]
Pembudidayaan Ikan; [K01391] Pembibitan Ikan;",,Banyaknya usaha pertanian yang melakukan kegiatan budi daya ikan dengan jenis kegiatan budi daya pembibitan ikan.,"[32010026] Wilayah;
[24120031] Jenis Unit Usaha Pertanian, Kehutanan, dan Perikanan;",-,Total,unit usaha,,
24110150,Jumlah Usaha Jasa Pertanian,,[K02268] Usaha Jasa Pertanian;,,"Banyaknya usaha yang dilakukan atas dasar balas jasa atau kontrak/secara borongan, seperti kegiatan pengolahan lahan, penyelenggaraan irigasi, pemupukan, penyewaan alat pertanian dengan operatornya, penyebaran bibit/benih, pengendalian organisme pengganggu tanaman, pemangkasan, pemanenan, penanganan pascapanen, pelayanan pencari rumput untuk makanan ternak, penggembalaan ternak, pelayanan kesehatan ternak, pencukuran bulu ternak, penyewaan pejantan, penetasan telur, dan pemeliharaan/perawatan alat pertanian.","[32010026] Wilayah;
[24120027] Jenis
Subsektor Pertanian, Kehutanan, dan Perikanan; [22020004] Jenis
Lapangan Usaha;",-,Total,unit usaha,,
24110151,Jumlah Usaha Kehutanan,,[K02271] Usaha Kehutanan;,,"Banyaknya kegiatan yang bersangkut paut dengan hutan dengan tujuan sebagian atau seluruh hasilnya dijual/ditukar atas resiko usaha.
Kegiatan kehutanan mencakup usaha",[32010026] Wilayah;,-,Total,unit usaha,,
,,,,,"budi daya dan pembibitan tanaman kehutanan, penangkaran tumbuhan/satwa liar, pemungutan hasil hutan, dan/atau penangkapan satwa liar.",,,,,,
24110289,Jumlah Usaha Pembibitan Tanaman,,[K02371] Pembibitan;,,"Banyaknya unit usaha pertanian yang melakukan perbanyakan anakan tanaman baik dari biji, stek, dan/atau okulasi dengan tujuan sebagian atau seluruh hasil dijual/ditukar atas risiko usaha.","[32010026] Wilayah;
[24120031] Jenis Unit Usaha Pertanian, Kehutanan, dan Perikanan; [24120015] Jenis
Komoditas Tanaman Kehutanan;",-,Total,unit usaha,,
24110290,Jumlah Usaha Pemungutan Hasil Hutan,,[K02281] Usaha Pemungutan Hasil Hutan;,,"Banyaknya unit usaha yang melakukan kegiatan mengambil
benda-benda hayati di hutan/kawasan hutan, dengan tujuan sebagian atau seluruh hasilnya dijual/ditukar atas risiko usaha.",[32010026] Wilayah;,-,Total,unit usaha,,
24110291,Jumlah Usaha Penangkaran Satwa Liar,,[K02282] Usaha Penangkaran Tumbuhan/Satwa Liar;,,"Banyaknya usaha yang mengupayakan pembiakan satwa liar melalui pengembangbiakan dan pembesaran dengan tetap mempertahankan jenisnya, dengan tujuan sebagian atau seluruh hasilnya dijual/ditukar atas risiko usaha.","[32010026] Wilayah;
[24120016] Jenis
Komoditas Tumbuhan/Satwa Liar; [24120031] Jenis Unit Usaha Pertanian, Kehutanan, dan Perikanan;",-,Total,unit usaha,,
24110292,Jumlah Usaha Penangkaran Tumbuhan Liar,,[K02282] Usaha Penangkaran Tumbuhan/Satwa Liar;,,"Banyaknya usaha pertanian yang mengupayakan pembiakan tumbuhan liar melalui pengembangbiakan dan pembesaran dengan tetap mempertahankan jenisnya, dengan tujuan sebagian atau seluruh hasilnya dijual/ditukar atas risiko usaha.","[32010026] Wilayah;
[24120016] Jenis
Komoditas Tumbuhan/Satwa Liar; [24120031] Jenis Unit Usaha Pertanian, Kehutanan, dan Perikanan;",-,Total,unit usaha,,
24110293,Jumlah Usaha Perburuan dan Penangkapan Satwa Liar,,[K02284] Usaha Perburuan dan,,Banyaknya usaha yang melakukan kegiatan berburu atau menangkap satwa liar dan/atau mengambil,"[32010026] Wilayah;
[24120016] Jenis",-,Total,unit usaha,,
,,,Penangkapan Satwa Liar;,,"bagian-bagiannya, dengan tujuan sebagian atau seluruh hasilnya dijual/ditukar atas risiko usaha.",Komoditas Tumbuhan/Satwa Liar;,,,,,
24110192,Jumlah Usaha Perikanan,,[K02286] Usaha Perikanan;,,"Banyaknya usaha yang melakukan kegiatan yang dilaksanakan dengan sistem bisnis perikanan yang  meliputi praproduksi, produksi, pascaproduksi, pengolahan, dan pemasaran.","[32010026] Wilayah;
[24120031] Jenis Unit Usaha Pertanian, Kehutanan, dan Perikanan;",-,Total,unit usaha,,
24110294,Jumlah Usaha Perkebunan Tahunan,,[K02288] Usaha Pertanian; [K02287] Usaha Perkebunan;,,Banyaknya unit usaha yang melakukan kegiatan budi daya tanaman perkebunan tahunan pada suatu wilayah.,"[32010026] Wilayah;
[24120031] Jenis Unit Usaha Pertanian, Kehutanan, dan Perikanan;",-,Total,unit usaha,,
24110154,Jumlah Usaha Pertanian,,[K02288] Usaha Pertanian;,,"Banyaknya unit usaha yang mengelola sumber daya alam nabati dan hewani untuk menghasilkan komoditas ekonomi yang seluruh atau sebagian hasilnya untuk dijual, minimal mencakup salah satu subsektor tanaman pangan, hortikultura, perkebunan, dan peternakan.","[32010026] Wilayah;
[24120031] Jenis Unit Usaha Pertanian, Kehutanan, dan Perikanan;",-,Total,unit usaha,,
24110155,Jumlah Usaha Pertanian Gurem,,[K02289] Usaha Pertanian Gurem;,,"Banyaknya usaha pertanian yang menguasai lahan pertanian kurang dari 0,5 hektare, tidak termasuk lahan kegiatan budi daya di laut atau perairan umum.","[32010026] Wilayah;
[24120027] Jenis
Subsektor Pertanian, Kehutanan, dan Perikanan; [24120031] Jenis Unit Usaha Pertanian, Kehutanan, dan Perikanan;",-,Total,unit usaha,,
24110165,Jumlah Usaha Pertanian Pengguna Lahan Pertanian,,[K02288] Usaha Pertanian;,,"Banyaknya usaha pertanian yang menguasai lahan pertanian, tidak termasuk lahan kegiatan budi daya di laut atau perairan umum.","[32010026] Wilayah;
[24120027] Jenis
Subsektor Pertanian, Kehutanan, dan Perikanan; [24120031] Jenis Unit Usaha Pertanian,",-,Total,unit usaha,,
,,,,,,"Kehutanan, dan Perikanan;",,,,,
24110188,Jumlah Usaha Pertanian Perkotaan/Urban Farming,,[K02288] Usaha Pertanian; [K01707] Pertanian Perkotaan/Urban Farming;,,"Banyaknya unit usaha pertanian di wilayah perkotaan yang memanfaatkan lahan terbatas, dengan sebagian besar media tanam tidak di permukaan tanah secara langsung atau menggunakan pot dan sejenisnya, serta menerapkan teknologi seperti hidroponik, akuaponik, vertikultura, media terpal dan sejenisnya.",[32010026] Wilayah;,-,Total,unit usaha,,
24110295,Jumlah Usaha Pertanian yang Mengikuti Program Perhutanan Sosial,,"[K02288] Usaha Pertanian;
[K01654] Perhutanan Sosial;",,"Banyaknya unit usaha pertanian yang mengikuti sistem pengelolaan hutan lestari yang dilaksanakan dalam kawasan hutan negara atau hutan hak/hutan adat untuk meningkatkan kesejahteraannya, keseimbangan lingkungan dan dinamika sosial budaya.",[32010026] Wilayah;,-,Total,unit usaha,,
24110296,Jumlah Usaha Pertanian Tanaman Obat,,[K02265] Usaha Hortikultura;,,"Banyaknya usaha pertanian yang membudidayakan tanaman yang daun, batang, bunga, buah, umbi (rimpang), dan/atau akarnya dimanfaatkan untuk bahan obat-obatan, kosmetik, dan kesehatan.","[32010026] Wilayah;
[24120031] Jenis Unit Usaha Pertanian, Kehutanan, dan Perikanan;",-,Total,unit usaha,,
24110297,Jumlah Usaha Pertanian Tanaman Perkebunan Semusim,,[K02287] Usaha Perkebunan;,,"Banyaknya unit usaha yang melakukan/menguasai kegiatan budi daya tanaman perkebunan semusim, termasuk kegiatan pembenihan tanaman, dengan tujuan sebagian atau seluruh hasilnya untuk dijual/ditukar.","[32010026] Wilayah;
[24120031] Jenis Unit Usaha Pertanian, Kehutanan, dan Perikanan;",-,Total,unit usaha,,
24110298,Jumlah Usaha Pertanian Tanaman Sayuran,,[K02265] Usaha Hortikultura;,,"Banyaknya usaha pertanian yang membudidayakan tanaman yang daun, bunga, buah, dan/atau umbinya dimanfaatkan sebagai sumber vitamin, mineral, dan lain-lain.","[32010026] Wilayah;
[24120031] Jenis Unit Usaha Pertanian, Kehutanan, dan Perikanan;",-,Total,unit usaha,,
24110299,Jumlah Usaha Pertanian yang Keberadaan Tanamannya di Bawah Pelindung,,"[K02288] Usaha Pertanian;
[K02108] Tanaman di Bawah Pelindung;",,"Banyaknya unit usaha pertanian yang memiliki tanaman di bawah struktur permanen dengan atap kaca, plastik, atau material lain yang digunakan untuk melindungi tanaman dari cuaca, hama, atau penyakit.","[32010026] Wilayah;
[24120031] Jenis Unit Usaha Pertanian, Kehutanan, dan Perikanan;",-,Total,unit usaha,,
24110300,Jumlah Usaha Pertanian yang Memelihara Ternak,,[K02288] Usaha Pertanian; [K02197] Ternak;,,"Banyaknya usaha pertanian yang memelihara hewan yang produknya diperuntukkan sebagai penghasil pangan, bahan baku industri, jasa, dan/atau hasil ikutannya yang terkait dengan pertanian.","[32010026] Wilayah;
[24120030] Jenis
Ternak;
[24120031] Jenis Unit Usaha Pertanian, Kehutanan, dan Perikanan;",-,Total,unit usaha,,
24110301,Jumlah Usaha Pertanian yang Menggunakan Benih Rekayasa Genetika,,[K02288] Usaha Pertanian; [K00263] Benih Tanaman;,,"Banyaknya unit usaha pertanian yang menggunakan benih tanaman yang memiliki gen asing dari spesies tanaman yang berbeda atau makhluk hidup lain guna mendapatkan sifat- sifat yang diinginkan, seperti lahan kekeringan, resisten terhadap organisme pengganggu tanaman, kuantitas dan kualitas hasil yang lebih tinggi dari tanaman alami.","[32010026] Wilayah;
[24120031] Jenis Unit Usaha Pertanian, Kehutanan, dan Perikanan;",-,Total,unit usaha,,
24110302,Jumlah Usaha Pertanian yang Menggunakan Lahan dari Perhutanan Sosial,,"[K02288] Usaha Pertanian; [K01019] Lahan;
[K01654] Perhutanan Sosial;",,"Banyaknya unit usaha pertanian yang menggunakan lahan yang bersumber dari pengelolaan hutan lestari yang dilaksanakan dalam kawasan hutan negara atau hutan hak/hutan adat yang dilaksanakan oleh masyarakat setempat atau masyarakat hukum adat sebagai pelaku utama untuk meningkatkan kesejahteraannya, keseimbangan lingkungan dan dinamika sosial budaya.","[32010026] Wilayah;
[24120027] Jenis
Subsektor Pertanian, Kehutanan, dan Perikanan;",-,Total,unit usaha,,
24110189,Jumlah Usaha Pertanian yang Menggunakan Pupuk,,[K02288] Usaha Pertanian; [K01833] Pupuk;,,"Banyaknya unit usaha pertanian yang menggunakan pupuk untuk kegiatan budi daya tanaman semusim, tanaman","[32010026] Wilayah;
[24120031] Jenis Unit Usaha Pertanian,",-,Total,unit usaha,,
,,,,,"tahunan, tanaman kehutanan, dan ikan.","Kehutanan, dan Perikanan;",,,,,
24110191,Jumlah Usaha Peternakan,,[K02292] Usaha Peternakan;,,"Banyaknya usaha yang melakukan kegiatan pemeliharaan ternak, meliputi penggemukan, pembibitan, pengembangbiakan, dan/atau pemacekan yang menghasilkan produk peternakan dengan tujuan sebagian atau seluruh hasilnya dijual/ditukar atas risiko usaha.","[32010026] Wilayah;
[24120031] Jenis Unit Usaha Pertanian, Kehutanan, dan Perikanan;",-,Total,unit usaha,,
24110148,Jumlah Usaha Tanaman Hortikultura,,[K02265] Usaha Hortikultura;,,"Banyaknya usaha yang  menghasilkan produk tanaman sayuran, tanaman buah-buahan, tanaman hias dan tanaman obat, termasuk kegiatan pembibitan tanaman hortikultura, dengan tujuan sebagian atau seluruh hasilnya dijual/ditukar atas risiko usaha.",[32010026] Wilayah;,-,Total,unit usaha,,
24110303,Jumlah Usaha Tanaman Kehutanan,,[K02271] Usaha Kehutanan; [K02110] Tanaman Kehutanan;,,"Banyaknya unit usaha yang mengusahakan/mengelola tanaman kehutanan, baik milik sendiri, bagi hasil, maupun mengusahakan/ mengelola tanaman kehutanan milik orang lain dengan menanggung risiko dan diberi upah (kuasa usaha).","[32010026] Wilayah;
[24120031] Jenis Unit Usaha Pertanian, Kehutanan, dan Perikanan; [24120014] Jenis
Kegiatan Usaha Tanaman Pertanian;",-,Total,unit usaha,,
24110193,Jumlah Usaha Tanaman Pangan,,[K02295] Usaha Tanaman Pangan;,,"Banyaknya usaha yang melakukan kegiatan pertanian yang menghasilkan produk tanaman pangan (padi dan palawija) termasuk usaha pembibitan tanaman pangan, dan bukan sebagai buruh tani atau pekerja keluarga.","[32010026] Wilayah;
[24120031] Jenis Unit Usaha Pertanian, Kehutanan, dan Perikanan;",-,Total,unit usaha,,
24110194,Jumlah Usaha Tanaman Perkebunan,,[K02287] Usaha Perkebunan;,,"Banyaknya usaha yang melakukan kegiatan pengelolaan sumber daya alam, sumber daya manusia, sarana produksi, alat dan mesin, budi daya, panen, pengolahan, dan pemasaran terkait tanaman perkebunan.","[32010026] Wilayah;
[24120031] Jenis Unit Usaha Pertanian, Kehutanan, dan Perikanan;",-,Total,unit usaha,,
24110304,Luas Arahan Pemanfaatan Hutan,,[K00745] Kawasan Hutan;,,Luas kawasan hutan yang ditetapkan oleh pihak yang berwenang untuk diberi izin usaha terkait pemanfaatan hutan.,[32010026] Wilayah;,-,Luas,hektare,,
24110305,Luas Area yang Terkena Dampak Rehabilitasi Jaringan Irigasi Tersier,,[K02359] Irigasi;,,"Luas wilayah yang terkena dampak akibat rehabilitasi prasarana pelayanan air irigasi dalam petak tersier untuk penyediaan, pembagian, pemberian, penggunaan, dan pembuangan air irigasi.",[32010026] Wilayah;,-,Luas,hektare,,
24110209,Luas Areal Tanaman Tahunan,,[K02120] Tanaman Tahunan;,,Luas area lahan yang ditanami tanaman yang dapat berumur hingga lebih dari satu tahun dan pemungutan hasilnya dilakukan lebih dari satu kali dan tidak dibongkar sekali panen.,[32010026] Wilayah;,-,Luas,hektare,,
24110210,Luas Baku Wadah Budi Daya Ikan,,"[K01405]
Pembudidayaan Ikan;",,"Luas permukaan tempat atau bangunan atau bejana yang berupa lahan, perairan, kurungan, jaring, dan/atau rakit yang digunakan untuk membudidayakan ikan.",[32010026] Wilayah;,-,Luas,meter persegi,,
24110049,Luas Daerah Irigasi,,[K02359] Irigasi;,,Luas kesatuan lahan yang mendapat air dari satu jaringan irigasi.,[32010026] Wilayah;,-,Luas,hektare,,
24110050,Luas Kawasan Hutan,,[K00745] Kawasan Hutan;,,Luas wilayah tertentu yang ditunjuk dan/atau ditetapkan oleh pemerintah untuk dipertahankan keberadaannya sebagai hutan tetap.,"[32010026] Wilayah;
[24120012] Jenis
Kawasan Hutan;",-,Luas,hektare,,
24110211,Luas Lahan yang Dikuasai,,[K01019] Lahan;,,"Keseluruhan luas lahan yang berada dalam kewenangan suatu entitas untuk dikelola atau diurus, mencakup lahan milik sendiri dan lahan yang berasal dari pihak lain, tidak termasuk lahan yang berada di pihak lain.",[32010026] Wilayah;,-,Luas,meter persegi,,
24110214,Luas Panen,,[K01282] Panen;,,Luas area tanaman yang telah diambil hasilnya setelah tanaman tersebut cukup umur.,[32010026] Wilayah;,-,Luas,meter persegi,,
24110215,Luas Puso,,[K02379] Puso;,,"Luas lahan yang tidak mengeluarkan hasil panen, dapat disebabkan karena",[32010026] Wilayah;,-,Luas,hektare,,
,,,,,"serangan organisme pengganggu tanaman (OPT), dampak perubahan iklim, dan atau sebab lainnya sehingga hasil panen tidak lebih dari 11% dari keadaan normal.",,,,,,
24110216,Luas Tanam,,[K01705] Pertanian;,,Luas area lahan yang ditanami tanaman budi daya.,[32010026] Wilayah;,-,Luas,hektare,,
24110052,Nilai Ekspor Hasil Perikanan,,[K00420] Ekspor; [K01655] Perikanan;,,"Nilai seluruh komoditas hasil perikanan yang dibawa ke luar wilayah pabean Republik Indonesia, baik bersifat komersial maupun bukan komersial (barang hibah, sumbangan, hadiah), serta barang yang akan diolah di luar negeri dan hasilnya dimasukkan kembali ke negara tersebut.",[32010026] Wilayah;,-,Total,dolar Amerika Serikat,,
24110053,Nilai Ijon atau Tebasan,,"[K00384] Ijon;
[K00395] Tebasan;",,"Nilai penjualan hasil atau produk pertanian, sebelum masa panen (ijon) maupun saat siap dipanen (tebasan), dan pemanenan menjadi tanggung jawab pengijon atau penebas.",[32010026] Wilayah;,-,Nilai,rupiah,,
24110222,Nilai Produksi Budi Daya Ikan,,"[K01779] Produksi; [K01405]
Pembudidayaan Ikan;",,"Nilai seluruh hasil kegiatan budi daya ikan yang meliputi budi daya ikan di laut, budi daya ikan di air tawar,  serta budi daya ikan di air payau, yang dinilai berdasarkan harga jual per satuan produksi, termasuk yang belum dijual.",[32010026] Wilayah;,-,Nilai,rupiah,,
24110219,Nilai Produksi Ikutan,,[K01781] Produksi Ikutan;,,Nilai seluruh hasil kegiatan usaha dalam bentuk lain yang dihasilkan sejalan dengan produk utama dan memiliki nilai ekonomis yang dihitung berdasarkan harga jual per satuan produksi.,[32010026] Wilayah;,-,Nilai,rupiah,,
24110220,Nilai Produksi Pembenihan Ikan,,"[K01779] Produksi; [K01405]
Pembudidayaan Ikan;",,"Nilai produksi hasil kegiatan membiakkan ikan dalam media air tawar, air laut, atau air payau sampai umur, bentuk, dan ukuran tertentu,",[32010026] Wilayah;,-,Nilai,rupiah,,
,,,,,yang diperuntukkan sebagai input untuk kegiatan budi daya pembesaran ikan.,,,,,,
24110221,Nilai Produksi Pembesaran Ikan,,"[K01779] Produksi; [K01405]
Pembudidayaan Ikan;",,"Nilai produksi hasil kegiatan memelihara, membesarkan, serta memanen ikan yang dilakukan menggunakan media air laut, air payau, atau air tawar dalam lingkungan yang terkontrol.",[32010026] Wilayah;,-,Nilai,rupiah,,
24110223,Nilai Produksi Penangkapan Ikan,,[K01779] Produksi; [K01439] Penangkapan Ikan;,,"Nilai seluruh hasil kegiatan penangkapan ikan, binatang air lainnya, atau tanaman air, baik di laut maupun perairan darat, yang  dinilai berdasarkan harga jual per satuan produksi, termasuk yang belum dijual.",[32010026] Wilayah;,-,Nilai,rupiah,,
24110224,Nilai Produksi Usaha Pertanian,,[K01779] Produksi; [K02288] Usaha Pertanian;,,"Nilai keseluruhan hasil kegiatan pertanian, kehutanan, dan perikanan yang dinilai berdasarkan harga jual per satuan produksi, termasuk yang belum dijual.","[32010026] Wilayah;
[24120015] Jenis
Komoditas Tanaman Kehutanan; [24120030] Jenis
Ternak;",-,Nilai,rupiah,,
24110226,Persentase Kawasan Hutan,,[K00745] Kawasan Hutan;,,Bagian dari keseluruhan luas daratan yang merupakan kawasan hutan.,[32010026] Wilayah;,-,Persentase,persen,,
24110306,Persentase Keluarga yang Lapangan Usaha Utama Kepala Keluarga di Bidang Pertanian Tanaman Padi dan Palawija,,"[K00829] Keluarga; [K01058] Lapangan Usaha;
[K01705] Pertanian;",,Bagian dari populasi keluarga yang kepala keluarganya memiliki pekerjaan utama di bidang pertanian tanaman padi dan palawija.,"[32010026] Wilayah;
[33120021] Status Kesejahteraan;",-,Persentase,persen,,
24110228,Persentase Penduduk Pertanian yang Memiliki Lahan atau Memiliki Hak Atas Lahan Pertanian,,"[K01476] Penduduk; [K01705] Pertanian; [K00497] Hak Atas Tanah;
[K01019] Lahan;",,Bagian dari seluruh penduduk yang berusaha di sektor pertanian yang memiliki sertifikat kepemilikan lahan pertanian yang sah.,"[32010026] Wilayah;
[33220007] Jenis
Kelamin;",-,Persentase,persen,,
24110230,Perubahan Jumlah Rumah Tangga Usaha Pertanian,,[K01932] Rumah Tangga Usaha Pertanian (RTUP);,,Perbedaan jumlah rumah tangga usaha pertanian pada suatu periode terhadap periode sebelumnya.,[32010026] Wilayah;,-,Total,rumah tangga,,
24110231,Perubahan Jumlah Rumah Tangga Usaha Pertanian Pengguna Lahan Pertanian,,[K01932] Rumah Tangga Usaha Pertanian (RTUP); [K01036] Lahan Pertanian/Agricultural Land;,,Perbedaan jumlah rumah tangga usaha pertanian yang menguasai lahan pertanian pada suatu periode terhadap periode sebelumnya.,[32010026] Wilayah;,-,Total,rumah tangga,,
24110307,Proporsi Areal Pertanian Produktif dan Berkelanjutan,,[K01036] Lahan Pertanian/Agricultural Land;,,"Bagian dari lahan pertanian yang dikembangkan secara konsisten dengan konsep pemanfaatan sumber daya untuk produksi pertanian dengan menekan dampak negatif terhadap lingkungan, untuk menjamin kemandirian, ketahanan, dan kedaulatan pangan nasional.",[32010026] Wilayah;,-,Proporsi,-,,
24110308,Rata-rata Jumlah Batang Rotan yang Diusahakan,,[K02288] Usaha Pertanian;,,Rata-rata banyaknya batang pohon rotan yang diusahakan untuk diambil hasilnya.,[32010026] Wilayah;,-,Rata-rata,batang,,
24110309,Rata-rata Jumlah Pohon Tanaman Kehutanan yang Diusahakan,,[K02294] Usaha Tanaman Kehutanan;,,Rata-rata banyaknya pohon tanaman kehutanan yang diusahakan untuk diambil hasilnya.,"[32010026]  Wilayah;
[24120015] Jenis
Komoditas Tanaman Kehutanan;",-,Rata-rata,pohon,,
24110310,Rata-rata Jumlah Rumpun Bambu yang Diusahakan,,[K02288] Usaha Pertanian;,,Rata-rata banyaknya kelompok tanaman bambu dengan satu akar yang sama yang diusahakan untuk diambil hasilnya.,[32010026] Wilayah;,-,Rata-rata,rumpun,,
24110311,Rata-rata Jumlah Siklus Ternak Unggas Pedaging pada Usaha Pertanian,,[K02288] Usaha Pertanian; [K02017] Siklus Unggas Pedaging;,,Rata-rata banyaknya siklus yang sudah panen/jual unggas pedaging selama setahun pada unit usaha pertanian.,"[32010026] Wilayah;
[24120030] Jenis
Ternak;
[24120031] Jenis Unit Usaha Pertanian, Kehutanan, dan Perikanan;",-,Rata-rata,kali,,
24110312,Rata-rata Pendapatan Petani,,[K01450] Pendapatan; [K01744] Petani;,,"Rata-rata uang yang diperoleh produsen pangan dan peternak, termasuk penerimaan ekonomi tahunan rumah tangga dari kegiatan pertanian.","[32010026] Wilayah;
[23020048] Skala
Usaha;",-,Rata-rata,rupiah,,
24110245,Tingkat Perubahan Jumlah Rumah Tangga Usaha Pertanian,,[K01932] Rumah Tangga Usaha Pertanian (RTUP);,,Perbedaan jumlah rumah tangga usaha pertanian antara dua periode terhadap periode awal rentang waktu tersebut.,[32010026] Wilayah;,-,Persentase,persen,,
24110313,Tingkat Perubahan Jumlah Rumah Tangga Usaha Pertanian Pengguna Lahan Pertanian,,[K01932] Rumah Tangga Usaha Pertanian (RTUP); [K01036] Lahan Pertanian/Agricultural Land;,,Perkembangan jumlah rumah tangga usaha pertanian pengguna lahan pertanian pada periode tertentu terhadap nilai periode sebelumnya.,[32010026] Wilayah;,-,Persentase,persen,,
24210028,Jumlah Energi Panas yang Dihasilkan,,[K00435] Energi;,,Banyaknya energi panas yang dihasilkan melalui proses pembakaran bahan bakar.,"[32010026] Wilayah;
[24220005] Jenis
Sumber Energi;",-,Energi,juta satuan bahang Inggris/ million british thermal unit,,
24210019,Jumlah Kebutuhan Energi Gas,,[K00435] Energi;,,Besaran energi gas yang dibutuhkan oleh suatu entitas untuk melakukan kegiatannya.,[32010026] Wilayah;,-,Energi,juta satuan bahang Inggris/ million british thermal unit,,
24210020,Jumlah Kebutuhan Energi Listrik,,[K00435] Energi; [K01111] Listrik;,,Besaran energi listrik yang dibutuhkan oleh suatu entitas untuk melakukan kegiatannya.,[32010026] Wilayah;,-,Energi,kilowattjam,,
24210046,Jumlah Sumber Pengisian Bahan Bakar Minyak dan Gas,,[K00186] Bahan Bakar;,,Banyaknya unit sumber pengisian bahan bakar minyak dan bahan bakar gas yang ada di suatu wilayah.,[32010026] Wilayah;,-,Total,unit,,
24210006,Jumlah Tenaga Listrik yang Dibangkitkan,,[K01111] Listrik;,,Banyaknya energi listrik yang dihasilkan melalui proses pembangkitan energi.,[32010026] Wilayah;,-,Daya,kilowatt,,
24210007,Nilai Penggunaan Energi,,[K00435] Energi;,,Besarnya nilai  energi yang digunakan oleh suatu entitas untuk melakukan kegiatannya.,[32010026] Wilayah;,-,Nilai,rupiah,,
24210008,Nilai Penggunaan Tenaga Listrik,,[K01111] Listrik;,,Besarnya nilai tenaga listrik yang digunakan oleh suatu entitas untuk melakukan kegiatannya.,[32010026] Wilayah;,-,Nilai,rupiah,,
24210047,Panjang Jaringan Gas,,"[K00391] Distribusi; [K00471] Gas
Petroleum Cair/ Liquefied Petroleum Gas (LPG);",,Panjang suatu sistem untuk menyalurkan gas yang berasal dari sumber gas menuju unit tujuan.,[32010026] Wilayah;,-,Panjang,meter,,
24210010,Panjang Jaringan Transmisi Tenaga Listrik,,[K01111] Listrik;,,Panjang jaringan transmisi tenaga listrik yang ditarik dari pembangkit listrik/generator station  menuju ke suatu wilayah.,[32010026] Wilayah;,-,Panjang,kilometer,,
24210011,Persentase Penggunaan Energi Terbarukan,,"[K00438] Energi Terbarukan;
[K00436] Energi Final;",,Persentase konsumsi final energi terbarukan terhadap total konsumsi energi final.,[32010026] Wilayah;,-,Persentase,persen,,
24210013,Proporsi Sekolah dengan Akses Terhadap Listrik,,[K01976] Sekolah; [K01111] Listrik;,,Bagian dari seluruh populasi sekolah yang memiliki akses terhadap listrik.,[32010026] Wilayah;,-,Persentase,persen,,
24210014,Rasio Elektrifikasi,,[K00427] Elektrifikasi;,,"Bagian dari populasi  rumah tangga yang menggunakan listrik, baik listrik negara maupun listrik lainnya.",[32010026] Wilayah;,-,Persentase,persen,,
24210015,Rasio Intensitas Energi Primer,,[K00437] Energi Primer;,,Total pasokan energi primer per unit produk domestik bruto berdasarkan paritas daya beli.,[32010026] Wilayah;,-,Rasio,setara barel minyak per miliar rupiah,,
24210016,Rata-rata Konsumsi Listrik per Kapita,,[K01111] Listrik;,,"Jumlah energi listrik yang digunakan atau dimanfaatkan, baik secara langsung ataupun tidak  langsung, untuk setiap penduduk di suatu wilayah.",[32010026] Wilayah;,-,Rata-rata,kilowattjam per kapita,,
24210042,Volume Air Baku untuk Proses Produksi,,[K00019] Air Baku; [K01779] Produksi;,,Banyaknya air baku yang digunakan oleh usaha dalam proses untuk menghasilkan produk.,[32010026] Wilayah;,-,Volume,meter kubik,,
24310001,Besar Kapasitas Terpasang Mesin Produksi,,[K00724] Kapasitas Terpasang; [K01175] Mesin Produksi;,,Besaran keluaran (output produksi) maksimum yang mampu dihasilkan oleh mesin produksi dalam rentang waktu tertentu.,[32010026] Wilayah;,-,Total,unit,,
24310026,Indeks Kepercayaan Industri,,[K00595] Industri Manufaktur;,,Angka yang menunjukkan derajat keyakinan atau tingkat optimisme industri manufaktur terhadap kondisi perekonomian.,[32010026] Wilayah;,-,Indeks,-,,
24310027,Indeks Nilai Konstruksi,,[K00695] Konstruksi;,,Angka yang menggambarkan perbandingan nilai konstruksi pada periode tertentu terhadap nilai konstruksi pada periode sebelumnya.,[32010026] Wilayah;,-,Indeks,-,,
24310028,Indeks Produksi Industri Manufaktur,,[K01779] Produksi; [K00595] Industri Manufaktur;,,Nilai yang menggambarkan perkembangan produksi sektor industri manufaktur pada periode tertentu dibandingkan dengan periode dasar.,[32010026] Wilayah;,-,Indeks,-,,
24310009,Jumlah Bangunan Pabrik,,[K00213] Bangunan;,,Banyaknya bangunan dengan perlengkapan mesin tempat membuat atau memproduksi barang tertentu dalam jumlah besar untuk diperdagangkan.,[32010026] Wilayah;,-,Total,unit,,
24310011,Jumlah Mesin Pendukung,,[K01175] Mesin Produksi;,,"Banyaknya perkakas untuk menggerakkan atau membuat sesuatu yang dijalankan dengan roda, digerakkan oleh tenaga manusia atau motor penggerak, menggunakan bahan bakar minyak atau tenaga alam, yang mendukung kerja mesin utama dalam proses produksi.",[32010026] Wilayah;,-,Total,unit,,
24310012,Jumlah Mesin Produksi Utama,,[K01175] Mesin Produksi;,,"Banyaknya perkakas untuk menggerakkan atau membuat  sesuatu yang dijalankan dengan roda, digerakkan oleh tenaga manusia atau motor penggerak, menggunakan bahan bakar minyak atau tenaga alam, yang paling pokok atau dominan digunakan dalam proses produksi.",[32010026] Wilayah;,-,Total,unit,,
24310013,Jumlah Produksi Bubur Kayu,,[K00296] Bubur Kayu;,,"Banyaknya hasil produksi serat kayu atau bahan berlignoselulosa lainnya hasil pengolahan secara mekanis, semi kimia, dan kimia.",[32010026] Wilayah;,-,Total,ton,,
24310029,Jumlah Usaha Industri Farmasi,,[K00595] Industri Manufaktur; [K01238] Obat;,,Banyaknya usaha yang memiliki izin sesuai dengan ketentuan peraturan perundang-undangan untuk,[32010026] Wilayah;,-,Total,unit usaha,,
,,,,,melakukan kegiatan pembuatan obat atau bahan obat.,,,,,,
24310030,Jumlah Usaha Industri Kosmetik,,[K00595] Industri Manufaktur; [K00988] Kosmetik;,,Banyaknya usaha yang memiliki izin sesuai peraturan perundang-undangan untuk melakukan proses produksi kosmetik.,[32010026] Wilayah;,-,Total,unit usaha,,
24310031,Jumlah Usaha Industri Obat Bahan Alam,,[K00595] Industri Manufaktur; [K01245] Obat Bahan Alam;,,"Banyaknya usaha yang melakukan proses produksi bahan, ramuan bahan, atau produk yang berasal dari sumber daya alam berupa tumbuhan, hewan, jasad renik, mineral, dan bahan lainnya.",[32010026] Wilayah;,-,Total,unit usaha,,
24310032,Jumlah Usaha Industri Pangan Olahan,,[K00595] Industri Manufaktur; [K01283] Pangan Olahan;,,"Banyaknya usaha yang melakukan produksi makanan atau minuman sebagai hasil dari cara atau metode tertentu, dengan atau tanpa bahan tambahan.",[32010026] Wilayah;,-,Total,unit usaha,,
24310033,Jumlah Usaha Jasa Konstruksi,,"[K02261] Usaha;
[K00695] Konstruksi;",,"Banyaknya usaha, baik berbadan hukum maupun tidak berbadan hukum, yang kegiatan usahanya di bidang jasa konstruksi.",[32010026] Wilayah;,-,Total,unit usaha,,
24310034,Luas Kawasan Industri,,"[K01019] Lahan;
[K00752] Kawasan Industri;",,Agregat luas seluruh kawasan pemusatan kegiatan industri yang dilengkapi dengan sarana dan prasarana penunjang yang dikembangkan dan dikelola oleh perusahaan.,[32010026] Wilayah;,-,Total,hektare,,
24310019,Median Nilai Bahan/Material Konstruksi,,"[K00200]
Bahan/Material Konstruksi;",,Nilai tengah yang membagi sebaran data nilai bahan/material konstruksi menjadi dua  kelompok yang sama jumlahnya.,[32010026] Wilayah;,-,Median,rupiah,,
24310020,Nilai Konstruksi yang Diselesaikan,,[K00695] Konstruksi;,,"Bagian nilai kontrak/pekerjaan untuk pekerjaan yang diselesaikan serta biaya bahan/material yang disediakan pemilik, tidak termasuk nilai pekerjaan yang disubkontrakkan.",[32010026] Wilayah;,-,Nilai,ribu rupiah,,
24310035,Nilai Produksi Bahan Galian,,[K01779] Produksi; [K02344] Bahan Galian;,,"Nilai dari berbagai macam unsur kimia, mineral, bijih, dan batuan termasuk batu mulia yang merupakan endapan alam, yang dihasilkan dari proses produksi usaha pertambangan, dan dihitung berdasarkan banyaknya produksi dan harga per unit produksi, mencakup produk yang dijual, disimpan sebagai stok, digunakan sendiri, dan yang diberikan kepada pihak lain.",[32010026] Wilayah;,-,Nilai,juta rupiah,,
24310022,Nilai Tambah Sektor Industri Manufaktur per Kapita,,[K01228] Nilai Tambah; [K00595] Industri Manufaktur;,,Rata-rata nilai tambah sektor industri manufaktur setiap orang.,[32010026] Wilayah;,-,Rasio,ribu rupiah per kapita,,
24310023,Persentase Kontribusi Ekspor Produk Industri Berteknologi Tinggi,,[K00420] Ekspor; [K01773] Produk; [K00595] Industri Manufaktur;,,Bagian dari total produk ekspor yang merupakan hasil industri berteknologi tinggi.,[32010026] Wilayah;,-,Persentase,persen,,
24310036,Volume Produksi Bahan Galian,,[K01779] Produksi; [K02344] Bahan Galian;,,"Besarnya volume unsur-unsur kimia, mineral, bijih, dan segala macam batuan, termasuk batu mulia, hasil usaha pertambangan, baik untuk dijual, disimpan sebagai stok, digunakan sendiri, dan yang diberikan kepada pihak lain.",[32010026] Wilayah;,-,Volume,meter kubik,,
24410056,Jarak Tempuh Barang Muatan/Kargo,,[K01201] Kargo;,,"Total jarak yang ditempuh oleh semua barang yang diangkut, merujuk pada jarak antara tempat asal dan tujuan tiap barang.","[32010026] Wilayah;
[24420045] Moda
Transportasi;",-,Jarak,kilometer,,
24410057,Jarak Tempuh Penumpang,,[K01588] Penumpang;,,"Total jarak yang ditempuh oleh semua penumpang yang berangkat, merujuk pada jarak  antara tempat asal dan tujuan tiap penumpang.","[32010026] Wilayah;
[24420045] Moda
Transportasi;",-,Jarak,kilometer,,
24410016,Jumlah Badan Usaha Angkutan Udara,,[K00180] Badan Usaha;,,"Banyaknya badan usaha milik negara, badan usaha milik daerah, atau badan","[32010026] Wilayah;
[24420003] Jenis",-,Total,unit usaha,,
,,,[K00134] Angkutan Udara;,,"hukum Indonesia berbentuk perseroan terbatas atau koperasi, yang kegiatan utamanya mengoperasikan pesawat udara untuk digunakan mengangkut penumpang, kargo, dan/atau pos dengan memungut pembayaran.",Kegiatan Angkutan Udara Niaga;,,,,,
24410017,Jumlah Bandar Udara (Bandara),,[K00212] Bandar Udara (Bandara);,,"Banyaknya tempat pesawat udara mendarat dan lepas landas, naik turun penumpang, bongkar muat barang, dan tempat perpindahan intra dan/atau antarmoda transportasi, yang dilengkapi dengan fasilitas keselamatan dan keamanan penerbangan, serta fasilitas pokok dan fasilitas penunjang lainnya.","[32010026] Wilayah;
[24420001] Hierarki Bandar Udara; [24420013] Jenis
Penggunaan Bandar Udara;
[24420007] Klasifikasi Bandar Udara;",-,Total,bandara,,
24410019,Jumlah Berat Barang yang Diangkut dengan Moda Transportasi,,"[K01201] Kargo;
[K02223] Transportasi;",,"Massa barang yang diangkut menggunakan moda transportasi darat, laut, maupun udara untuk mobilitas barang.",[32010026] Wilayah;,-,Massa,kilogram,,
24410020,Jumlah Bus Antarprovinsi,,[K01190] Bus;,,Banyaknya angkutan penumpang dengan kapasitas besar dalam trayek yang digunakan untuk melayani angkutan antarkota antarprovinsi.,[32010026] Wilayah;,-,Total,unit,,
24410021,Jumlah Bus Pariwisata,,[K01190] Bus;,,Banyaknya angkutan penumpang dengan kapasitas besar yang tidak bertrayek yang digunakan untuk keperluan pariwisata.,[32010026] Wilayah;,-,Total,unit,,
24410023,Jumlah Jaringan Trayek,,[K00691] Jaringan Trayek;,,Banyaknya kumpulan rute atau lintasan yang menjadi satu kesatuan pelayanan angkutan penumpang dan/atau barang.,"[32010026] Wilayah;
[24420045] Moda
Transportasi;",-,Total,jaringan trayek,,
24410022,Jumlah Jaringan Trayek Angkutan Perintis,,[K00691] Jaringan Trayek;,,Banyaknya kumpulan rute atau lintasan yang menjadi satu kesatuan pelayanan angkutan penumpang dan/atau barang dari satu tempat ke tempat lainnya untuk melayani wilayah yang belum atau tidak dilayani,"[32010026] Wilayah;
[24420045] Moda
Transportasi;",-,Total,jaringan trayek,,
,,,,,oleh angkutan perairan karena belum memberikan manfaat komersial.,,,,,,
24410024,Jumlah Jembatan,,[K00698] Jembatan;,,Banyaknya jalan atau titian besar yang berada di atas permukaan air dan/atau tanah.,[32010026] Wilayah;,-,Total,unit,,
24410025,Jumlah Kecelakaan Transportasi,,[K00793] Kecelakaan Transportasi;,,"Banyaknya kejadian yang dialami moda transportasi yang dapat membahayakan dan/atau mengancam keselamatan manusia yang meliputi tenggelam, terbakar, tubrukan, kandas dan mati mesin.","[32010026] Wilayah;
[24420045] Moda
Transportasi;",-,Total,kejadian,,
24410061,Jumlah Kecelakaan Transportasi yang Dilakukan Operasi Pencarian dan Pertolongan,,[K00793] Kecelakaan Transportasi; [K02372] Pencarian dan Pertolongan;,,"Banyaknya peristiwa yang menimpa pesawat udara, kapal, kereta api, kendaraan bermotor, dan alat transportasi lainnya yang dapat membahayakan dan/atau mengancam keselamatan manusia yang dilakukan pencarian dalam upaya menolong dan memberi bantuan.","[3200026] Wilayah;
[2440045] Moda
Transportasi;",-,Total,kecelakaan,,
24410027,Jumlah Korban Kecelakaan Transportasi,,[K00974] Korban; [K00793] Kecelakaan Transportasi;,,"Banyaknya orang yang mengalami penderitaan, meninggal dunia, atau hilang akibat kecelakaan angkutan atau moda transportasi.","[32010026] Wilayah;
[24420045] Moda
Transportasi;",-,Total,orang,,
24410062,Jumlah Korban Kecelakaan Transportasi yang Dilakukan Operasi Pencarian dan Pertolongan,,[K00974] Korban; [K00793] Kecelakaan Transportasi; [K02372] Pencarian dan Pertolongan;,,"Banyaknya orang yang mengalami penderitaan, meninggal dunia, atau hilang akibat kecelakaan yang dilakukan pencarian dalam upaya menolong dan memberi bantuan.","[3200026] Wilayah;
[1040202] Keadaan Korban Hasil Pencarian dan Pertolongan;",-,Total,orang,,
24410063,Jumlah Kota yang Terhubung dengan Angkutan Udara Perintis,,"[K00989] Kota;
[K00134] Angkutan Udara;",,Banyaknya kota yang terhubung dalam kegiatan angkutan udara niaga dalam negeri yang melayani jaringan dan rute penerbangan untuk menghubungkan daerah terpencil dan tertinggal atau daerah yang belum terlayani oleh moda transportasi lain dan secara komersial  belum menguntungkan.,[32010026] Wilayah;,-,Total,kota,,
24410029,Jumlah Pelabuhan,,[K01321] Pelabuhan;,,"Banyaknya tempat kegiatan pemerintahan dan kegiatan ekonomi yang dipergunakan sebagai tempat kapal bersandar, berlabuh, naik turun penumpang dan/atau bongkar muat barang yang dilengkapi dengan fasilitas keselamatan pelayaran dan kegiatan penunjang pelabuhan serta sebagai tempat perpindahan intra dan antarmoda transportasi.",[32010026] Wilayah;,-,Total,pelabuhan,,
24410064,Jumlah Pelabuhan Pendukung Kawasan Strategis Prioritas Nasional,,[K01321] Pelabuhan; [K00764] Kawasan Strategis Nasional (KSN);,,"Banyaknya pelabuhan yang  wilayah penataan ruangnya diprioritaskan karena mempunyai pengaruh sangat penting secara nasional terhadap kedaulatan negara, pertahanan dan keamanan negara, ekonomi, sosial, budaya, dan/atau lingkungan, termasuk wilayah yang ditetapkan sebagai warisan dunia.",[32010026] Wilayah;,-,Total,unit,,
24410065,Jumlah Pelabuhan Sungai dan Danau,,[K01321] Pelabuhan;,,"Banyaknya pelabuhan sungai dan danau, meliputi pelabuhan yang berfungsi sebagai sebagai tempat asal tujuan penumpang dan/atau barang, serta angkutan penyeberangan, dan pelabuhan yang memiliki fungsi pokok sebagai pengumpan bagi pelabuhan utama dan pelabuhan pengumpul.",[32010026] Wilayah;,-,Total,unit,,
24410031,Jumlah Pelaut,,[K01358] Pelaut;,,Banyaknya orang yang mempunyai kualifikasi keahlian atau  keterampilan sebagai awak kapal.,"[32010026] Wilayah;
[33220007] Jenis
Kelamin;",-,Total,orang,,
24410032,Jumlah Pembangunan dan Peningkatan/ Rehabilitasi Peralatan Persinyalan,,[K01622] Peralatan Persinyalan Perkeretaapian;,,Banyaknya pembangunan dan peningkatan/rehabilitasi fasilitas pengoperasian kereta api yang berfungsi memberi petunjuk atau isyarat yang berupa warna atau cahaya dengan arti tertentu yang dipasang pada tempat tertentu.,[32010026] Wilayah;,-,Total,kegiatan,,
24410034,Jumlah Perlintasan Sebidang Rel Kereta Api,,[K01686] Perlintasan Sebidang Rel Kereta Api;,,Banyaknya perpotongan antara jalan dengan jalur kereta api.,[32010026] Wilayah;,-,Total,perlintasan sebidang,,
24410035,Jumlah Ruas Jalan Tol,,[K02381] Ruas Jalan; [K00663] Jalan Tol;,,Banyaknya satu bagian atau penggal dari sistem jaringan jalan tol yang pengusahaannya dapat dilakukan oleh badan usaha.,[32010026] Wilayah;,-,Total,ruas jalan,,
24410036,Jumlah Rute Jembatan Udara,,[K00701] Jembatan Udara;,,"Banyaknya jalur atau arah yang dilalui angkutan udara kargo dari bandar udara ke bandar udara lainnya dan/atau dari bandar udara ke bandar udara dengan menggunakan mekanisme kewajiban pelayanan publik angkutan barang dari dan ke daerah tertinggal, terpencil, terluar, dan perbatasan.","[32010026] Wilayah;
[24420014] Jenis
Program Jembatan Udara;",-,Total,rute,,
24410037,Jumlah Rute Penerbangan pada Angkutan Udara Perintis,,"[K01938] Rute
Penerbangan; [K00134] Angkutan Udara;",,Banyaknya jalur pesawat udara yang melayani jaringan dan rute penerbangan untuk menghubungkan daerah terpencil dan tertinggal atau daerah yang belum terlayani oleh moda transportasi lain dan secara komersial belum menguntungkan.,[32010026] Wilayah;,-,Total,rute,,
24410038,Jumlah Sarana Bantu Navigasi Pelayaran (SBNP),,[K01957] Sarana Bantu Navigasi- Pelayaran (SBNP);,,Banyaknya peralatan atau sistem yang berada di luar kapal yang didesain dan dioperasikan untuk meningkatkan keselamatan dan efisiensi bernavigasi kapal dan/atau lalu lintas kapal.,[32010026] Wilayah;,-,Total,unit,,
24410039,Jumlah Stasiun Kereta Api,,[K02047] Stasiun Kereta Api;,,Banyaknya tempat pemberangkatan dan pemberhentian kereta api.,[32010026] Wilayah;,-,Total,stasiun,,
24410040,Jumlah Terminal,,[K02190] Terminal;,,"Banyaknya prasarana transportasi jalan untuk keperluan memuat dan menurunkan orang dan/atau barang serta mengatur kedatangan dan keberangkatan kendaraan umum, yang merupakan salah satu wujud simpul jaringan transportasi.",[32010026] Wilayah;,-,Total,terminal,,
24410066,Jumlah Terminal Antarlintas Batas Negara (ALBN),,[K02190] Terminal;,,"Banyaknya pangkalan transportasi dengan fasiilitas pendukung yang digunakan dalam mengatur kedatangan dan keberangkatan, tempat menunggu, menaikkan dan menurunkan orang, serta perpindahan moda angkutan yang melayani angkutan antarlintas batas negara.",[32010026] Wilayah;,-,Total,unit,,
24410067,Jumlah Terminal Barang Internasional (TBI),,[K02190] Terminal;,,Banyaknya terminal barang untuk umum yang menunjang kegiatan pengiriman barang dari dan ke luar negeri (impor dan ekspor).,[32010026] Wilayah;,-,Total,unit,,
24410042,Jumlah Trayek Perintis Angkutan Penyeberangan,,[K02227] Trayek Angkutan;,,Banyaknya rute atau lintasan pelayanan angkutan pelabuhan laut yang melayani angkutan penyeberangan yang ditetapkan oleh pemerintah untuk melayani daerah atau wilayah yang belum atau tidak dilayani oleh angkutan perairan karena belum memberikan manfaat komersial.,[32010026] Wilayah;,-,Total,trayek,,
24410046,Panjang Jalan,,[K00656] Jalan;,,"Panjang prasarana transportasi yang
digunakan untuk lalu lintas orang (kendaraan dan sebagainya)",[32010026] Wilayah;,-,Panjang,meter,,
24410049,Panjang Jembatan,,[K00698] Jembatan;,,Panjang jembatan dalam ruas jalan nasional.,[32010026] Wilayah;,-,Panjang,meter,,
24410068,Persentase Desa/ Kelurahan yang Memiliki Jalan yang dapat Dilalui Kendaraan Roda Empat atau Lebih,,"[K00371] Desa;
[K00836] Kelurahan; [K00656] Jalan;
[K00853] Kendaraan Bermotor;",,Bagian dari populasi desa/kelurahan yang memiliki jalan yang dapat dilalui oleh kendaraan bermotor roda empat atau lebih.,[32010026] Wilayah;,-,Persentase,persen,,
24410051,Persentase Panjang Jembatan,,[K00698] Jembatan;,,Bagian dari panjang ruas jalan yang merupakan titian besar atau penghubung.,[32010026] Wilayah;,-,Persentase,persen,,
24410052,Persentase Penduduk Terlayani Transportasi Umum,,[K01476] Penduduk; [K02224] Transportasi Publik/Umum;,,Bagian dari populasi penduduk yang mendapat layanan angkutan umum.,[32010026] Wilayah;,-,Persentase,persen,,
24410053,Persentase Penduduk yang Mudah Mengakses Transportasi Publik,,[K01476] Penduduk; [K02224] Transportasi Publik/Umum;,,Bagian dari populasi penduduk di suatu wilayah yang dapat mengakses transportasi umum dalam jarak 500 meter dari tempat tinggalnya.,[32010026] Wilayah;,-,Persentase,persen,,
24410069,Persentase Rumah Tangga yang Pernah Melakukan Pelanggaran Lalu Lintas,,"[K01925] Rumah Tangga;
[K01340] Pelanggaran; [K01049] Lalu Lintas;",,"Bagian dari seluruh rumah tangga yang minimal salah satu anggota rumah tangganya pernah melakukan pelanggaran rambu lalu lintas, seperti tidak menggunakan helm saat berkendara sepeda motor, menerobos lampu lalu lintas, dan memutar balik atau melewati marka jalan.",[32010026] Wilayah;,-,Persentase,persen,,
24410054,Persentase Siswa yang Menggunakan Sarana Transportasi untuk Pergi ke Sekolah,,"[K02026] Siswa;
[K02223] Transportasi; [K01976] Sekolah;",,"Bagian dari populasi penduduk berumur 5 tahun ke atas yang masih bersekolah dan menggunakan sarana transportasi, baik kendaraan pribadi maupun kendaraan umum.",[32010026] Wilayah;,-,Persentase,persen,,
24410070,Rata-rata Response Time Operasi Pencarian dan Pertolongan pada Kecelakaan Transportasi,,[K02372] Pencarian dan Pertolongan; [K00793] Kecelakaan Transportasi;,,Rata-rata jangka waktu yang dihitung sejak informasi/laporan terkait dengan keadaan yang berpotensi menimbulkan kecelakaan transportasi diterima sampai dengan unit  pencarian dan pertolongan siap diberangkatkan.,"[3200026] Wilayah;
[2440045] Moda
Transportasi;",-,Rata-rata,menit,,
24510030,Distribusi Persentase Kunjungan Wisatawan,,[K01008] Wisata;,,Bagian dari keseluruhan kunjungan wisatawan pada kategori atau kelompok tertentu.,"[32010026] Wilayah;
[24520008] Jenis
Wisatawan;",-,Persentase,persen,,
24510031,Indeks Pembangunan Kepariwisataan Nasional (IPKN),,"[K01384]
Pembangunan; [K00860]
Kepariwisataan;",,Nilai yang menggambarkan kualitas pembangunan kepariwisataan bersifat lintas sektor dalam suatu wilayah pada waktu tertentu.,[32010026] Wilayah;,-,Indeks,-,,
24510010,Jumlah Devisa Sektor Pariwisata,,"[K00379] Devisa; [K00860]
Kepariwisataan;",,Banyaknya penerimaan devisa sektor pariwisata yang berasal dari kunjungan wisatawan mancanegara.,[32010026] Wilayah;,-,Total,miliar dolar Amerika Serikat,,
24510011,Jumlah Hotel Bintang,,[K00524] Hotel;,,Banyaknya usaha penyediaan akomodasi yang memenuhi ketentuan sebagai hotel bintang dan ditetapkan,[32010026] Wilayah;,-,Total,unit usaha,,
,,,,,oleh instansi khusus yang membinanya.,,,,,,
24510013,Jumlah Kamar Hotel,,[K00712] Kamar Hotel;,,"Banyaknya kamar yang tersedia untuk tamu baik kamar yang terisi maupun tidak terisi, tetapi tidak termasuk kamar yang sedang diperbaiki, kamar pegawai hotel, dan kamar untuk kantor.","[32010026] Wilayah;
[24520001] Jenis Usaha Akomodasi;",-,Total,kamar,,
24510014,Jumlah Kunjungan Wisatawan Mancanegara,,[K01008] Wisata; [K02332] Wisatawan Mancanegara;,,"Banyaknya perjalanan kurang dari enam bulan yang dilakukan oleh wisatawan mancanegara dalam wilayah Indonesia dengan tujuan bukan untuk sekolah atau bekerja, dengan mengunjungi objek wisata komersial, dan/atau menginap di akomodasi komersial.",[32010026] Wilayah;,-,Total,kunjungan,,
24510015,Jumlah Kunjungan Wisatawan Nusantara,,[K01008] Wisata; [K02334] Wisatawan Nusantara;,,"Banyaknya perjalanan kurang dari enam bulan yang dilakukan oleh penduduk dalam wilayah Indonesia dengan tujuan bukan untuk sekolah atau bekerja, dengan mengunjungi objek wisata komersial, dan/atau menginap di akomodasi komersial, dan/atau jarak perjalanan lebih besar dari atau sama dengan 100 kilometer pergi-pulang.",[32010026] Wilayah;,-,Total,kunjungan,,
24510016,Jumlah Malam Kamar Hotel Terpakai,,[K00712] Kamar Hotel;,,Banyaknya malam kamar yang digunakan/terisi oleh tamu.,"[32010026] Wilayah;
[24520001] Jenis Usaha Akomodasi;",-,Total,malam kamar,,
24510017,Jumlah Malam Tamu Menginap,,[K00524] Hotel;,,Banyaknya malam yang dihabiskan tamu selama menginap di hotel dan jasa akomodasi lainnya.,"[32010026] Wilayah;
[24520001] Jenis Usaha Akomodasi;",-,Total,malam,,
24510021,Jumlah Pekerja Sektor Pariwisata,,"[K01306] Pekerja; [K00860]
Kepariwisataan;",,Banyaknya orang yang bekerja di sektor pariwisata.,"[32010026] Wilayah;
[33220007] Jenis
Kelamin;
[24520007] Jenis Usaha Pariwisata;",-,Total,orang,,
24510032,Jumlah Perjalanan Wisatawan,,[K02376] Perjalanan Wisata;,,Banyaknya perjalanan yang dilakukan oleh penduduk Indonesia dari tempat tinggal biasanya ke tempat di luar lingkungan sehari-hari di wilayah geografis Indonesia secara sukarela selama kurang dari 12 bulan dan bukan bertujuan untuk bekerja (memperoleh upah/gaji dari penduduk di tempat yang dituju) atau sekolah secara rutin.,"[32010026] Wilayah;
[24520008] Jenis
Wisatawan;",-,Total,kegiatan,,
24510019,Jumlah Tamu Hotel,,[K00524] Hotel;,,Banyaknya orang yang menginap dan/atau mempergunakan jasa-jasa lainnya yang disediakan oleh hotel.,[32010026] Wilayah;,-,Total,orang,,
24510020,Jumlah Tempat Tidur Hotel,,[K00524] Hotel;,,"Banyaknya tempat tidur yang tersedia untuk tamu, baik yang sedang digunakan/terisi ataupun tidak terisi tamu.","[32010026] Wilayah;
[24520001] Jenis Usaha Akomodasi;",-,Total,unit,,
24510009,Jumlah Usaha Akomodasi,,[K02262] Usaha Akomodasi;,,"Banyaknya usaha yang menyediakan tempat menginap atau tempat tinggal sementara, baik harian maupun mingguan, bagi orang yang bepergian.","[32010026] Wilayah;
[24520001] Jenis Usaha Akomodasi;",-,Total,unit usaha,,
24510022,Jumlah Usaha Pariwisata,,[K02279] Usaha Pariwisata;,,Banyaknya usaha yang menyediakan barang dan/atau jasa bagi pemenuhan kebutuhan wisatawan dan penyelenggaraan pariwisata.,"[32010026] Wilayah;
[24520007] Jenis Usaha Pariwisata;",-,Total,unit usaha,,
24510018,Jumlah Usaha Penyediaan Makan Minum,,"[K02261] Usaha;
[K01600] Penyedia Makan Minum;",,"Banyaknya usaha yang melakukan kegiatan pelayanan makan minum, yang menyediakan makanan dan minuman untuk dikonsumsi segera, meliputi restoran tradisional, restoran ""self-service"" atau restoran ""take away"", baik di tempat tetap maupun sementara dengan atau tanpa tempat duduk, yang ditentukan berdasarkan makanan dan minuman berdasarkan pemesanan, bukan berdasarkan fasilitas yang ditawarkan.",[32010026] Wilayah;,-,Total,unit usaha,,
24510033,Jumlah Wisatawan Mancanegara,,[K02332] Wisatawan Mancanegara;,,"Banyaknya orang yang melakukan perjalanan ke Indonesia dari luar negeri, kurang dari satu tahun, didorong oleh suatu tujuan utama (bisnis, berlibur, atau tujuan pribadi lainnya), selain untuk bekerja dengan penduduk Indonesia.",[32010026] Wilayah;,-,Total,orang,,
24510034,Laju Pertumbuhan Kontribusi Pariwisata Terhadap Produk Domestik Bruto (PDB),,"[K00860]
Kepariwisataan; [K01775] Produk Domestik Bruto (PDB);",,Angka yang menunjukkan perkembangan nilai tambah pada sektor-sektor yang terkait dengan pariwisata terhadap total produk domestik bruto atas dasar harga berlaku.,[32010026]  Wilayah;,-,Tingkat,persen,,
24510035,Persentase Penggunaan Anggaran Pemerintah di Sektor Pariwisata,,"[K00103] Anggaran; [K00860]
Kepariwisataan;",,Bagian dari anggaran pendapatan dan belanja negara yang digunakan untuk kegiatan yang terkait pariwisata.,"[32010026] Wilayah;
[25020059] Tingkatan Pemerintahan;",-,Persentase,persen,,
24510036,Proporsi Sektor Pariwisata Terhadap Produk Domestik Bruto (PDB),,"[K00860]
Kepariwisataan; [K01775] Produk Domestik Bruto (PDB);",,"Bagian dari produk domestik bruto (PDB) yang berasal dari nilai pengeluaran ekonomi untuk pariwisata yang terdiri dari konsumsi wisatawan nusantara, pengeluaran pemerintah untuk pariwisata, investasi pariwisata, dan ekspor neto jasa perjalanan.",[32010026] Wilayah;,-,Proporsi,-,,
24510037,Rata-rata Lama Kunjungan Wisatawan,,[K02331] Wisatawan; [K01008] Wisata;,,Rata-rata lamanya wisatawan bermalam dalam satu kali kunjungan.,"[32010026] Wilayah;
[10120066] Umur/Usia;
[33220007] Jenis
Kelamin; [24520008] Jenis
Wisatawan;",-,Rata-rata,malam,,
24510026,Rata-rata Lama Tinggal Wisatawan Mancanegara,,[K02332] Wisatawan Mancanegara;,,Rata-rata banyaknya hari yang dihabiskan oleh wisatawan mancanegara di Indonesia yang dihitung berdasarkan pergantian tanggal.,[32010026] Wilayah;,-,Rata-rata,hari,,
24510038,Rata-rata Pengeluaran Kunjungan Wisatawan,,[K01536] Pengeluaran; [K02331] Wisatawan; [K01008] Wisata;,,Rata-rata nilai uang yang dikeluarkan/dibayarkan untuk memperoleh barang konsumsi dan jasa,"[32010026] Wilayah;
[10120066] Umur/Usia;
[24520008] Jenis
Wisatawan;",-,Rata-rata,dolar Amerika Serikat,,
,,,,,dalam rangka wisata dan selama priode kunjungan wisata.,,,,,,
24510039,Tingkat Ketersediaan Kamar Hotel,,[K00712] Kamar Hotel;,,"Banyaknya kamar yang tersedia untuk tamu (yang sedang digunakan/terisi ataupun tidak terisi tamu) untuk setiap seratus penduduk, tidak termasuk kamar yang sedang diperbaiki, kamar pegawai hotel dan kamar untuk kantor.",[32010026] Wilayah;,-,Tingkat,kamar perseratus penduduk,,
24510028,Tingkat Penghunian Kamar (TPK),,"[K00524]  Hotel;
[K02262] Usaha Akomodasi;",,Bagian dari seluruh malam kamar yang tersedia yang dihuni atau terisi tamu; atau perbandingan antara banyaknya malam kamar yang terpakai dengan banyaknya malam kamar yang tersedia.,"[32010026] Wilayah;
[24520001] Jenis Usaha Akomodasi;",-,Persentase,persen,,
24510029,Tingkat Penghunian Tempat Tidur Hotel,,[K00524] Hotel;,,"Porsi atau bagian dari seluruh tempat tidur yang tersedia di hotel, yang telah disewakan/digunakan oleh tamu.","[32010026] Wilayah;
[24520001] Jenis Usaha Akomodasi;",-,Proporsi,-,,
24610002,Jumlah Anggota Koperasi,,[K00107] Anggota Koperasi;,,Banyaknya anggota yang meliputi pemilik dan pengguna jasa koperasi yang dicatat dalam buku daftar anggota.,"[32010026] Wilayah;
[33220007] Jenis
Kelamin; [10320055] Tingkat Pendidikan; [24620001] Jenis
Koperasi;",-,Total,orang,,
24610003,Jumlah Desa/Kelurahan dengan Keberadaan Anjungan Tunai Mandiri (ATM)/Bank,,"[K00371] Desa;
[K00836] Kelurahan; [K00144] Anjungan Tunai Mandiri/ Automated Teller Machine (ATM); [K00713] Bank;",,"Banyaknya desa/kelurahan yang memiliki minimum satu anjungan tunai mandiri (ATM) atau bank, baik bank umum pemerintah, bank umum swasta, maupun Bank Perkreditan Rakyat (BPR).",[32010026] Wilayah;,-,Total,desa/ kelurahan,,
24610004,Jumlah Pembiayaan Usaha,,[K00991] Kredit;,,Jumlah realisasi fasilitasi akses pembiayaan yang tersalurkan bagi pelaku usaha.,"[32010026] Wilayah;
[23020097] Subsektor Ekonomi Kreatif;",-,Total,rupiah,,
24610016,Nilai Pendanaan Kredit Usaha Rakyat,,"[K01449] Pendanaan Usaha;
[K00991] Kredit;",,"Nilai uang yang diberikan untuk kredit/pembiayaan modal kerja dan/atau investasi kepada debitur individu/perseorangan, badan usaha dan/atau kelompok usaha yang produktif dan layak namun belum memiliki agunan tambahan atau agunan tambahan belum cukup.",[32010026] Wilayah;,-,Nilai,rupiah,,
24610009,Persentase Industri yang Menerima Pinjaman atau Kredit,,[K00595] Industri Manufaktur; [K00991] Kredit;,,Bagian dari populasi industri yang menerima pinjaman uang dari lembaga keuangan dengan pengembalian  secara bertahap.,[32010026] Wilayah;,-,Persentase,persen,,
24610017,Persentase Penduduk Berumur 5 Tahun ke Atas yang Memiliki Tabungan/Simpanan,,[K01476] Penduduk;,,"Bagian dari seluruh penduduk berumur 5 tahun ke atas yang memiliki tabungan/simpanan berupa uang di lembaga keuangan (perbankan, koperasi) atau di nonlembaga keuangan.",[32010026] Wilayah;,-,Persentase,persen,,
24610011,Persentase Penduduk yang Memiliki Asuransi Swasta,,[K01476] Penduduk; [K00165] Asuransi;,,"Bagian dari populasi penduduk yang memiliki asuransi, baik untuk jiwa maupun barang, yang dikelola oleh pihak swasta.","[32010026] Wilayah;
[33220007] Jenis
Kelamin;
[10120066] Umur/Usia;
[32020020] Klasifikasi Wilayah;",-,Persentase,persen,,
24610008,Persentase Usaha yang Memiliki Akses ke Layanan Keuangan,,"[K02261] Usaha;
[K00991] Kredit; [K01197] Modal;",,Bagian dari populasi usaha yang bisa mendapatkan layanan keuangan seperti pinjaman dan penyertaan modal.,[32010026] Wilayah;,-,Persentase,persen,,
24610014,Pulangan Aset/Return on Assets,,[K00159] Aset;,,"Perbandingan pendapatan bersih dalam satu tahun sebelum ditambahkan pajak terhadap rata-rata nilai aset, baik aset finansial maupun aset nonfinansial.",[32010026] Wilayah;,-,Persentase,persen,,
24610007,Rasio Kredit Bermasalah/ Pembiayaan Bermasalah Bruto,,[K01234] Kredit Bermasalah atau Pembiayaan Bermasalah/ Nonperforming Loans;,,"Bagian dari total kredit atau pembiayaan kepada pihak ketiga bukan bank yang kualitas pembayaran pengembaliannya kurang lancar, diragukan, dan macet.",[32010026] Wilayah;,-,Persentase,persen,,
24610018,Regulatory Tier 1 Capital to Risk-Weighted Assets,,[K02204] Modal Inti;,,Angka yang menggambarkan ketahanan perbankan berdasarkan perbandingan modal inti bank terhadap nilai aset minimum yang harus dimiliki bank untuk mengurangi risiko kebangkrutan.,[32010026] Wilayah;,-,Persentase,persen,,
25010045,Indeks Kepuasan Masyarakat,,[K01368] Pelayanan Publik;,,Angka yang diperoleh dari hasil pengukuran secara  kuantitatif maupun kualitatif berdasarkan pendapat masyarakat dalam memperoleh pelayanan dari aparatur penyelenggara pelayanan publik dengan membandingkan antara harapan untuk memenuhi kebutuhannya terhadap pelayanan yang diterima.,[32010026] Wilayah;,-,Indeks,-,,
25010046,Indeks Keterbukaan Informasi Publik,,[K00601] Informasi Publik;,,"Angka yang menggambarkan  kondisi keterbukaan informasi publik pada badan publik daerah dan nasional yang dipotret dari tiga dimensi, yang terdiri dari dimensi fisik/politik, dimensi ekonomi, dan dimensi hukum.",[32010026] Wilayah;,-,Indeks,-,,
25010007,Jumlah Alumni Pelatihan Dasar Calon Pegawai Negeri Sipil (CPNS),,[K00090] Alumni; [K01354] Pelatihan; [K01300] Pegawai Negeri Sipil (PNS);,,Banyaknya calon  pegawai negeri sipil (CPNS) yang telah mengikuti dan lulus pelatihan dasar CPNS.,"[32010026] Wilayah;
[33220007] Jenis
Kelamin;",-,Total,orang,,
25010008,Jumlah Alumni Pelatihan Fungsional Pegawai Negeri Sipil (PNS),,[K00090] Alumni; [K01354] Pelatihan; [K01300] Pegawai Negeri Sipil (PNS); [K00645] Jabatan Fungsional;,,Banyaknya pegawai negeri sipil (PNS) yang akan atau sudah menduduki jabatan fungsional yang telah mengikuti dan lulus pelatihan fungsional pada periode waktu tertentu.,"[32010026] Wilayah;
[25020001] Golongan Pegawai Negeri Sipil (PNS);
[33220007] Jenis
Kelamin; [10320009] Jenjang Pendidikan;",-,Total,orang,,
25010009,Jumlah Alumni Pelatihan Kepemimpinan Tingkat I,,[K00090] Alumni; [K01354] Pelatihan; [K00652] Jabatan Struktural;,,Banyaknya pejabat pimpinan tinggi atau pegawai non-ASN yang setara dengan jabatan pimpinan tinggi yang,"[32010026] Wilayah;
[33220007] Jenis
Kelamin;
[25020001] Golongan",-,Total,orang,,
,,,,,lulus mengikuti pelatihan kepemimpinan tingkat I.,"Pegawai Negeri Sipil (PNS);
[10320009] Jenjang Pendidikan;",,,,,
25010010,Jumlah Alumni Pelatihan Kepemimpinan Tingkat II,,[K00090] Alumni; [K01354] Pelatihan; [K00652] Jabatan Struktural;,,Banyaknya pegawai negeri sipil (PNS) atau non-PNS yang telah mengikuti dan dinyatakan lulus pelatihan kepemimpinan tingkat II.,"[32010026] Wilayah;
[33220007] Jenis
Kelamin; [10320009] Jenjang Pendidikan;
[25020001] Golongan Pegawai Negeri Sipil (PNS);",-,Total,orang,,
25010011,Jumlah Alumni Pelatihan Sosial Kultural,,[K00090] Alumni; [K01354] Pelatihan; [K00951] Kompetensi Sosial Kultural;,,Banyaknya pegawai yang bekerja di instansi pemerintah atau lembaga negara yang disetarakan dengan PNS berdasarkan ketentuan peraturan perundang-undangan yang telah mengikuti dan lulus pelatihan yang dilaksanakan dalam rangka pengembangan kompetensi sosial kultural untuk mencapai persyaratan standar kompetensi jabatan dan pengembangan karir.,"[32010026] Wilayah;
[33220007] Jenis
Kelamin; [10320009] Jenjang Pendidikan;
[25020001] Golongan Pegawai Negeri Sipil (PNS);",-,Total,orang,,
25010012,Jumlah Alumni Pelatihan Struktural Kepemimpinan Administrator,,[K00090] Alumni; [K01354] Pelatihan; [K00652] Jabatan Struktural;,,Banyaknya pegawai negeri sipil (PNS) yang telah mengikuti dan lulus pelatihan struktural kepemimpinan administrator.,"[32010026] Wilayah;
[33220007] Jenis
Kelamin;
[25020001] Golongan Pegawai Negeri Sipil (PNS);
[10320009] Jenjang Pendidikan;",-,Total,orang,,
25010013,Jumlah Alumni Pelatihan Struktural Kepemimpinan Pengawas,,[K00090] Alumni; [K01354] Pelatihan; [K00652] Jabatan Struktural;,,Banyaknya pegawai negeri sipil (PNS) yang telah mengikuti dan lulus pelatihan struktural kepemimpinan pengawas.,"[32010026] Wilayah;
[33220007] Jenis
Kelamin; [10320009] Jenjang Pendidikan;
[25020001] Golongan",-,Total,orang,,
,,,,,,Pegawai Negeri Sipil (PNS);,,,,,
25010049,Jumlah Alumni Pelatihan Teknis,,"[K00090] Alumni; [K00952] Kompetensi Teknis;
[K00147] Aparatur Sipil Negara (ASN);",,Banyaknya aparatur sipil negara (ASN) dan/atau peserta lainnya yang telah mengikuti dan lulus pelatihan teknis pada periode waktu tertentu.,"[32010026] Wilayah;
[33220007] Jenis
Kelamin;",-,Total,orang,,
25010015,Jumlah Aparatur Sipil Negara yang Telah Mengikuti Pelatihan Fungsional,,[K00147] Aparatur Sipil Negara (ASN); [K01354] Pelatihan; [K00645] Jabatan Fungsional;,,Banyaknya pegawai ASN yang menduduki jabatan fungsional dan telah mengikuti serta lulus pelatihan fungsional.,"[32010026] Wilayah;
[33220007] Jenis
Kelamin;
[25020001] Golongan Pegawai Negeri Sipil (PNS);
[10320009] Jenjang Pendidikan;",-,Total,orang,,
25010016,Jumlah Badan Publik yang Berkualifikasi Informatif,,"[K00179] Badan Publik;
[K00601] Informasi Publik;",,Banyaknya badan publik yang memberikan informasi berkaitan dengan penyelenggara dan penyelenggaraan negara dan/atau penyelenggara dan penyelenggaraan badan publik lainnya yang sesuai dengan undang-undang serta informasi lain yang berkaitan dengan kepentingan publik.,[32010026] Wilayah;,-,Total,badan publik,,
25010019,Jumlah Keanggotaan Indonesia dalam Forum dan Organisasi Internasional,,[K01264] Organisasi Internasional;,,Banyaknya partisipasi Indonesia sebagai anggota dalam forum dan organisasi internasional.,[32010026] Wilayah;,-,Total,keanggotaan,,
25010022,Jumlah Pajak Daerah,,[K01276] Pajak;,,"Kontribusi wajib kepada daerah otonom yang terutang oleh orang pribadi atau badan yang bersifat memaksa berdasarkan undang- undang, dengan tidak mendapatkan imbalan secara langsung dan digunakan untuk keperluan daerah bagi sebesar-besarnya kemakmuran rakyat.",[32010026] Wilayah;,-,Nilai,rupiah,,
25010050,Jumlah Pegawai Aparatur Sipil Negara (ASN),,[K00147] Aparatur Sipil Negara (ASN); [K01300] Pegawai Negeri Sipil (PNS); [K01301] Pegawai Pemerintah dengan Perjanjian Kerja (PPPK);,,Jumlah pegawai negeri sipil dan pegawai pemerintah dengan perjanjian kerja yang diangkat oleh pejabat pembina kepegawaian dan diserahi tugas dalam suatu jabatan pemerintahan atau diserahi tugas negara lainnya dan digaji berdasarkan peraturan perundang-undangan.,"[32010026] Wilayah;
[25020001] Golongan Pegawai Negeri Sipil (PNS);
[33220007] Jenis
Kelamin;",-,Total,orang,,
25010051,Jumlah Pegawai yang Telah Mengikuti Pendidikan dan Pelatihan (Diklat) Teknis Kearsipan,,[K02373] Pendidikan; [K01354] Pelatihan; [K02341] Arsip;,,"Banyaknya pegawai yang telah mengikuti pendidikan dan pelatihan (diklat) untuk peningkatan pengetahuan, keahlian, dan keterampilan teknis dalam bidang kearsipan.",[32010026] Wilayah;,-,Total,orang,,
25010052,Jumlah Pejabat Fungsional,,[K00645] Jabatan Fungsional;,,Banyaknya pegawai negeri sipil (PNS) yang menduduki jabatan yang berisi fungsi dan tugas berkaitan dengan pelayanan fungsional yang berdasarkan pada keahlian dan keterampilan tertentu.,"[32010026] Wilayah;
[33220007] Jenis
Kelamin;",-,Total,orang,,
25010023,Jumlah Pendapatan Daerah,,[K01454] Pendapatan Daerah;,,"Jumlah penerimaan oleh bendahara umum daerah atau oleh entitas pemerintah lainnya yang menambah saldo anggaran dalam periode tahun anggaran yang bersangkutan yang menjadi hak pemerintah, dan tidak perlu dibayar kembali oleh pemerintah.",[32010026] Wilayah;,-,Nilai,rupiah,,
25010024,Jumlah Pos Lintas Batas Negara (PLBN),,[K01761] Pos Lintas Batas Negara (PLBN);,,"Banyaknya tempat yang ditunjuk pada perbatasan wilayah negara untuk memberitahukan dan menyelesaikan kewajiban pabean, imigrasi, karantina, dan keamanan terhadap barang yang dibawa oleh pelintas batas dalam suatu wilayah.",[32010026] Wilayah;,-,Total,unit,,
25010025,Jumlah Program/ Kegiatan Kerja Sama,,[K01665] Perjanjian Kerja Sama;,,Banyaknya program kerja sama antara Indonesia dan negara-negara sedang berkembang melalui mekanisme saling,[32010026] Wilayah;,-,Total,program,,
,Selatan-Selatan dan Triangular,,,,"belajar, berbagi pengalaman terbaik serta alih teknologi tepat guna untuk mencapai kesejahteraan bersama yang melibatkan mitra kerja sama pembangunan.",,,,,,
25010026,Jumlah Retribusi Daerah,,[K01898] Retribusi Daerah;,,Banyaknya pendapatan atas pungutan daerah sebagai pembayaran atas jasa atau pemberian izin tertentu yang khusus disediakan  dan/atau diberikan oleh pemerintah daerah untuk kepentingan orang pribadi atau badan.,[32010026] Wilayah;,-,Nilai,rupiah,,
25010029,Nilai Pajak Penghasilan Badan,,[K01276] Pajak;,,Nilai pajak penghasilan yang dikenakan pada perusahaan berdasarkan omzet yang diperoleh dalam periode tertentu.,[32010026] Wilayah;,-,Nilai,rupiah,,
25010031,Persentase Anak Berumur 0—17 Tahun yang Memiliki Akta Kelahiran,,"[K00091] Anak; [K00060] Akta
Kelahiran;",,Bagian dari penduduk yang berumur 0—17 tahun yang memiliki akta kelahiran baik yang bisa ditunjukkan maupun tidak.,[32010026] Wilayah;,-,Persentase,persen,,
25010032,Persentase Anggaran Domestik yang Didanai Oleh Pajak Domestik,,[K00103] Anggaran; [K01458] Pendapatan Pajak Dalam Negeri;,,Bagian dari total belanja negara yang berasal dari pajak dalam negeri.,[32010026] Wilayah;,-,Persentase,persen,,
25010036,"Persentase Kepemilikan Akta Kelahiran pada Penduduk Berumur  0—17 Tahun dan
Pendapatan 40% Terbawah",,"[K00060] Akta
Kelahiran;
[K01476] Penduduk;",,Bagian dari penduduk berumur 0—17 tahun dengan pendapatan 40% terbawah yang memiliki akta kelahiran.,"[32010026] Wilayah;
[33220007] Jenis
Kelamin;",-,Persentase,persen,,
25010054,Persentase Pelaporan Harta Kekayaan Penyelenggara Negara,,[K00159] Aset;,,Bagian dari seluruh pelaporan yang disampaikan oleh penyelenggara negara yang merupakan laporan harta kekayaan sesuai mekanisme yang telah ditetapkan.,[32010026] Wilayah;,-,Persentase,persen,,
25010038,Persentase Pengeluaran Utama Pemerintah,,"[K01531] Pengeluaran Pemerintah;
[K00103] Anggaran;",,Bagian dari pengeluaran pemerintah baik pusat maupun daerah yang disetujui lembaga legislatif pada,[32010026] Wilayah;,-,Persentase,persen,,
,terhadap Anggaran yang Disetujui,,,,anggaran pendapatan dan belanja negara/daerah (APBN/APBD).,,,,,,
25010055,Persentase Rumah Tangga yang  Melaporkan Perubahan Administrasi Kependudukan,,"[K01925] Rumah Tangga;
[K00007] Administrasi Kependudukan;",,"Bagian dari seluruh rumah tangga yang melaporkan perubahan administrasi kependudukan seperti kelahiran, kematian, pernikahan/perceraian, atau perpindahan dalam lima tahun terakhir.",[32010026] Wilayah;,-,Persentase,persen,,
25010056,Persentase Rumah Tangga yang Mengeluarkan Uang Melebihi Ketentuan atau Menggunakan Calo Ketika Berurusan dengan Petugas Layanan Publik,,"[K01925] Rumah Tangga; [K00308] Calo;
[K01368] Pelayanan Publik;",,Bagian dari seluruh rumah tangga yang mengeluarkan uang melebihi ketentuan atau menggunakan calo ketika berurusan dengan petugas pelayanan publik.,[32010026] Wilayah;,-,Persentase,persen,,
25010057,Rasio Penerimaan Pajak terhadap Produk Domestik Bruto/Tax Ratio,,"[K01276] Pajak;
[K01775] Produk Domestik Bruto (PDB);",,"Angka yang menggambarkan nilai kinerja penerimaan pajak suatu negara yang mencakup penerimaan pajak pusat, penerimaan negara bukan pajak (PNBP) minyak dan gas, dan PNBP pertambangan umum.",[32010026] Wilayah;,-,Rasio,-,,
26010004,Laju Pertumbuhan Ekspor Produk Nonmigas,,[K00420] Ekspor;,,Pertumbuhan atau peningkatan ekspor komoditas dan produk  selain minyak dan gas dibandingkan tahun sebelumnya.,[32010026]  Wilayah;,-,Persentase,persen,,
26010005,Persentase Produk yang Diekspor,,[K01773] Produk; [K00420] Ekspor;,,"Bagian dari seluruh hasil produksi barang dan/atau jasa yang diekspor, baik oleh perusahaan itu sendiri maupun pihak lain.","[32010026] Wilayah;
[22020004] Jenis
Lapangan Usaha;",-,Persentase,persen,,
26010013,Proporsi Pembayaran Utang/Debt Service terhadap Ekspor Barang dan Jasa,,"[K02301] Utang Luar Negeri;
[K00420] Ekspor;",,"Proporsi pembayaran utang luar negeri, baik utang pokok maupun bunga utang, terhadap penerimaan transaksi berjalan yang dinilai dari ekspor barang dan jasa.",[32010026] Wilayah;,-,Proporsi,-,,
26010009,Total Produk yang Diekspor,,[K01773] Produk; [K00420] Ekspor;,,"Banyaknya seluruh hasil produksi, baik barang maupun jasa, yang diekspor, baik oleh perusahaan itu sendiri maupun pihak lain.","[32010026] Wilayah;
[22020004] Jenis
Lapangan Usaha;",-,Total,unit,,
26010011,Volume Ekspor Lintas Batas,,[K00420] Ekspor;,,Volume perdagangan/ekspor oleh pelintas batas yang melakukan aktivitas perdagangan ke negara tetangga yang berbatasan langsung.,[32010026] Wilayah;,-,Volume,meter kubik,,
27010033,Andil Perubahan Harga Kelompok Bahan Makanan Terhadap Indeks Harga Konsumen (IHK),,"[K00501] Harga Konsumen/Harga Eceran;
[K00599] Inflasi;",,Besarnya sumbangan perubahan/fluktuasi harga komoditas kelompok bahan makanan relatif terhadap angka indeks harga konsumen yang terjadi di suatu kota atau secara nasional.,[32010026] Wilayah;,-,Persentase,persen,,
27010034,Andil Perubahan  Harga Komponen Energi Terhadap Indeks Harga Konsumen (IHK),,"[K00501] Harga Konsumen/Harga Eceran;
[K00599] Inflasi;",,Besarnya sumbangan perubahan/fluktuasi harga komoditas komponen energi relatif terhadap angka indeks harga konsumen yang terjadi di suatu kota atau secara nasional.,[32010026] Wilayah;,-,Persentase,persen,,
27010035,Disparitas Harga Beras per Kilogram,,[K00501] Harga Konsumen/Harga Eceran;,,Perbedaan harga beras per kilogram yang dihitung di wilayah tertentu terhadap wilayah satu tingkat di atasnya atau antarwaktu.,[32010026] Wilayah;,-,Harga,rupiah,,
27010036,Harga Rata-rata Terendah Beras Per Kilogram,,[K00501] Harga Konsumen/Harga Eceran;,,Nilai terkecil rata-rata harga beras per kilogram di seluruh wilayah pantauan sesuai dengan ketentuan.,[32010026] Wilayah;,-,Minimum,rupiah,,
27010028,Indeks Harga Konsumen,,[K00501] Harga Konsumen/Harga Eceran;,,"Angka yang menggambarkan  rata-rata perubahan harga dalam suatu periode, dari suatu kumpulan harga barang dan jasa yang dikonsumsi oleh penduduk/rumah tangga dalam kurun waktu tertentu.",[32010026] Wilayah;,-,Indeks,-,,
27010029,Indeks Harga Perdagangan Besar (IHPB),,"[K02355] Harga;
[K01640] Perdagangan Besar;",,Angka yang menggambarkan besarnya perubahan harga komoditas yang diperdagangkan pada tingkat perdagangan besar/grosir di suatu wilayah (negara atau provinsi).,[32010026] Wilayah;,-,Indeks,-,,
27010030,Indeks Harga Properti Perumahan (IHPP),,"[K00501] Harga Konsumen/Harga Eceran;
[K01714] Perumahan;",,Angka yang menggambarkan perkembangan harga rumah/ apartemen antarperiode waktu.,[32010026] Wilayah;,-,Indeks,-,,
27010037,Indeks Harga yang Dibayar Pengolah Hasil Perikanan,,"[K02355] Harga;
[K02283] Usaha Pengolahan Ikan;",,"Angka yang menggambarkan nilai uang yang dikeluarkan untuk membayar barang dan jasa yang dikonsumsi oleh pengolah hasil perikanan, termasuk untuk memproduksi hasil pengolahan ikan.",[32010026] Wilayah;,-,Indeks,-,,
27010038,Indeks Harga yang Dibayar Petambak Garam,,"[K02355] Harga;
[K01742] Petambak Garam;",,"Angka yang menggambarkan nilai uang yang dikeluarkan untuk membayar barang dan jasa yang dikonsumsi petambak garam, termasuk untuk memproduksi garam.",[32010026] Wilayah;,-,Indeks,-,,
27010031,Indeks Harga yang Dibayar Petani (Ib),,"[K00501] Harga Konsumen/Harga Eceran;
[K01744] Petani;",,"Angka yang menggambarkan perkembangan harga komoditas eceran barang/jasa yang dikonsumsi atau dibeli petani, baik untuk memenuhi kebutuhan rumah tangganya sendiri maupun untuk keperluan biaya produksi pertanian.",[32010026] Wilayah;,-,Indeks,-,,
27010039,Indeks Harga yang Diterima Pengolah Hasil Perikanan,,[K00505] Harga Produsen; [K02283] Usaha Pengolahan Ikan;,,Angka yang menggambarkan perubahan harga di tingkat produsen atas produk hasil pengolahan ikan.,[32010026] Wilayah;,-,Indeks,-,,
27010040,Indeks Harga yang Diterima Petambak Garam,,[K00505] Harga Produsen;  [K01742] Petambak Garam;,,Angka yang menggambarkan perubahan harga di tingkat produsen atas hasil produksi petambak garam.,[32010026]  Wilayah;,-,Indeks,-,,
27010027,Indeks Harga yang Diterima Petani (It),,[K00505] Harga Produsen; [K01744] Petani;,,Angka yang menggambarkan perkembangan harga komoditas pertanian yang dihasilkan petani sebelum ditambahkan biaya transportasi/pengangkutan dan biaya pengepakan ke dalam harga penjualannya atau disebut farm gate (harga di sawah/ladang setelah pemetikan).,[32010026] Wilayah;,-,Indeks,-,,
27010032,Indeks Kemahalan Konstruksi (IKK),,[K00695] Konstruksi; [K00213] Bangunan;,,Angka yang menggambarkan tinggi rendahnya nilai/harga bangunan konstruksi di suatu daerah dibandingkan dengan kota acuan.,[32010026] Wilayah;,-,Indeks,-,,
27010041,Laju Pertumbuhan Indeks Harga Konsumen,,[K00501] Harga Konsumen/Harga Eceran;,,Besarnya perubahan harga sejumlah barang dan jasa yang pada umumnya dikonsumsi oleh rumah tangga.,[32010026] Wilayah;,-,Persentase,persen,,
27010042,Nilai Tukar Petani,,[K01744] Petani;,,Angka yang menggambarkan daya beli petani serta kemampuan mereka untuk memenuhi  kebutuhan hidup dan biaya produksi.,"[32010026] Wilayah;
[24120027] Jenis
Subsektor Pertanian, Kehutanan, dan Perikanan;",-,Rasio,-,,
27010043,Persentase Perubahan Harga Komoditas,,[K00501] Harga Konsumen/Harga Eceran;,,Besarnya perubahan harga rata-rata dari suatu komoditas pada periode waktu tertentu dibandingkan periode waktu sebelumnya (point-to-point).,[32010026] Wilayah;,-,Persentase,persen,,
27010002,Rata-rata Harga Eceran Komoditas,,[K00501] Harga Konsumen/Harga Eceran;,,Rata-rata harga keekonomian barang dan jasa di tingkat konsumen setelah adanya intervensi pemerintah terkait pajak dan subsidi serta margin transportasi dan perdagangan.,[32010026] Wilayah;,-,Rata-rata,rupiah,,
27010044,Rata-rata Harga Produsen Komoditas,,[K00505]  Harga Produsen;,,"Rata-rata harga keekonomian komoditas, baik barang maupun jasa, setelah adanya intervensi pemerintah terkait pajak dan subsidi.",[32010026] Wilayah;,-,Rata-rata,rupiah,,
28010001,Indeks Balas Jasa dan Upah,,[K00204] Balas Jasa dan Upah Pekerja;,,Angka yang menyatakan persentase balas jasa dan upah pada suatu triwulan tertentu terhadap jumlah,[32010026] Wilayah;,-,Indeks,-,,
,,,,,balas jasa dan upah pada triwulan sebelumnya di tahun yang sama.,,,,,,
28010007,Nilai Pendapatan Pekerja/Buruh,,[K01450] Pendapatan; [K01306] Pekerja;,,"Seluruh nilai uang yang diterima dari pelaksanaan aktivitas normal entitas, seperti fee, bunga, dividen, royalti, sewa, atau hasil kerja berupa gaji, upah lembur, bonus, dan tunjangan,",[32010026] Wilayah;,-,Nilai,rupiah,,
28010003,Nilai Pengeluaran Balas Jasa dan Upah Pekerja,,"[K00204] Balas Jasa dan Upah Pekerja; [K01317] Pekerja Tetap;
[K01318] Pekerja Tidak Tetap/Harian;",,"Seluruh pengeluaran yang dibayarkan kepada pekerja tetap dan pekerja harian berupa upah gaji, upah lembur, hadiah, bonus, dana pensiun, tunjangan kecelakaan, dan pengeluaran lainnya yang tidak dibayarkan dalam bentuk uang maupun barang sebagai balas jasa dan upah.",[32010026] Wilayah;,-,Nilai,rupiah,,
28010004,Nilai Upah Minimum Provinsi (UMP),,[K00204] Balas Jasa dan Upah Pekerja;,,Nilai upah minimum yang berlaku untuk seluruh kabupaten/kota di satu provinsi berdasarkan peraturan yang ditetapkan dengan keputusan gubernur.,[32010026] Wilayah;,-,Nilai,rupiah,,
28010005,Nilai Upah Pekerja Tidak Tetap/Harian,,[K00204] Balas Jasa dan Upah Pekerja; [K01318] Pekerja Tidak Tetap/Harian;,,Pengeluaran yang dibayarkan kepada pekerja harian dalam bentuk uang maupun barang sebagai balas jasa dan upah.,[32010026] Wilayah;,-,Nilai,rupiah,,
28010008,Rata-rata Gaji Pekerja,,[K00204] Balas Jasa dan Upah Pekerja;,,"Besarnya imbalan rata-rata yang diterima oleh pekerja, baik berupa uang maupun barang, yang dibayarkan oleh pemberi kerja.",[32010026] Wilayah;,-,Nilai,rupiah,,
28010009,Rata-rata Pendapatan Bersih Sebulan Pekerja Informal,,[K00204] Balas Jasa dan Upah Pekerja; [K01306] Pekerja; [K02293] Usaha Sektor Informal;,,"Imbalan atau balas jasa selama sebulan yang lalu, baik berupa uang maupun barang yang diperoleh seseorang yang bekerja sebagai pekerja bebas di bidang pertanian dan nonpertanian.",[32010026] Wilayah;,-,Nilai,rupiah,,
28010006,Upah Rata-rata per Jam Kerja,,[K00204] Balas Jasa dan Upah Pekerja; [K00667] Jam Kerja;,,Imbalan atau penghasilan rata-rata yang diperoleh tiap jam baik  berupa uang maupun barang.,"[32010026] Wilayah;
[32020020] Klasifikasi Wilayah;
[33220007] Jenis
Kelamin; [10320055] Tingkat Pendidikan;",-,Rasio,rupiah per jam,,
29010024,Distribusi Persentase Sumber Daya Manusia (SDM) Iptek,,"[K02077] Sumber Daya Manusia (SDM); [K02357] Ilmu
Pengetahuan; [K02130] Teknologi;",,"Bagian dari populasi sumber daya manusia iptek yang disajikan dalam kelompok-kelompok atau disagregasi tertentu, sehingga dapat menggambarkan distribusi sumber daya manusia iptek.","[32010026] Wilayah;
[33220007] Jenis
Kelamin; [10320055] Tingkat Pendidikan; [29020025] Sektor Institusi Riset;",-,Persentase,persen,,
29010006,Jumlah Kawasan Sains dan Teknologi (KST),,[K00763] Kawasan Sains dan Teknologi (Science and Technology Park);,,"Banyaknya wahana yang dikelola secara profesional untuk mengembangkan dan mendorong pertumbuhan ekonomi secara berkelanjutan melalui pengembangan, penerapan ilmu pengetahuan dan teknologi, dan penumbuhan perusahaan pemula berbasis teknologi.",[32010026] Wilayah;,-,Total,kawasan,,
29010008,Jumlah Paten,,"[K01297] Paten;
[K00620] Invensi;",,Banyaknya hak eksklusif yang diberikan oleh negara kepada inventor atas hasil invensinya di bidang teknologi untuk jangka waktu tertentu melaksanakan sendiri invensi tersebut atau memberikan persetujuan kepada pihak lain untuk melaksanakannya.,[32010026] Wilayah;,-,Total,paten,,
29010009,Jumlah Penelitian Kemasyarakatan,,[K00798] Penelitian/ Riset;,,Banyaknya kegiatan penelitian untuk mengetahui latar belakang kehidupan warga binaan  pemasyarakatan yang dilaksanakan oleh balai pemasyarakatan.,[32010026] Wilayah;,-,Total,kegiatan,,
29010016,Jumlah Produk Riset,,[K00798] Penelitian/ Riset;,,"Banyaknya hasil kegiatan kreatif yang dilakukan dengan sistematis untuk menambah pengetahuan, dan pemanfaatan pengetahuan untuk",[32010026] Wilayah;,-,Total,produk,,
,,,,,"penerapan baru, termasuk yang bersifat kebaruan (novelty), kreatif, ketidakpastian, sistematis, dan dapat direproduksi.",,,,,,
29010017,Jumlah Publikasi Ilmiah,,[K01829] Publikasi Ilmiah;,,Banyaknya publikasi ilmiah yang dihasilkan dari kegiatan riset dan inovasi.,"[32010026] Wilayah;
[29020025] Sektor Institusi Riset;",-,Total,artikel,,
29010019,Jumlah Sitasi Atas Jurnal Internasional,,[K02027] Sitasi; [K01829] Publikasi Ilmiah;,,Banyaknya kegiatan pengambilalihan satu kalimat atau lebih dari karya tulisan lain untuk tujuan ilustrasi atau memperkokoh argumen dalam tulisan yang berasal dari jurnal internasional.,"[32010026] Wilayah;
[29020025] Sektor Institusi Riset;",-,Total,sitasi,,
29010027,Nilai Pengeluaran Kegiatan Penelitan dan Pengembangan,,[K00798] Penelitian/ Riset;,,Nilai pengeluaran kegiatan penelitian dan pengembangan dalam rentang waktu tertentu.,"[32010026] Wilayah;
[22020004] Jenis
Lapangan Usaha;",-,Nilai,rupiah,,
29010020,Nilai Pengembangan Riset dan Inovasi,,"[K00798] Penelitian/ Riset;
[K00607] Inovasi;",,Banyaknya nilai uang yang dikeluarkan oleh perusahaan/badan usaha dalam rangka pengembangan riset dan inovasi.,[32010026] Wilayah;,-,Nilai,rupiah,,
29010021,Persentase Belanja Riset Terhadap Produk Domestik Bruto (PDB),,"[K00798] Penelitian/ Riset;
[K01775] Produk Domestik Bruto (PDB);",,"Bagian dari nilai produk domestik bruto yang digunakan untuk jumlah belanja riset di sektor pemerintah, perguruan tinggi, badan usaha/ industri, dan swasta nonprofit.","[32010026] Wilayah;
[29020025] Sektor Institusi Riset;",-,Persentase,persen,,
29010022,Persentase Penduduk dengan Keterampilan Teknologi Informasi dan Komunikasi (TIK),,[K01476] Penduduk; [K02130] Teknologi; [K00600] Informasi;,,"Bagian dari populasi penduduk berumur 20 tahun ke atas yang telah melakukan kegiatan yang berkaitan dengan komputer, termasuk komputer desktop, laptop, atau tablet (perangkat genggam serupa komputer), namun tidak termasuk peralatan dengan beberapa kemampuan komputasi seperti smart-TV dan perangkat telepon yang fungsi utamanya sebagai smartphone.","[32010026] Wilayah;
[33220007] Jenis
Kelamin;
[32020020] Klasifikasi Wilayah;",-,Persentase,persen,,
29010026,Tingkat Ketersediaan Sumber Daya Manusia (SDM) Iptek,,"[K02077] Sumber Daya Manusia (SDM); [K02357] Ilmu
Pengetahuan; [K02130] Teknologi;",,Banyaknya sumber daya manusia yang memiliki kemampuan di bidang ilmu pengetahuan dan teknologi  dalam setiap 1.000.000 penduduk.,"[32010026] Wilayah;
[33220007] Jenis
Kelamin; [29020025] Sektor Institusi Riset;",-,Tingkat,orang persatu juta penduduk,,
31010001,Angka Kematian yang Disebabkan Konflik,,[K00845] Kematian/ Mortalitas;  [K00962] Konflik Sosial;,,Banyaknya korban meninggal dalam setiap 100.000 penduduk akibat perseteruan dan/atau benturan fisik dengan kekerasan antara dua kelompok masyarakat atau lebih selama rentang waktu tertentu.,[32010026] Wilayah;,-,Tingkat,kematian perseratus ribu orang,,
31010002,Angka Korban Menderita dan Mengungsi Akibat Bencana,,[K00974] Korban; [K00255] Bencana;,,Banyaknya korban menderita dan mengungsi akibat bencana dalam setiap 100.000 penduduk.,[32010026] Wilayah;,-,Tingkat,korban perseratus ribu orang,,
31010116,Berat Limbah Bahan Berbahaya dan Beracun (B3),,[K01097] Limbah; [K00194] Bahan Berbahaya dan Beracun (B3);,,Banyaknya bahan/barang sisa atau bekas dari suatu kegiatan dan/atau proses produksi yang mengandung bahan berbahaya dan beracun.,[32010026] Wilayah;,-,Massa,kilogram,,
31010117,Berat Limbah Padat,,[K01097] Limbah;,,Banyaknya sisa atau hasil samping dari suatu usaha dan/atau kegiatan yang berwujud padat termasuk sampah.,[32010026] Wilayah;,-,Massa,ton,,
31010006,Debit Air Sungai,,[K02085] Sungai;,,Rata-rata laju aliran air sungai yang diukur pada pos duga air.,[32010026] Wilayah;,-,Debit,meter kubik per detik,,
31010004,Debit Instalasi Pengolahan Air Baku,,[K00610] Instalasi Pengolahan Air Baku;,,Rata-rata laju aliran limbah di instalasi pengolahan air baku sebelum dialirkan ke instalasi pengolahan air limbah pada periode rentang waktu tertentu.,[32010026] Wilayah;,-,Debit,meter kubik per jam,,
31010005,Debit Instalasi Pengolahan Air Limbah,,[K00611] Instalasi Pengolahan Air Limbah (IPAL);,,Rata-rata laju aliran limbah di dalam instalasi pengolahan air limbah (IPAL) pada periode waktu tertentu.,[32010026] Wilayah;,-,Debit,meter kubik per jam,,
31010007,Debit Limbah Cair Inlet,,[K01097] Limbah;,,Rata-rata laju aliran limbah cair menuju ke instalasi pengolahan air limbah (IPAL) di titik aliran berturbulensi tinggi dalam peiode waktu tertentu.,[32010026] Wilayah;,-,Debit,meter kubik per jam,,
31010008,Debit Limbah Cair Outlet,,[K01097] Limbah;,,Rata-rata laju aliran limbah pada saluran keluar air limbah yang menuju ke badan air penerima dalam periode waktu tertentu.,[32010026] Wilayah;,-,Debit,meter kubik per jam,,
31010009,Debit Saluran  Buangan Air Hujan,,[K01941] Saluran;,,Rata-rata laju aliran air pada saluran buangan air hujan pada periode waktu tertentu.,[32010026] Wilayah;,-,Debit,meter kubik per jam,,
31010010,Debit Saluran Buangan Air Kotor,,[K01941] Saluran;,,"Rata-rata laju air aliran saluran buangan air kotor pada periode
rentang waktu tertentu.",[32010026] Wilayah;,-,Debit,meter kubik per jam,,
31010120,Distribusi Persentase Luas Hutan Mangrove,,"[K02345] Bakau/
Mangrove;",,Bagian dari populasi luas hutan mangrove disajikan dalam kelompok- kelompok atau disagregasi tertentu sehingga dapat menggambarkan distribusi luas hutan  mangrove.,[32010026] Wilayah;,-,Persentase,persen,,
31010012,Distribusi Persentase Produk Domestik Bruto (PDB) Maritim Atas Dasar Harga Berlaku (ADHB),,[K01775] Produk Domestik Bruto (PDB); [K01137] Maritim;,,Besarnya peranan ekonomi maritim dalam perekonomian nasional yang diturunkan dari PDB maritim atas dasar harga berlaku (ADHB) sehingga dapat diartikan sebagai besarnya porsi atau bagian dari nilai PDB nasional atas dasar harga berlaku (ADHB) yang disumbang dari PDB maritim atas dasar harga berlaku (ADHB).,"[32010026] Wilayah;
[31020079] Klaster Kemaritiman;",-,Persentase,persen,,
31010013,Distribusi Persentase Sumber Pertumbuhan Produk Domestik Bruto (PDB) Maritim Atas Dasar Harga Konstan (ADHK),,[K01775] Produk Domestik Bruto (PDB); [K01137] Maritim;,,Kontribusi pertumbuhan masing- masing klaster dalam pertumbuhan ekonomi maritim.,"[32010026] Wilayah;
[31020079] Klaster Kemaritiman;",-,Persentase,persen,,
31010016,"Indeks Daftar Merah/
Red-list Index",,[K00337] Daftar Merah/Red List; [K00872] Kepunahan;,,Angka yang menggambarkan  tren risiko kepunahan keseluruhan untuk spesies dan memberikan indikator yang digunakan oleh pemerintah untuk melacak kemajuan mereka dalam mencapai target yang mengurangi hilangnya keanekaragaman hayati.,[32010026] Wilayah;,-,Indeks,-,,
31010017,Indeks Implisit Produk Domestik Bruto (PDB) Maritim,,[K01775] Produk Domestik Bruto (PDB); [K01137] Maritim;,,"Perbandingan antara nilai PDB maritim atas dasar harga berlaku dengan PDB maritim atas dasar harga konstan pada periode tertentu, yang menggambarkan kenaikan harga barang dan jasa maritim pada periode tertentu terhadap periode tahun dasar.","[32010026] Wilayah;
[31020079] Klaster Kemaritiman;",-,Indeks,-,,
31010018,Indeks Kualitas Air,,[K00019] Air Baku;,,"Angka yang menggambarkan kualitas air ambien yang baik pada badan air yang didekati dengan jumlah zat padat tersuspensi/total suspended solid (TSS), jumlah oksigen terlarut/ dissolved oxygen (DO), kebutuhan oksigen biokimia/biochemical oxygen demand (BOD), kebutuhan oksigen kimia/chemical oxygen demand (COD), jumlah fosfat, jumlah fecal coli, dan jumlah coli.",[32010026] Wilayah;,-,Indeks,-,,
31010121,Indeks Kualitas Ekosistem Gambut,,[K02351] Ekosistem Gambut;,,Nilai yang menggambarkan kualitas ekosistem gambut yang merupakan nilai komposit dari beberapa parameter kualitas ekosistem gambut dalam suatu wilayah pada waktu tertentu.,[32010026] Wilayah;,-,Indeks,-,,
31010019,Indeks Kualitas Udara,,[K01444] Pencemaran Udara;,,Angka yang menggambarkan tingkat polusi udara di suatu wilayah.,[32010026] Wilayah;,-,Indeks,-,,
31010122,Indeks Penggunaan Air (IPA),,[K00019] Air Baku;,,Angka yang mengukur potensi rawan kekeringan dalam pemenuhan kebutuhan air.,[32010026] Wilayah;,-,Indeks,-,,
31010020,Indeks Tutupan Hijau Pegunungan,,[K01591] Tutupan Lahan;,,"Angka yang menggambarkan perubahan vegetasi hijau di area pegunungan yang meliputi tutupan lahan hutan, lahan pertanian, padang rumput, lahan basah, pemukiman, dan tanah lainnya, dan mengidentifikasi status konservasi lingkungan pegunungan.",[32010026] Wilayah;,-,Indeks,-,,
31010124,Jumlah Bencana yang Dilakukan Operasi Pencarian dan Pertolongan,,[K00255] Bencana; [K02372] Pencarian dan Pertolongan;,,"Banyaknya peristiwa atau rangkaian peristiwa yang mengakibatkan timbulnya korban manusia, kerusakan lingkungan, kerugian harta benda, dan dampak psikologis, baik yang disebabkan faktor alam maupun faktor manusia yang dilakukan kegiatan pencarian, pertolongan, penyelamatan, dan pengevakuasian korban selama periode tertentu.","[3200026] Wilayah;
[3100021] Jenis
Bencana;",-,Total,bencana,,
31010033,Jumlah Bendung,,[K00259] Bendung;,,"Jumlah bangunan air dengan kelengkapannya yang dibangun melintang sungai atau sudetan yang sengaja dibuat untuk meninggikan taraf muka air atau untuk mendapatkan tinggi terjun, sehingga air sungai dapat disadap dan dialirkan secara gravitasi atau dengan pompa ke tempat-tempat tertentu yang membutuhkannya dan atau untuk mengendalikan dasar sungai, debit dan angkutan sedimen.",[32010026] Wilayah;,-,Total,unit,,
31010034,Jumlah Bendungan,,[K00260] Bendungan;,,"Jumlah unit bangunan yang berupa urukan tanah, urukan batu, beton, dan/atau pasangan batu yang dibangun selain untuk menahan dan menampung air, dapat pula dibangun untuk menahan dan menampung limbah tambang (tailing), atau menampung lumpur sehingga terbentuk waduk.",[32010026] Wilayah;,-,Total,unit,,
31010125,Jumlah Daerah Aliran Sungai (DAS),,[K00322] Daerah Aliran Sungai (DAS);,,"Banyaknya wilayah daratan yang merupakan satu kesatuan dengan sungai dan anak-anak sungainya, yang berfungsi menampung, menyimpan dan mengalirkan air yang berasal dari curah hujan ke danau atau ke laut secara alami, yang batas di darat merupakan pemisah",[32010026] Wilayah;,-,Total,area,,
,,,,,topografis dan batas di laut sampai dengan daerah perairan yang masih terpengaruh aktivitas daratan.,,,,,,
31010037,Jumlah Dana Publik/ Budget Tagging untuk Pendanaan Perubahan Iklim,,[K02378] Perubahan Iklim;,,Banyaknya dana publik melalui climate budget tagging untuk mengatasi kebutuhan pelaksanaan kegiatan pengendalian perubahan iklim dalam konteks aksi mitigasi dan adaptasi yang bermanfaat dan transparan.,[32010026] Wilayah;,-,Nilai,rupiah,,
31010126,Jumlah Danau yang Ditingkatkan Kualitas Airnya,,[K00351] Danau;,,"Banyaknya danau yang dikelola melalui pemeliharaan agar kualitas air tetap dalam kondisi alamiahnya, serta dilakukan pencegahan, penanggulangan, dan pemulihan kualitas air akibat pencemaran agar sesuai dengan baku mutu air.",[32010026] Wilayah;,-,Total,danau,,
31010039,Jumlah Embung,,[K00433] Embung;,,Jumlah infrastruktur waduk berukuran mikro di lahan pertanian sebagai tempat penampungan  air hujan untuk digunakan pada saat musim kemarau di suatu wilayah.,[32010026] Wilayah;,-,Total,unit,,
31010040,Jumlah Emisi Gas Rumah Kaca (GRK),,[K00434] Emisi Gas Rumah Kaca;,,"Banyaknya pelepasan gas yang terkandung dalam atmosfer, baik alami maupun antropogenik, yang menyerap dan memancarkan kembali radiasi inframerah dari kegiatan yang dijalankan dalam pembangunan sektor-sektor prioritas mencakup kehutanan dan lahan gambut, pertanian, energi dan transportasi, industri, limbah dan ekosistem pesisir dan laut (blue carbon).",[32010026] Wilayah;,-,Total,million tonnes of carbon dioxide equivalent,,
31010041,Jumlah Instalasi Pengolahan Air Limbah (IPAL),,[K00611] Instalasi Pengolahan Air Limbah (IPAL);,,"Banyaknya fasilitas berupa struktur yang dirancang untuk pembuangan limbah biologis dan kimiawi dari air,",[32010026] Wilayah;,-,Total,unit,,
,,,,,sehingga memungkinkan air tersebut dapat digunakan pada aktivitas lain.,,,,,,
31010042,Jumlah Instalasi Pengolahan Lumpur Tinja (IPLT),,[K00612] Instalasi Pengolahan Lumpur Tinja (IPLT);,,Banyaknya instalasi pengolahan air limbah yang dirancang hanya menerima dan mengolah lumpur tinja yang berasal dari subsistem pengolahan setempat suatu wilayah.,[32010026] Wilayah;,-,Total,unit,,
31010044,Jumlah Kasus Perburuan atau Perdagangan Ilegal Tumbuhan dan Satwa Liar (TSL),,"[K00734] Pidana; [K01105] Lingkungan Hidup;
[K02234] Tumbuhan Liar;
[K01975] Satwa Liar;",,Banyaknya kasus perburuan atau perdagangan ilegal tumbuhan dan satwa liar yang dinyatakan oleh jaksa agung bahwa hasil penyidikan sudah lengkap (status P-21).,[32010026] Wilayah;,-,Total,kasus,,
31010127,Jumlah Kawasan Hutan Lindung,,[K00533] Hutan;,,"Banyaknya kawasan hutan yang berfungsi sebagai perlindungan sistem penyangga kehidupan untuk mengatur tata air, mencegah banjir, mengendalikan erosi, mencegah intrusi air laut, dan memelihara kesuburan tanah.",[32010026] Wilayah;,-,Total,kawasan,,
31010045,Jumlah Kejadian Bencana,,[K00255] Bencana;,,"Banyaknya kejadian peristiwa atau rangkaian peristiwa yang mengancam dan mengganggu kehidupan dan penghidupan masyarakat yang disebabkan faktor alam dan/atau faktor nonalam maupun faktor manusia, sehingga mengakibatkan timbulnya korban manusia, kerusakan lingkungan, kerugian harta benda, dan dampak psikologis.",[32010026] Wilayah;,-,Total,kejadian,,
31010046,Jumlah Kejadian Kecelakaan dengan Penanganan Khusus,,[K00789] Kecelakaan;,,"Banyaknya kejadian kecelakaan yang penanganannya  membutuhkan teknologi tertentu, sumber daya manusia yang memiliki kompetensi tertentu, prosedur kerja tertentu dan/atau terjadi di lokasi kejadian yang sulit dijangkau.",[32010026] Wilayah;,-,Total,kejadian,,
31010047,Jumlah Kejadian Kondisi Membahayakan Manusia,,[K00960] Kondisi Membahayakan Manusia;,,"Banyaknya peristiwa yang menimpa, membahayakan, dan/atau mengancam keselamatan manusia, selain kecelakaan dan bencana.",[32010026] Wilayah;,-,Total,kejadian,,
31010048,Jumlah Korban Bencana,,[K00974] Korban; [K00255] Bencana;,,"Banyaknya orang yang mengalami kerusakan lingkungan, kerugian harta benda, dampak psikologis, dan meninggal dunia akibat kecelakaan, bencana, dan/atau kondisi membahayakan manusia.","[32010026] Wilayah;
[10420200] Keadaan Korban Hasil Pencarian dan Pertolongan;",-,Total,orang,,
31010128,Jumlah Korban Bencana yang Dilakukan Pencarian dan Pertolongan,,[K00974] Korban; [K00255] Bencana; [K02372] Pencarian dan Pertolongan;,,"Banyaknya orang yang mengalami penderitaan, meninggal dunia, atau hilang akibat bencana yang dilakukan pencarian dalam upaya menolong dan memberi bantuan.",[3200026] Wilayah;,-,Total,orang,,
31010049,Jumlah Korban Kecelakaan dengan Penanganan Khusus,,[K00974] Korban; [K00789] Kecelakaan;,,"Banyaknya orang yang mengalami kecelakaan yang membutuhkan teknologi tertentu, sumber daya manusia yang memiliki kompetensi tertentu, prosedur kerja tertentu dan/atau terjadi di lokasi kejadian yang sulit dijangkau.",[32010026] Wilayah;,-,Total,orang,,
31010050,Jumlah Korban Kondisi Membahayakan Manusia,,[K00974] Korban; [K00960] Kondisi Membahayakan Manusia;,,"Banyaknya orang yang mengalami peristiwa yang menimpa, membahayakan, dan/atau mengancam keselamatan manusia, selain kecelakaan dan bencana.",[32010026] Wilayah;,-,Total,orang,,
31010053,Jumlah Pompa Banjir,,[K01755] Pompa Banjir;,,Banyaknya unit pompa pengendali banjir yang berfungsi untuk mengubah aliran dan/atau alur sungai.,[32010026] Wilayah;,-,Total,unit,,
31010054,Jumlah Potensi Penurunan Emisi Gas Rumah Kaca (GRK),,[K00434] Emisi Gas Rumah Kaca;,,"Besarnya potensi penurunan pelepasan gas yang terkandung dalam atmosfer, baik alami maupun antropogenik, yang menyerap dan memancarkan kembali radiasi inframerah yang dihitung dari emisi baseline dikurangi dengan emisi proyek.",[32010026] Wilayah;,-,Total,tonnes of carbon dioxide equivalent,,
31010056,Jumlah Sabo Dam,,[K01939] Sabo Dam;,,"Banyaknya bangunan yang dipasang melintang alur di hulu sungai lahar yang berfungsi untuk mengendalikan dasar sungai bagian hilir agar tetap stabil meskipun ada suplai material, atau sedimen yang terangkut oleh aliran air di suatu wilayah.",[32010026] Wilayah;,-,Total,unit,,
31010057,Jumlah Sinyal Darurat,,[K02018] Sinyal Darurat;,,Banyaknya sinyal yang dipancarkan untuk mendapatkan bantuan.,[32010026] Wilayah;,-,Total,kali,,
31010058,Jumlah Situ,,[K02028] Situ;,,"Banyaknya wadah genangan air di atas permukaan tanah yang terbentuk secara alami maupun buatan dan merupakan sumber air baku yang airnya berasal dari tanah, air hujan dan/atau sumber air lainnya.",[32010026] Wilayah;,-,Total,unit,,
31010059,Jumlah Situs Penting Keanekaragaman Hayati Pegunungan dalam Kawasan Konservasi,,[K00753] Kawasan Konservasi;,,Banyaknya situs penting keanekaragaman hayati pegunungan pada kawasan konservasi.,"[32010026] Wilayah;
[31020015] Fungsi Area Kawasan Konservasi;",-,Total,situs,,
31010060,Jumlah Tangkapan Ikan yang Diperbolehkan,,[K02125] Penangkapan Ikan Terukur;,,Banyaknya tangkapan sebesar 80% dari jumlah tangkapan lestari/maximum sustainable yield (MSY) yang diperbolehkan untuk dilakukan penangkapan.,[32010026] Wilayah;,-,Total,ton,,
31010061,Jumlah Tangkapan Lestari,,[K02125] Penangkapan Ikan Terukur;,,Banyaknya tangkapan maksimum yang diperbolehkan agar ketersediaan sumber daya perikanan tangkap tetap lestari (potensi lestari).,[32010026] Wilayah;,-,Total,ton,,
31010062,Jumlah Tempat Pemrosesan Akhir (TPA),,[K02145] Tempat Pemrosesan Akhir (TPA);,,Banyaknya tempat yang digunakan untuk memproses dan mengembalikan sampah ke media lingkungan dalam suatu wilayah.,[32010026] Wilayah;,-,Total,unit,,
31010129,Jumlah Tempat Penampungan Sementara (TPS),,[K02146] Tempat Penampungan Sementara (TPS);,,"Banyaknya tempat penampungan sebelum sampah diangkut ke tempat pendauran ulang, pengolahan, dan/atau tempat pengolahan sampah terpadu.",[32010026]  Wilayah;,-,Total,unit,,
31010063,Jumlah Timbulan Sampah yang Didaur Ulang,,[K01945] Sampah; [K00363] Daur Ulang;,,"Banyaknya timbulan sisa kegiatan sehari-hari manusia dan/atau proses alam yang berbentuk padat (sampah rumah tangga, sampah sejenis sampah rumah tangga, dan sampah spesifik) yang melalui upaya pengurangan, pembatasan dan pemanfaatan kembali.",[32010026] Wilayah;,-,Total,ton,,
31010069,Kapasitas Bendungan,,[K00260] Bendungan;,,"Daya tampung efektif dari bangunan yang digunakan untuk menahan dan menampung air, limbah tambang (tailing), maupun lumpur sehingga terbentuk waduk.",[32010026] Wilayah;,-,Volume,meter kubik,,
31010070,Kapasitas Embung,,[K00433] Embung;,,Daya tampung embung untuk menyimpan air hujan agar dapat digunakan pada saat musim  kemarau.,[32010026] Wilayah;,-,Volume,meter kubik,,
31010071,Kapasitas Situ,,[K02028] Situ;,,"Daya tampung suatu wadah genangan air di atas permukaan tanah, baik alami maupun buatan, yang merupakan sumber air baku di suatu wilayah.",[32010026] Wilayah;,-,Volume,meter kubik,,
31010072,Kapasitas Tempat Pemrosesan Akhir (TPA),,[K02145] Tempat Pemrosesan Akhir (TPA);,,Daya tampung infrastruktur tempat pemrosesan akhir (TPA) sampah.,[32010026] Wilayah;,-,Volume,meter kubik,,
31010066,Kapasitas Tempat Penampungan Sementara,,[K02146] Tempat Penampungan Sementara (TPS);,,"Daya tampung fasilitas tempat penampungan sampah sebelum sampah diangkut ke tempat pendauran ulang, pengolahan, dan/atau tempat pengolahan sampah
terpadu.",[32010026] Wilayah;,-,Volume,meter kubik,,
31010130,Ketinggian Terendah Permukaan Laut Astronomis,,[K02368] Muka Laut atau Permukaan Laut;,,Kedudukan permukaan air laut terendah yang dapat diprediksi terjadi pada kondisi meteorologi rata-rata dan memperhitungkan seluruh faktor astronomis pada pasang surut laut dalam kurun waktu 19 tahun.,[32010026] Wilayah;,-,Minimum,meter,,
31010131,Ketinggian Tertinggi Permukaan Laut Astronomis,,[K02368] Muka Laut atau Permukaan Laut;,,Kedudukan permukaan air laut tertinggi yang dapat  diprediksi terjadi pada kondisi meteorologi rata-rata dan memperhitungkan seluruh faktor astronomis pada pasang surut laut dalam kurun waktu 19 tahun.,[32010026] Wilayah;,-,Maksimum,meter,,
31010081,Laju Implisit Produk Domestik Bruto (PDB) Maritim,,[K01775] Produk Domestik Bruto (PDB); [K01137] Maritim;,,Perkembangan indeks implisit maritim pada periode tertentu terhadap indeks implisit periode sebelumnya.,"[32010026] Wilayah;
[31020079] Klaster Kemaritiman;",-,Persentase,persen,,
31010082,Laju Perluasan Lahan Terbangun,,[K01044] Lahan Terbangun;,,Angka yang menunjukkan tingkat pertambahan area tidak bervegetasi yang memiliki tutupan lahan permanen maupun semi permanen yang bersifat kedap air.,[32010026] Wilayah;,-,Persentase,persen,,
31010083,Laju Pertumbuhan Produk Domestik Bruto (PDB) Maritim Atas Dasar Harga Konstan (ADHK),,[K01775] Produk Domestik Bruto (PDB); [K01137] Maritim;,,Perkembangan nilai tambah barang dan jasa maritim pada periode tertentu terhadap nilai periode sebelumnya yang dihitung berdasarkan PDB maritim atas dasar harga konstan.,"[32010026] Wilayah;
[31020079] Klaster Kemaritiman;",-,Persentase,persen,,
31010084,Luas Kawasan Bernilai Konservasi Tinggi (HCV),,[K00753] Kawasan Konservasi;,,"Luas kawasan hutan konservasi dan hutan di luar konservasi termasuk areal penggunaan lain (APL) yang memiliki keanekaragaman hayati yang tinggi, baik dari segi ekosistem, populasi, maupun spesies, terutama daerah yang merupakan kantung- kantung satwa prioritas yang kemudian masuk ke dalam kawasan ekosistem esensial.",[32010026] Wilayah;,-,Luas,hektare,,
31010085,Luas Kawasan Konservasi Perairan Laut,,[K00753] Kawasan Konservasi; [K01063] Laut;,,"Luas keseluruhan kawasan perairan yang dilindungi, dikelola dengan sistem zonasi, untuk mewujudkan pengelolaan sumberdaya ikan dan lingkungannya secara berkelanjutan.",[32010026] Wilayah;,-,Luas,hektare,,
31010086,Luas Kegiatan Reboisasi,,[K01858] Reboisasi;,,"Luas penanaman jenis pohon pada kawasan hutan, untuk mengembalikan fungsi hutan.",[32010026] Wilayah;,-,Luas,hektare,,
31010087,Luas Lahan Kritis,,[K01031] Lahan Kritis;,,"Luas lahan yang tidak mampu lagi berperan sebagai unsur produksi pertanian, baik sebagai media pengatur tata air maupun sebagai perlindungan alam lingkungan.",[32010026] Wilayah;,-,Luas,hektare,,
31010132,Luas Pemberian Persetujuan Perhutanan Sosial,,[K01654] Perhutanan Sosial;,,"Luas areal kawasan hutan yang telah diberikan kepada masyarakat untuk kegiatan pengelolaan hutan desa, pengelolaan hutan kemasyarakatan, pengelolaan hutan tanaman rakyat, kemitraan kehutanan, dan hutan adat pada kawasan hutan lindung, hutan produksi atau kawasan hutan konservasi sesuai dengan fungsinya.",[32010026] Wilayah;,-,Luas,hektare,,
31010088,Luas Ruang Terbuka Hijau,,[K01907] Ruang Terbuka Hijau (RTH);,,"Besar area memanjang/jalur dan/atau mengelompok, yang penggunaannya lebih bersifat terbuka, tempat tumbuh tanaman, baik yang tumbuh secara alamiah maupun yang sengaja ditanam.","[32010026] Wilayah;
[31020029] Jenis Ruang Terbuka Hijau;",-,Luas,hektare,,
31010089,Luas Tempat Pemrosesan Akhir (TPA),,[K02145] Tempat Pemrosesan Akhir (TPA);,,Luas fasilitas tempat untuk memproses pengolahan persampahan dan mengembalikan sampah ke media lingkungan.,[32010026] Wilayah;,-,Luas,hektare,,
31010114,Nilai Penggunaaan Air Baku untuk Proses Produksi,,"[K00279] Biaya;
[K00019] Air Baku; [K01779] Produksi;",,Biaya yang dikeluarkan untuk penyediaan air baku yang digunakan dalam proses produksi selama periode waktu tertentu.,"[32010026] Wilayah;
[22020004] Jenis
Lapangan Usaha;",-,Nilai,rupiah,,
31010090,Pajak Atas Produk Maritim,,"[K01276] Pajak;
[K01137] Maritim;",,Pajak yang dikenakan pada setiap barang dan jasa maritim yang diproduksi.,[32010026] Wilayah;,-,Nilai,rupiah,,
31010091,Panjang Jaringan Distribusi Air Baku,,[K00391] Distribusi; [K00019] Air Baku;,,Panjang suatu sistem untuk menyalurkan air baku.,[32010026] Wilayah;,-,Panjang,meter,,
31010093,Panjang Jaringan Pengumpul Air Limbah,,[K01941] Saluran; [K01097] Limbah;,,"Panjang suatu sistem untuk menyalurkan air limbah yang berasal dari kegiatan produksi, perkantoran,",[32010026] Wilayah;,-,Panjang,kilometer,,
,,,,,dan rumah tangga menuju instalasi pengolahan air limbah (IPAL).,,,,,,
31010052,Panjang Pengaman Pantai,,[K01507] Pengaman Pantai;,,"Panjang infrastruktur yang digunakan untuk melindungi dan mengamankan daerah pantai dan muara sungai dari kerusakan akibat erosi, abrasi, dan akresi di suatu wilayah.",[32010026] Wilayah;,-,Panjang,meter,,
31010094,Panjang Saluran Air Hujan Pembuangan Akhir,,[K01941] Saluran;,,Panjang struktur kanal atau pipa yang berfungsi untuk menyalurkan air hujan yang bermuara pada saluran pembuangan akhir sesuai dengan ketentuan teknis pemerintah daerah setempat.,[32010026] Wilayah;,-,Panjang,meter,,
31010096,Persentase Lahan yang Terdegradasi,,[K00368] Degradasi Lahan;,,Bagian dari keseluruhan luas lahan yang mengalami penurunan produktivitas (degradasi) dan direhabilitasi.,"[32010026] Wilayah;
[31020110] Tingkat Kekritisan Lahan;",-,Persentase,persen,,
31010097,Persentase Limbah Bahan Berbahaya dan Beracun (B3) yang Ditangani/Diolah,,[K01097] Limbah; [K00194] Bahan Berbahaya dan Beracun (B3); [K01519] Pengelolaan Limbah;,,Bagian dari seluruh bahan/barang sisa atau bekas dari suatu kegiatan dan/atau proses produksi yang mengandung bahan berbahaya dan beracun (B3) yang ditangani/diolah.,[32010026] Wilayah;,-,Persentase,persen,,
31010098,Persentase Limbah Cair yang Diolah Secara Aman,,[K01097] Limbah; [K01519] Pengelolaan Limbah;,,Bagian dari seluruh bahan/barang sisa atau bekas dari suatu kegiatan dan/atau proses produksi berwujud cair yang dikelola secara aman.,[32010026] Wilayah;,-,Persentase,persen,,
31010099,Persentase Penurunan Sampah Terbuang ke Laut,,[K01945] Sampah; [K01063] Laut;,,"Besarnya perubahan banyak sampah yang berasal dari daratan, badan air, dan pesisir yang mengalir ke laut atau sampah yang berasal dari kegiatan di laut pada tahun berjalan dibandingkan dengan tahun sebelumnya terhadap total sampah pada tahun tersebut.",[32010026] Wilayah;,-,Persentase,persen,,
31010100,Persentase Penurunan Tingkat Konsumsi Perusak Ozon,,[K00199] Bahan Perusak Ozon (BPO);,,Pencapaian penurunan tingkat konsumsi bahan perusak ozon berupa hydroflorokarbon (HFC) yang,[32010026] Wilayah;,-,Persentase,persen,,
,,,,,merupakan bahan pengganti dari hydrochlorofluorocarbon (HCFC) terhadap baseline yang ditetapkan.,,,,,,
31010133,Persentase Perubahan Emisi Gas Rumah Kaca,,[K00470] Gas Rumah Kaca;,,Besarnya perubahan tingkat emisi gas rumah kaca pada titik tahun  tertentu dibandingkan dengan angka dasar emisi di tahun yang sama.,[32010026] Wilayah;,-,Persentase,persen,,
31010101,Persentase Perubahan Kualitas dan Kuantitas Sumber Daya Air pada Ekosistem Perairan,,[K01518] Pengelolaan Kualitas Air; [K00418]  Ekosistem;,,Perubahan tingkat kualitas dan kuantitas sumber daya air pada ekosistem perairan dari waktu ke waktu diindikasikan terhadap perubahan beberapa sub-indikator berikut: (1) ekosistem yang mempengaruhi ketersediaan sumber daya air; (2) kualitas air danau dan waduk/bendungan; (3) kuantitas air sungai; (4) kualitas badan air (permukaan dan tanah); dan (5) kuantitas akuifer air tanah.,[32010026] Wilayah;,-,Persentase,persen,,
31010134,Persentase Rumah Tangga yang Melakukan Pengelolaan Sampah,,"[K01925] Rumah Tangga;
[K01945] Sampah; [K01524] Pengelolaan Sampah;",,"Bagian dari seluruh rumah tangga yang melakukan pengelolaan sampah dengan cara diangkut petugas, dibuang ke tempat pembuangan sampah (TPS), dibuat kompos, dan/atau didaur ulang.",[32010026]  Wilayah;,-,Persentase,persen,,
31010135,Persentase Rumah Tangga yang Menyatakan Bahwa Fasilitas Sosial di Wilayah Tempat Tinggalnya Bersih,,"[K01925] Rumah Tangga;
[K00452] Fasilitas Sosial;",,Bagian dari seluruh rumah tangga yang menyatakan bahwa fasilitas umum/fasilitas sosial di wilayah tempat tinggalnya bersih.,[32010026] Wilayah;,-,Persentase,persen,,
31010136,Persentase Rumah Tangga yang Terlayani Pengelolaan Sampah,,"[K01925] Rumah Tangga;
[K01524] Pengelolaan Sampah;",,Bagian dari seluruh rumah tangga yang mendapatkan pelayanan pengelolaan sampah.,"[32010026] Wilayah;
[32020020] Klasifikasi Wilayah;",-,Persentase,persen,,
31010137,Persentase Sampah Harian Terangkut,,[K01945] Sampah;,,Bagian dari timbulan sampah harian yang berhasil diangkut atau dikumpulkan dalam satu hari.,[32010026] Wilayah;,-,Persentase,persen,,
31010103,Persentase Sampah Sisa Makanan,,[K01945] Sampah; [K01131] Makanan;,,Bagian dari total sampah yang berupa sisa makanan.,[32010026] Wilayah;,-,Persentase,persen,,
31010102,Persentase Sampah yang Terkelola,,[K01945] Sampah; [K01524] Pengelolaan Sampah;,,Bagian dari keseluruhan timbulan sampah yang dikelola sampai proses akhir.,[32010026] Wilayah;,-,Persentase,persen,,
31010105,Persentase Wilayah Cekungan Lintas Batas dengan Pengaturan Kerja Sama Sumber Daya Air,,[K00314] Cekungan Lintas Batas;,,Bagian dari total luas permukaan cekungan lintas batas sungai dan danau yang terletak di dalam batas negara dan total luas akifer lintas batas yang tercakup dalam pengaturan perjanjian kerjasama pengelolaan sumber daya air lintas batas.,[32010026] Wilayah;,-,Persentase,persen,,
31010106,Produk Domestik Bruto (PDB) Maritim Atas Dasar Harga Berlaku (ADHB),,[K01775] Produk Domestik Bruto (PDB); [K01137] Maritim;,,"Agregat nilai tambah yang dihasilkan oleh unit produksi yang tercakup dalam 12 cluster ekonomi maritim di wilayah suatu negara dalam jangka waktu tertentu yang dihitung menggunakan harga yang berlaku pada setiap periode, ditambah dengan pajak atas produk maritim dikurang subsidi atas produk maritim.","[32010026] Wilayah;
[31020079] Klaster Kemaritiman;",-,Nilai,rupiah,,
31010107,Produk Domestik Bruto (PDB) Maritim Atas Dasar Harga Konstan (ADHK),,[K01775] Produk Domestik Bruto (PDB); [K01137] Maritim;,,"Agregat nilai tambah yang dihasilkan oleh unit produksi yang tercakup dalam 12 kluster ekonomi maritim di wilayah suatu negara dalam jangka waktu tertentu yang dihitung menggunakan harga yang berlaku pada satu tahun tertentu sebagai dasar, ditambah dengan  pajak atas produk maritim dikurang subsidi atas produk maritim.","[32010026] Wilayah;
[31020079] Klaster Kemaritiman;",-,Nilai,rupiah,,
31010138,Rasio Kerugian Ekonomi Langsung Akibat Bencana terhadap Produk Domestik Bruto (PDB),,[K01775] Produk Domestik Bruto (PDB); [K00255] Bencana;,,Perbandingan antara total kerugian yang didapatkan setelah adanya bencana dibandingkan total produk domestik bruto (PDB).,"[32010026] Wilayah;
[31020021] Jenis
Bencana;",-,Rasio,-,,
31010139,Rasio Laju Perluasan Lahan Terbangun Terhadap Laju Pertumbuhan Penduduk,,[K01044] Lahan Terbangun; [K01476] Penduduk;,,"Perbandingan laju perluasan lahan terbangun (tidak bervegetasi, memiliki tutupan permanen atau semi permanen yang kedap air) dengan laju pertumbuhan penduduk pada kurun waktu yang sama.",[32010026] Wilayah;,-,Rasio,-,,
31010108,Rasio Potensi Penurunan Intensitas Emisi Gas Rumah Kaca (GRK),,[K00434] Emisi Gas Rumah Kaca;,,Perbandingan antara total emisi gas rumah kaca (GRK) di tahun berjalan dengan produk domestik bruto (PDB) di tahun berjalan.,[32010026] Wilayah;,-,Rasio,tonnes of carbon dioxide equivalent per rupiah,,
31010140,Rata-rata Ketinggian Terendah Muka Laut Purnama,,[K02368] Muka Laut atau Permukaan Laut;,,Rata-rata ketinggian permukaan laut dari dua kali air laut turun (surut) terendah yang terjadi dalam 24 jam saat bulan purnama dan bulan baru yang diamati dalam kurun waktu 19 tahun.,[32010026] Wilayah;,-,Rata-rata,meter,,
31010141,Rata-rata Ketinggian Tertinggi Muka Laut Purnama,,[K02368] Muka Laut atau Permukaan Laut;,,Rata-rata ketinggian permukaan laut dari dua kali air laut naik (pasang) tertinggi yang terjadi dalam 24 jam saat bulan purnama dan bulan baru yang diamati dalam kurun waktu 19 tahun.,[32010026] Wilayah;,-,Rata-rata,meter,,
31010142,Rata-rata Response Time Operasi Pencarian dan Pertolongan pada Bencana,,[K02372] Pencarian dan Pertolongan; [K00255] Bencana;,,Rata-rata jangka waktu yang dihitung sejak informasi/laporan terkait dengan keadaan yang berpotensi menimbulkan bencana diterima sampai dengan unit pencarian dan pertolongan siap diberangkatkan.,[3200026] Wilayah;,-,Rata-rata,menit,,
31010143,"Rata-rata Tahunan Materi Partikulat 10
Mikron (PM 10)",,[K01287] Materi Partikulat/Particulate Matter;,,Rata-rata tahunan partikel udara yang berukuran kurang dari 10 mikron di perkotaan untuk setiap penduduk.,[32010026] Wilayah;,-,Rasio,mikrogram per meter kubik,,
31010109,Subsidi Atas Produk Maritim,,[K02064] Subsidi; [K01137] Maritim;,,Subsidi yang dikenakan pada setiap barang dan jasa maritim yang diproduksi.,[32010026] Wilayah;,-,Nilai,rupiah,,
31010111,Tingkat Korban Terluka Akibat Bencana,,[K00974] Korban; [K00255] Bencana;,,"Banyaknya orang yang mengalami luka-luka atau sakit, dalam keadaan luka ringan, maupun luka parah/ berat, akibat bencana setiap 100.000 penduduk.",[32010026] Wilayah;,-,Tingkat,korban perseratus ribu orang,,
31010115,Volume Air Baku,,[K00019] Air Baku;,,"Banyaknya kebutuhan terhadap air yang dapat berasal dari sumber air permukaan, cekungan air tanah dan/atau air hujan yang memenuhi baku mutu tertentu.",[32010026] Wilayah;,-,Volume,meter kubik,,
31010118,Volume Air Tanah,,[K00019] Air Baku;,,Banyaknya air yang terdapat dalam lapisan tanah atau batuan di bawah permukaan tanah.,[32010026] Wilayah;,-,Volume,meter kubik,,
31010119,Volume Limbah Cair,,[K01097] Limbah;,,Banyaknya sisa hasil suatu usaha dan/atau kegiatan industri yang berwujud cair yang dihasilkan oleh seluruh perusahaan dalam rentang waktu tertentu.,[32010026] Wilayah;,-,Volume,meter kubik,,
31010144,Volume Sampah Harian Terangkut,,[K01945] Sampah;,,Banyaknya volume sampah yang berhasil diangkut atau dikumpulkan dari suatu wilayah atau lokasi dalam satu hari.,[32010026] Wilayah;,-,Volume,meter kubik,,
32010029,Indeks Daya Saing Daerah,,[K00366] Daya Saing; [K02323] Wilayah;,,Angka yang menggambarkan kemampuan atau produktivitas suatu daerah untuk dapat tumbuh (berkembang) dan bersaing dengan daerah lain pada tingkat provinsi dan kabupaten/kota.,[32010026] Wilayah;,-,Indeks,-,,
32010030,Indeks Desa,,[K00371] Desa;,,"Angka yang menggambarkan perkembangan kemajuan kemandirian desa, yang menjadi salah satu input dalam perumusan isu-isu strategis dan permasalahan utama terkait dengan pembangunan dan pemberdayaan masyarakat desa.",[32010026] Wilayah;,-,Indeks,-,,
32010031,Indeks Desa Membangun (IDM),,[K00371] Desa; [K02370],,Angka yang menggambarkan status kemajuan dan kemandirian desa yang,[32010026] Wilayah;,-,Indeks,-,,
,,,Pembangunan Nasional;,,"diukur berdasarkan aspek ketahanan sosial, ketahanan ekonomi, dan ketahanan lingkungan.",,,,,,
32010032,Indeks Perkembangan Kawasan Transmigrasi,,[K02222] Transmigrasi;,,"Angka yang menunjukkan perkembangan satuan permukiman (SP), satuan kawasan pengembangan (SKP), kawasan perkotaan baru (KPB), dan kawasan transmigrasi, serta memberikan informasi mengenai inisiatif masyarakat, strategi pembangunan dan pengembangan, serta kebutuhan intervensi yang lebih akurat dalam rangka mewujudkan kawasan transmigrasi sebagai satu kesatuan sistem pengembangan ekonomi wilayah yang berdaya saing.",[32010026] Wilayah;,-,Indeks,-,,
32010011,Jumlah Desa,,[K00371] Desa;,,"Banyaknya kesatuan masyarakat hukum yang memiliki batas wilayah yang berwenang untuk mengatur dan mengurus urusan pemerintahan dan kepentingan masyarakat  setempat berdasarkan prakarsa masyarakat, hak asal usul, dan/atau hak tradisional yang diakui dan dihormati dalam sistem pemerintahan Negara Kesatuan Republik Indonesia.","[32010026] Wilayah;
[32020009] Jenis
Topografi;",-,Total,desa,,
32010033,Jumlah Desa Mandiri,,"[K00373] Desa
Mandiri;",,"Banyaknya desa yang mempunyai ketersediaan dan akses terhadap pelayanan dasar yang mencukupi, infrastruktur yang memadai, aksesibilitas transportasi yang tidak sulit, pelayanan umum yang bagus, serta penyelenggaraan pemerintahan yang sudah sangat baik, serta memiliki nilai indeks desa 80—100.",[32010026] Wilayah;,-,Total,desa,,
32010034,Jumlah Desa Tertinggal,,"[K00371] Desa;
[K00335] Daerah Tertinggal;",,"Banyaknya desa yang masih minim dalam ketersediaan dan akses terhadap pelayanan dasar,",[32010026] Wilayah;,-,Total,desa,,
,,,,,"infrastruktur, aksesibilitas/ transportasi pelayanan umum, dan penyelenggaraan pemerintahan yang mencakup desa sangat tertinggal dan desa tertinggal dengan indeks pembangunan desa dalam rentang nilai 0—49,9.",,,,,,
32010035,Jumlah Desa/Kelurahan Tepi Laut,,"[K00371] Desa;
[K00836] Kelurahan;",,"Banyaknya desa/kelurangan yang sebagian atau seluruh wilayahnya bersinggungan langsung dengan laut, baik berupa pantai maupun tebing karang.",[32010026] Wilayah;,-,Total,desa/ kelurahan,,
32010036,Jumlah Desa/Kelurahan yang Memiliki  Fasilitas Pelayanan Kesehatan,,"[K00371] Desa;
[K00836] Kelurahan; [K00443] Fasilitas Pelayanan Kesehatan;",,Banyaknya desa/kelurahan yang di wilayahnya terdapat bangunan yang digunakan untuk penyelenggaraan atau penunjang pelayanan kesehatan.,[32010026] Wilayah;,-,Total,desa/ kelurahan,,
32010012,Jumlah Fasilitas Sosial yang Menerapkan Standar Pelayanan Masyarakat (SPM),,[K00452] Fasilitas Sosial;,,"Banyaknya fasilitas publik yang menyediakan layanan bagi masyarakat meliputi sarana, informasi, edukasi dan apresiasi dengan fokus konten efisiensi pengelolaan sumber daya (energi, air, dan material) dan pelaksanaan pengelolaan sampah.",[32010026] Wilayah;,-,Total,fasilitas publik,,
32010013,Jumlah Kaveling,,[K00741] Kaveling;,,Banyaknya bagian tanah yang sudah dipetak-petak dengan ukuran tertentu untuk bangunan usaha atau tempat tinggal.,"[32010026] Wilayah;
[22020004] Jenis
Lapangan Usaha;",-,Total,unit,,
32010037,Jumlah Kawasan Transmigrasi,,[K00765] Kawasan Transmigrasi;,,Banyaknya kawasan budi daya yang memiliki fungsi sebagai permukiman dan tempat usaha masyarakat dalam satu sistem pengembangan berupa wilayah pengembangan transmigrasi atau lokasi permukiman transmigrasi.,[32010026] Wilayah;,-,Total,kawasan,,
32010038,Jumlah Kelurahan,,[K00836] Kelurahan;,,Banyaknya daerah pemerintahan yang dipimpin oleh seorang lurah.,[32010026] Wilayah;,-,Total,kelurahan,,
32010039,Jumlah Lokasi Permukiman Transmigrasi,,[K02377] Permukiman; [K02222] Transmigrasi;,,Banyaknya lokasi potensial yang ditetapkan sebagai permukiman transmigrasi untuk mendukung pusat pertumbuhan wilayah yang sudah ada atau yang sedang berkembang sebagai kawasan perkotaan baru sesuai dengan rencana tata ruang wilayah.,[32010026] Wilayah;,-,Total,lokasi,,
32010040,Persentase Desa/ Kelurahan Tepi Laut,,"[K00371] Desa;
[K00836] Kelurahan; [K01063] Laut;",,"Bagian dari populasi desa/kelurahan yang sebagian atau seluruh wilayahnya bersinggungan langsung dengan laut, baik berupa pantai maupun tebing karang.",[32010026] Wilayah;,-,Persentase,persen,,
32010041,Persentase Desa/ Kelurahan yang Berlokasi di Dalam/ Tepi/Sekitar Kawasan Hutan,,"[K00371] Desa;
[K00836] Kelurahan; [K00745] Kawasan Hutan;",,"Bagian dari populasi desa/kelurahan yang terletak di dalam kawasan hutan, bersinggungan dengan kawasan hutan, atau berada di sekitar kawasan hutan.",[32010026] Wilayah;,-,Persentase,persen,,
32010042,Persentase Desa/ Kelurahan yang Berlokasi di Lereng/ Tebing/Puncak,,"[K00371] Desa;
[K00836]  Kelurahan; [K01093] Lereng; [K01832] Puncak; [K02388] Tebing;",,"Bagian dari populasi desa/kelurahan yang berlokasi di lereng, tebing, atau puncak.",[32010026] Wilayah;,-,Persentase,persen,,
32010043,"Persentase Kabupaten/ Kota dengan Angka Kesakitan Demam Berdarah Dengue (DBD) Paling Banyak 49 Per
100.000 Penduduk",,[K00369] Demam Berdarah Dengue (DBD);,,"Bagian dari populasi kabupaten/kota yang memiliki angka kesakitan demam berdarah dengue (DBD) kurang dari atau sama dengan 49 kasus per
100.000 penduduk dalam kurun waktu satu tahun.",[32010026] Wilayah;,-,Persentase,persen,,
32010044,Produk Domestik Regional Bruto (PDRB) Atas Dasar Harga Berlaku (ADHB),,[K01776] Produk Domestik Regional Bruto (PDRB);,,"Nilai tambah bruto atas barang dan jasa yang diproduksi di suatu wilayah (provinsi/kabupaten/kota), dengan nilai barang dan jasa dihitung menggunakan harga yang berlaku pada waktu itu.","[32010026] Wilayah;
[22020004] Jenis
Lapangan Usaha;",-,Nilai,miliar rupiah,,
32010045,Produk Domestik Regional Bruto (PDRB) Atas Dasar Harga Konstan (ADHK),,[K01776] Produk Domestik Regional Bruto (PDRB);,,"Nilai tambah bruto barang dan jasa yang diproduksi di suatu wilayah (provinsi/kabupaten/kota), dengan","[32010026] Wilayah;
[22020004] Jenis
Lapangan Usaha;",-,Nilai,miliar rupiah,,
,,,,,nilai barang dan jasa dihitung pada harga tahun dasar.,,,,,,
32010026,Wilayah,,[K02323] Wilayah; [K00940] Wilayah Kerja Statistik;,,Ruang yang merupakan kesatuan geografis beserta segenap unsur terkait yang batas dan sistemnya ditentukan berdasarkan aspek administratif dan/atau aspek fungsional.,-,-,-,-,,
33110013,Garis Kemiskinan,,[K00847] Kemiskinan;,,Nilai rupiah minimum yang dibutuhkan untuk memenuhi kebutuhan pokok minimun makanan yang setara dengan 2.100 kkal per kapita per hari dan kebutuhan pokok bukan makanan.,[32010026] Wilayah;,-,Nilai,rupiah,,
33110014,Indeks Kedalaman Kemiskinan/Poverty Gap Index (P1),,[K00847] Kemiskinan;,,"Ukuran rata-rata kesenjangan pengeluaran tiap-tiap penduduk miskin terhadap garis kemiskinan, yang ditunjukkan dengan  jarak rata- rata pengeluaran  penduduk miskin dengan garis kemiskinan.",[32010026] Wilayah;,-,Indeks,-,,
33110015,Indeks Keparahan Kemiskinan/Poverty Severity Index (P2),,[K01479] Penduduk Miskin;,,Gambaran mengenai penyebaran pengeluaran di antara penduduk miskin yang mengindikasikan besarnya ketimpangan yang terjadi antar-penduduk miskin.,[32010026] Wilayah;,-,Indeks,-,,
33110001,Indeks Pembangunan Manusia (IPM),,"[K01386]
Pembangunan Manusia;",,"Indeks komposit yang mengukur pembangunan manusia dari tiga aspek dasar, meliputi umur panjang dan hidup sehat, pengetahuan, dan standar hidup.","[32010026] Wilayah;
[33220007] Jenis
Kelamin;",-,Indeks,-,,
33110002,Indikator Kemiskinan Multidimensi (IKM),,[K00847] Kemiskinan; [K01479] Penduduk Miskin;,,"Angka yang menggambarkan kondisi kemiskinan yang tidak hanya berdasarkan dimensi pendapatan dan pengeluaran, namun mencakup pula dimensi pendidikan, kesehatan, dan standar hidup.",[32010026] Wilayah;,-,Indeks,-,,
33110016,Jumlah Anak Sekolah pada Keluarga Miskin yang Tidak Memiliki Akses Internet,,"[K00094] Anak
Sekolah;
[K00831] Keluarga Miskin;
[K00618] Internet;",,Banyaknya anak pada keluarga miskin yang bersekolah yang tidak memiliki akses internet.,[32010026] Wilayah;,-,Total,orang,,
33110017,Jumlah Keluarga Miskin yang Memiliki Ternak,,"[K00831] Keluarga Miskin;
[K02197] Ternak;",,Banyaknya keluarga miskin yang memiliki aset ternak  besar minimal seekor sapi/kerbau/kuda/babi/ domba.,"[32010026] Wilayah;
[32020020] Klasifikasi Wilayah;",-,Total,keluarga,,
33110018,Jumlah Penduduk Miskin,,[K01479] Penduduk Miskin;,,"Banyaknya penduduk yang tidak mampu memenuhi hak dasar (hak atas pangan, sandang, layanan kesehatan, layanan pendidikan, pekerjaan dan berusaha, dan/atau perumahan) secara layak dan mandiri dan memiliki rata- rata pengeluaran per kapita sebulan di bawah garis kemiskinan.",[32010026] Wilayah;,-,Total,orang,,
33110008,Persentase Anak Berumur 0—17 Tahun yang Hidup di Bawah Garis Kemiskinan,,"[K00091] Anak;
[K00847] Kemiskinan; [K01479] Penduduk Miskin;",,"Bagian dari populasi anak berumur 0—17 tahun yang tinggal di rumah tangga yang mengalami kesulitan dalam pemenuhan kebutuhan dasar (sandang, pangan, dan papan) sehari- hari.",[32010026] Wilayah;,-,Persentase,persen,,
33110019,Persentase Pekerja yang Hidup di Bawah Garis Kemiskinan Internasional,,[K01306] Pekerja; [K01479] Penduduk Miskin;,,Bagian dari seluruh pekerja dengan konsumsi perkapita kurang dari satu satuan kesepadanan/paritas daya beli atau purchasing power parity  (PPP).,[32010026] Wilayah;,-,Persentase,persen,,
33110020,Persentase Penduduk Miskin,,[K01479] Penduduk Miskin;,,"Bagian dari populasi penduduk yang tidak mampu memenuhi hak dasar (hak atas pangan, sandang, layanan kesehatan, layanan pendidikan, pekerjaan dan berusaha, dan/atau perumahan) secara layak dan mandiri dan memiliki rata-rata pengeluaran",[32010026] Wilayah;,-,Persentase,persen,,
,,,,,per kapita sebulan di bawah garis kemiskinan.,,,,,,
33110009,Persentase Penduduk yang Hidup di Bawah Garis Kemiskinan Internasional,,[K01476] Penduduk; [K00847] Kemiskinan; [K01479] Penduduk Miskin;,,Bagian dari populasi penduduk yang memiliki pendapatan kurang dari nilai batas garis kemiskinan internasional yang ditetapkan pada periode tertentu.,[32010026] Wilayah;,-,Persentase,persen,,
33110011,Persentase Rumah Tangga yang Memiliki Akses terhadap Hunian yang Layak,,[K01925] Rumah Tangga; [K01915] Rumah Layak Huni;,,"Bagian dari populasi rumah tangga yang tinggal pada bangunan tempat tinggal yang layak yang dicirikan dengan pemenuhan kriteria ketahanan bangunan, kecukupan luas tempat tinggal, memiliki akses air minum, dan memiliki akses sanitasi layak.","[32010026] Wilayah;
[32020020] Klasifikasi Wilayah;
[33220007] Jenis
Kelamin;",-,Persentase,persen,,
33110012,Rasio Gini,,[K01536] Pengeluaran;,,Indikator yang menunjukkan tingkat ketimpangan pendapatan yang dapat dibelanjakan (atau pengeluaran konsumsi) penduduk secara menyeluruh.,"[32010026] Wilayah;
[32020020] Klasifikasi Wilayah;",-,Rasio,-,,
33210018,Indeks Ketimpangan Gender (IKG),,[K00908] Kesetaraan Gender;,,"Angka yang menggambarkan suatu kondisi dan kedudukan antara laki- laki dan perempuan yang tidak setara dalam hal memperoleh hak-haknya sebagai manusia terkait akses dan kontrol sumber daya, partisipasi dalam seluruh proses pembangunan dan pengambilan keputusan, serta memperoleh manfaat dari pembangunan.",[32010026]  Wilayah;,-,Indeks,-,,
33210001,Indeks Pembangunan Gender,,"[K00472]
Pembangunan Gender;",,"Angka yang menggambarkan tingkat keberhasilan capaian pembangunan yang mengakomodasi persoalan gender pada dimensi umur panjang dan hidup sehat, pengetahuan, dan standar hidup.",[32010026] Wilayah;,-,Indeks,-,,
33210002,Indeks Pemberdayaan Gender,,"[K01395]
Pemberdayaan Gender;",,Angka yang menggambarkan ketersediaan akses yang setara bagi perempuan dan laki-laki  dalam,[32010026] Wilayah;,-,Indeks,-,,
,,,,,"mendapatkan  kesempatan dan partisipasi dalam berbagai bidang kehidupan, termasuk politik, ekonomi, dan pengambilan keputusan.",,,,,,
33210003,Indeks Pemenuhan Hak Anak (IPHA),,[K00485] Hak Asasi Manusia (HAM); [K00091] Anak;,,"Angka yang menggambarkan pencapaian  pembangunan pemenuhan hak anak atas hak sipil dan kebebasan, hak lingkungan keluarga dan pengasuhan alternatif, hak kesehatan dasar dan kesejahteraan, serta hak pendidikan dan pemanfaatan waktu luang.",[32010026] Wilayah;,-,Indeks,-,,
33210004,Indeks Perlindungan Anak (IPA),,[K01681] Perlindungan Anak;,,"Angka yang menggambarkan pencapaian pemenuhan hak anak dan perlindungan-khusus anak meliputi hak sipil dan kebebasan, hak lingkungan keluarga dan pengasuhan alternatif, hak kesehatan dasar dan kesejahteraan, hak pendidikan dan pemanfaatan waktu luang, dan perlindungan khusus.",[32010026] Wilayah;,-,Indeks,-,,
33210005,Indeks Perlindungan- Khusus Anak (IPKA),,[K01681] Perlindungan Anak;,,Angka yang menggambarkan pencapaian pembangunan perlindungan yang diterima oleh anak dalam situasi dan kondisi tertentu untuk mendapatkan jaminan rasa aman terhadap ancaman yang membahayakan diri dan jiwa dalam tumbuh kembangnya.,[32010026] Wilayah;,-,Indeks,-,,
33210019,Persentase Keluarga yang Memiliki Anak Berumur 0—6 Tahun,,[K00829] Keluarga; [K00091] Anak;,,Bagian dari populasi keluarga yang memiliki anak berumur 0—6 tahun.,"[32010026] Wilayah;
[33120021] Status Kesejahteraan;",-,Persentase,persen,,
33210020,Persentase Keluarga yang Memiliki Anggota Keluarga Lanjut Usia (Lansia),,[K00829] Keluarga; [K01055] Orang Lanjut Usia (Lansia);,,Bagian dari populasi keluarga yang memiliki satu atau lebih anggota keluarga yang telah berusia 60 tahun ke atas.,"[32010026] Wilayah;
[33120021] Status Kesejahteraan;",-,Persentase,persen,,
33210011,Persentase Keterwakilan Perempuan di Lembaga Legislatif,,[K01647] Perempuan; [K01077] Lembaga Legislatif;,,Bagian dari populasi anggota legislatif yang berjenis kelamin  perempuan.,"[32010026] Wilayah;
[11020005] Tingkatan Parlemen;",-,Persentase,persen,,
33210012,Persentase Keterwakilan Perempuan Sebagai Pengambilan Keputusan di Lembaga Eksekutif,,[K01647] Perempuan; [K01071] Lembaga Eksekutif;,,Bagian dari seluruh pimpinan setara eselon I dan II/pengambil keputusan di lembaga eksekutif yang berjenis kelamin perempuan.,[32010026] Wilayah;,-,Persentase,persen,,
33210013,Persentase Penduduk Lanjut Usia (Lansia),,[K01055] Orang Lanjut Usia (Lansia);,,Bagian dari seluruh penduduk yang berusia 60 tahun ke atas.,[32010026] Wilayah;,-,Persentase,persen,,
33210014,Persentase Penduduk Lanjut Usia (Lansia) yang Menjadi Kepala Rumah Tangga,,[K01055] Orang Lanjut Usia (Lansia); [K00859] Kepala Rumah Tangga;,,Bagian dari seluruh penduduk lanjut usia (lansia) yang menjadi kepala rumah tangga.,[32010026] Wilayah;,-,Persentase,persen,,
33210021,Persentase Perempuan sebagai Pemilik Lahan atau Pemegang Hak Atas Lahan Pertanian,,"[K01647] Perempuan; [K00497] Hak Atas Tanah;
[K01036] Lahan Pertanian/Agricultural Land;",,Bagian dari seluruh populasi pemilik lahan atau pemegang hak atas lahan pertanian yang berjenis kelamin perempuan.,[32010026] Wilayah;,-,Persentase,persen,,
33210015,Persentase Perempuan yang Berada di Posisi Manajerial,,[K01647] Perempuan; [K01764] Jabatan Manajerial;,,"Bagian dari seluruh pekerja yang menempati posisi kepemimpinan di sejumlah area seperti pemerintah di tingkat eksekutif, legislatif, peradilan dan penegak hukum, serta perusahaan milik publik atau swasta yang berjenis kelamin  perempuan.","[32010026] Wilayah;
[10120066] Umur/Usia;
[10320055] Tingkat Pendidikan; [10120063] Status Perkawinan; [10620071] Status Disabilitas; [32020020] Klasifikasi Wilayah;",-,Persentase,persen,,
33210016,Persentase Rumah Tangga yang Memiliki Penduduk Lansia,,"[K01925] Rumah Tangga;
[K01055] Orang Lanjut Usia (Lansia);",,"Bagian dari seluruh rumah tangga yang memiliki minimal satu orang anggota rumah tangga dengan kateogri
penduduk lanjut usia.",[32010026] Wilayah;,-,Persentase,persen,,
33210022,Rasio Jenis Kelamin,,"[K00704] Jenis Kelamin;
[K01476] Penduduk;",,"Perbandingan antara jumlah penduduk laki-laki dan jumlah penduduk perempuan pada suatu daerah dan waktu tertentu, yang",[32010026] Wilayah;,-,Rasio,laki-laki perseratus perempuan,,
,,,,,biasanya dinyatakan dalam banyaknya penduduk laki-laki perseratus penduduk perempuan.,,,,,,
33210017,Rasio Ketergantungan Penduduk Lansia,,"[K00922]
Ketergantungan Sosial; [K01055] Orang Lanjut Usia (Lansia);",,Perbandingan antara jumlah penduduk lanjut usia (usia 60 tahun ke atas) terhadap jumlah penduduk usia produktif (usia 15—59 tahun) yang mengindikasikan bahwa setiap 100 orang penduduk produktif harus menanggung sejumlah penduduk lanjut usia.,[32010026] Wilayah;,-,Rasio,-,,
33310021,Durasi Akses Internet,,[K00618] Internet;,,Lama waktu penggunaan internet dalam satu hari untuk mendapatkan informasi.,[32010026] Wilayah;,-,Waktu,menit,,
33310022,Frekuensi Akses Internet,,[K00618] Internet;,,Kekerapan penggunaan internet untuk mengakses bahan informasi dalam periode waktu tertentu.,[32010026] Wilayah;,-,Frekuensi,kali,,
33310023,Indeks Kematangan Keamanan Siber,,[K02364] Keamanan Siber;,,"Indeks yang menunjukkan kondisi kapabilitas dan kemajuan organisasi dalam menerapkan, meningkatkan, dan menjalankan keamanan siber secara efektif dan efisien.",[32010026] Wilayah;,-,Indeks,-,,
33310024,Indeks Maturitas Penanganan Insiden Siber,,[K02358] Insiden Siber;,,Angka yang menggambarkan kesiapan pemangku kepentingan dalam penanggulangan dan pemulihan peristiwa pelanggaran terhadap kendali keamanan siber.,[32010026] Wilayah;,-,Indeks,-,,
33310005,Jumlah Desa/Kelurahan Penerima Sinyal Internet Telepon Seluler,,"[K00371] Desa;
[K00836] Kelurahan; [K00618] Internet;",,"Banyaknya desa/kelurahan yang menerima sinyal internet telepon seluler, baik 4G/LTE, 3G/H/H+/ EVDO, maupun 2,5G/E/GPRS.",[32010026] Wilayah;,-,Total,desa/ kelurahan,,
33310025,Jumlah Transaksi Electronic Commerce (E- Commerce),,[K00415] Perdagangan Melalui Sistem Elektronik (PMSE)/ Electronic Commerce (E-commerce);,,"Banyaknya transaksi penjualan atau pembelian barang/jasa yang dapat terjadi antara usaha, rumah tangga, individu, pemerintah, dan organisasi swasta atau publik lainnya, dilakukan",[32010026] Wilayah;,-,Total,transaksi,,
,,,,,melalui serangkaian perangkat dan prosedur elektronik yang secara spesifik dirancang untuk tujuan menerima atau melakukan pesanan dengan pembayaran dan pengiriman utama barang/jasa yang tidak harus dilakukan secara  online.,,,,,,
33310011,Persentase Kecamatan yang Terjangkau Infrastruktur Jaringan Serat Optik,,[K00788]  Kecamatan; [K00689] Jaringan Serat Optik;,,Bagian dari seluruh kecamatan yang tersambung dengan jaringan telekomunikasi berbasis kabel serat optik/optical distribution point (ODP).,[32010026] Wilayah;,-,Persentase,persen,,
33310012,Persentase Penduduk Lanjut Usia yang Mengakses Internet,,[K01055] Orang Lanjut Usia (Lansia); [K00618] Internet;,,"Bagian dari seluruh penduduk lanjut usia yang memanfaatkan atau menikmati fasilitas internet untuk berkomunikasi, mencari literatur/ referensi, mencari/mengirim informasi/berita, dan lain sebagainya.",[32010026] Wilayah;,-,Persentase,persen,,
33310014,"Persentase Penduduk
Lanjut Usia yang Menggunakan Komputer",,"[K01055] Orang Lanjut
Usia (Lansia); [K00955] Komputer;",,"Bagian dari seluruh penduduk lanjut
usia yang menggunakan komputer, termasuk laptop dan tablet.",[32010026] Wilayah;,-,Persentase,persen,,
33310013,Persentase Penduduk Lanjut Usia yang Menggunakan Telepon Genggam,,[K01476] Penduduk; [K01055] Orang Lanjut Usia (Lansia); [K02137] Telepon Genggam/Telepon Seluler;,,"Bagian dari seluruh penduduk lanjut usia yang menggunakan alat komunikasi jarak jauh dengan menggunakan jaringan seluler dan jaringan nirkabel lainnya, termasuk smartphone.",[32010026] Wilayah;,-,Persentase,persen,,
33310016,Persentase Penduduk yang Menggunakan Internet,,[K01476] Penduduk; [K00618] Internet;,,Bagian dari seluruh penduduk yang dapat mengakses dan menggunakan internet.,"[32010026] Wilayah;
[32020020] Klasifikasi Wilayah;
[10120066] Umur/Usia;",-,Persentase,persen,,
33310015,Persentase Penduduk yang Menguasai Telepon Genggam,,[K01476] Penduduk; [K02137] Telepon Genggam/Telepon Seluler;,,Bagian dari seluruh penduduk yang menguasai telepon genggam.,[32010026] Wilayah;,-,Persentase,persen,,
33310027,Persentase Satuan Pendidikan dengan,,[K01971] Satuan Pendidikan; [K00618] Internet;,,Bagian dari populasi satuan pendidikan yang memiliki akses internet untuk tujuan pembelajaran.,"[32010026] Wilayah;
[10320055] Tingkat Pendidikan;",-,Persentase,persen,,
,Akses ke Internet untuk Tujuan Pembelajaran,,,,,[10320009] Jenjang Pendidikan; [10320051] Status Satuan Pendidikan;,,,,,
33310028,Persentase Satuan Pendidikan dengan Akses Komputer untuk Tujuan Pembelajaran,,[K01971] Satuan Pendidikan; [K00955] Komputer;,,Bagian dari populasi satuan pendidikan yang yang memiliki akses komputer untuk tujuan pembelajaran.,"[32010026] Wilayah;
[10320051] Status Satuan Pendidikan; [10320055] Tingkat Pendidikan; [10320009] Jenjang Pendidikan;",-,Persentase,persen,,
33310017,Persentase Sekolah dengan Akses Internet untuk Pengajaran,,[K01976] Sekolah; [K00618] Internet;,,"Bagian dari populasi sekolah berdasarkan tingkat pendidikan  (dasar, menengah, dan menengah atas) yang memiliki akses terhadap internet untuk tujuan pengajaran.",[32010026] Wilayah;,-,Persentase,persen,,
33310018,Persentase Sekolah dengan Akses Komputer untuk Pengajaran,,[K01976] Sekolah; [K00955] Komputer;,,"Bagian dari populasi sekolah berdasarkan tingkat pendidikan  (dasar, menengah, dan menengah atas) yang memiliki akses terhadap komputer untuk tujuan pengajaran.",[32010026] Wilayah;,-,Persentase,persen,,
33310019,Rasio Anak Berusia 5—17 Tahun yang Pernah Mengakses Internet antara Anak Disabilitas dan non- Disabilitas,,"[K00091] Anak;
[K00618] Internet; [K00388] Disabilitas;",,Angka yang menggambarkan perbandingan pengalaman mengakses internet antara anak berumur 5—17 tahun yang merupakan penyandang disabilitas dan nonpenyandang disabilitas.,[32010026] Wilayah;,-,Rasio,-,,
33310029,Rata-rata Transaksi Electronic Commerce (E- Commerce),,[K00415] Perdagangan Melalui Sistem Elektronik (PMSE)/ Electronic Commerce (E-commerce);,,"Rata-rata banyaknya kesepakatan jual-beli yang dilakukan antara penjual dan pembeli melalui jaringan internet atau secara  online dalam satu bulan selama setahun, baik dengan
transaksi pembayaran melalui jaringan internet maupun tidak.",[32010026] Wilayah;,-,Rata-rata,transaksi,,
34010020,Distribusi Persentase Standar Nasional Indonesia (SNI),,[K02386] Standar Nasional Indonesia (SNI);,,"Angka yang menggambarkan bagian dari keseluruhan aturan standarisasi barang, jasa, proses, sistem, dan personel yang ditetapkan oleh lembaga",[32010026] Wilayah;,-,Persentase,persen,,
,,,,,"yang berwenang, dan disajikan dalam kelompok atau disagregasi tertentu.",,,,,,
34010002,"Gross Difference Rate
(GDR)",,"[K00896] Kesalahan Isian;
[K01765]  Post-
Enumeration Survey;",,Jumlah diskrepansi antara respons sensus/survei dan respons post- enumeration survey (PES) relatif terhadap total jumlah unit observasi yang sepadan/matched.,[32010026] Wilayah;,-,Persentase,persen,,
34010003,Indeks Inkonsistensi/Index of Inconsistency,,"[K00896] Kesalahan Isian;
[K01765]  Post-
Enumeration Survey;",,Jumlah relatif kasus yang responsnya bervariasi antara data sensus dan data survei pascasensus atau post- enumeration survey (PES).,[32010026] Wilayah;,-,Indeks,-,,
34010022,Jumlah Arsip Aktif,,[K02341] Arsip;,,"Banyaknya rekaman kegiatan atau peristiwa dalam berbagai bentuk dan media sesuai dengan perkembangan teknologi informasi dan komunikasi, yang frekuensi penggunaannya tinggi dan/atau terus menerus.",[32010026] Wilayah;,-,Total,berkas,,
34010023,Jumlah Arsip Inaktif,,[K02341] Arsip;,,"Banyaknya rekaman kegiatan atau peristiwa dalam berbagai bentuk dan media sesuai dengan perkembangan teknologi informasi dan komunikasi, yang frekuensi penggunaannya telah menurun.",[32010026] Wilayah;,-,Total,berkas,,
34010024,Jumlah Arsip Statis,,[K02341] Arsip;,,"Banyaknya rekaman  kegiatan atau peristiwa dalam berbagai bentuk dan media sesuai dengan perkembangan teknologi informasi dan komunikasi, yang dihasilkan oleh pencipta arsip karena memiliki nilai guna kesejarahan, telah habis retensinya, dan berketerangan dipermanenkan yang telah diverifikasi baik secara langsung maupun tidak langsung oleh lembaga nasional yang berwenang dalam bidang kearsipan dan/atau lembaga kearsipan lainnya.",[32010026] Wilayah;,-,Total,berkas,,
34010025,Jumlah Arsip Vital,,[K02341] Arsip;,,Banyaknya rekaman kegiatan atau peristiwa dalam berbagai bentuk dan,[32010026] Wilayah;,-,Total,berkas,,
,,,,,"media sesuai dengan perkembangan teknologi informasi dan komunikasi, yang keberadaannya merupakan persyaratan dasar bagi kelangsungan operasional penciptanya, tidak dapat diperbarui, dan tidak tergantikan apabila rusak atau hilang.",,,,,,
34010026,Jumlah Arsip yang Dimusnahkan,,"[K02341] Arsip;
[K02375] Penyusutan Arsip;",,Banyaknya arsip yang dihancurkan secara fisik beserta identitasnya yang melekat.,[32010026] Wilayah;,-,Total,berkas,,
34010027,Jumlah Arsip yang Sudah Dialihmediakan,,[K02341] Arsip;,,"Banyaknya rekaman kegiatan atau peristiwa dalam berbagai bentuk dan media sesuai dengan perkembangan teknologi informasi dan komunikasi, yang sudah diubah formatnya dari bentuk fisik/analog menjadi digital.",[32010026] Wilayah;,-,Total,berkas,,
34010028,Jumlah Depot Arsip,,[K02348] Depot Arsip; [K02341] Arsip;,,"Banyaknya gedung dan ruang penyimpanan yang dirancang dengan struktur khusus untuk tempat pelindungan, pemeliharaan, dan perawatan arsip.",[32010026] Wilayah;,-,Total,unit,,
34010029,Jumlah Standar Nasional Indonesia (SNI),,[K02386] Standar Nasional Indonesia (SNI);,,"Banyaknya persyaratan teknis atau sesuatu yang dibakukan, yang dirancang untuk memastikan kualitas, keselamatan, dan kepatuhan barang, jasa, proses, sistem, dan personel yang ditetapkan oleh badan yang berwenang dalam bidang standardisasi di tingkat nasional dan berlaku di wilayah Negara Kesatuan Republik Indonesia.","[32010026] Wilayah;
[34020030] Sektor International Classification for Standards (ICS);",-,Total,dokumen,,
34010009,Net Difference Rate,,"[K00896] Kesalahan Isian;
[K01765]  Post-
Enumeration Survey;",,"Perbedaan antara jumlah kasus yang dicatat dalam sensus dan jumlah kasus yang dicatat dalam survei pascasensus atau post-enumeration survey (PES) pada setiap kategori respons, relatif terhadap total jumlah unit atau orang yang berpadanan/",[32010026] Wilayah;,-,Persentase,persen,,
,,,,,matched untuk seluruh kategori respons.,,,,,,
34010014,Rate of Agreement,,"[K00896] Kesalahan Isian;
[K01765]  Post-
Enumeration Survey;",,Level/tingkat kesamaan antara informasi yang diberikan pada saat sensus dan yang diberikan pada saat survei pascasensus atau post- enumeration survey (PES).,[32010026] Wilayah;,-,Persentase,persen,,
34010016,Tingkat Cakupan Sensus,,"[K00895] Kesalahan Cakupan;
[K01765]  Post-
Enumeration Survey;",,"Bagian dari populasi yang dicakup saat pendataan survei pascasensus atau post-enumeration survey (PES) yang sama/berpadanan dengan unit populasi yang dicakup dalam sensus, atau dihitung melalui perbandingan antara populasi yang sepadan/ matched terhadap populasi PES.",[32010026] Wilayah;,-,Persentase,persen,,
34010017,Tingkat Kesalahan Cakupan Sensus,,"[K00895] Kesalahan Cakupan;
[K01765]  Post-
Enumeration Survey;",,"Bagian dari populasi yang dicakup saat sensus yang seharusnya tidak dicakup, dihitung melalui perbandingan jumlah populasi yang salah cakup dalam sensus terhadap populasi sensus.",[32010026] Wilayah;,-,Persentase,persen,,
34010018,Tingkat Lewat Cacah Sensus,,"[K00895] Kesalahan Cakupan;
[K01765]  Post-
Enumeration Survey;",,"Bagian dari populasi yang dicakup  saat pendataan survei pascasensus atau post-enumeration survey (PES) yang tidak dicakup dalam sensus, atau dihitung melalui perbandingan antara jumlah unit yang tidak didata dalam sensus terhadap populasi PES.",[32010026] Wilayah;,-,Persentase,persen,,
10120012,Jenis Kegiatan Utama Komuter,,[K00957] Komuter;,,Jenis kegiatan yang dilakukan oleh komuter yang menggunakan waktu terbanyak dibandingkan kegiatan lainnya.,-,"1. Bekerja;
2. Sekolah;",-,-,,
10120071,Jenis Mutasi Anggota Keluarga,,[K00106] Anggota Keluarga;,,Pengelompokan perubahan atau perpindahan anggota keluarga yang dapat menyebabkan penambahan atau pun pengurangan anggota keluarga dalam suatu keluarga.,-,"1. Menikah;
2. Meninggal dunia;
3. Anggota baru;",-,-,,
10120029,Klasifikasi Generasi,,[K02354] Generasi; [K01476] Penduduk;,,Pengelompokan penduduk berdasarkan kohor tahun kelahiran.,-,"1. Pre-boomers;
2. Boomers;
3. Generasi X;
4. Generasi Y/Milenial;
5. Generasi Z;
6. Post generasi Z;",-,-,,
10120053,Status Hubungan Kekerabatan,,[K00829] Keluarga; [K01925] Rumah Tangga;,,Ikatan atau pertalian setiap orang dalam satuan kekerabatan (keluarga/rumah tangga) dengan kepala atau penanggung jawab satuan kekerabatan tersebut berdasarkan kartu keluarga atau pengakuan dari kepala keluarga/kepala rumah tangga.,-,"1. Kepala keluarga/ rumah tangga;
2. Suami/istri;
3. Anak;
4. Menantu;
5. Cucu;
6. Orang tua;
7. Mertua;
8. Famili lain;
9. Pembantu/sopir/ asisten rumah tangga/ pengasuh;
10. Lainnya;",-,-,,
10120057,Status Kewarganegaraan,,"[K00932]
Kewarganegaraan;",,Kedudukan seorang warga suatu negara yang ditetapkan berdasarkan peraturan perundang-undangan.,-,"1. Warga Negara Indonesia (WNI);
2. Warga Negara Asing (WNA);",-,-,,
10120063,Status Perkawinan,,[K01692] Pernikahan/ Perkawinan;,,Status seseorang dalam ikatan lahir batin dengan pasangannya untuk membentuk keluarga (rumah tangga) yang bahagia kekal berdasarkan Ketuhanan Yang Maha Esa.,-,"S. Belum kawin;
M. Kawin;
W. Cerai mati;
D. Cerai hidup;",-,-,,
10120066,Umur/Usia,,[K02240] Umur/Usia;,,"Lama waktu hidup sejak dilahirkan yang dihitung dalam tahun menurut sistem kalender Masehi dengan pembulatan ke bawah atau umur ulang tahun yang terakhir. Dalam pengumpulan data direkomendasikan menggunakan kelompok umur tunggal, sedangkan untuk penyajian data direkomendasikan menggunakan kelompok umur tunggal, kelompok",-,"0A. 0-14 tahun;
0T. 0-4 tahun;
00. 0 tahun;
01. 1 tahun;
02. 2 tahun;
03. 3 tahun;
04. 4 tahun;
0B. 5-14 tahun;
0D. 5-9 tahun;
05. 5 tahun;",-,-,,
,,,,,"umur 5 tahunan, kelompok umur 10 tahunan, dan/atau kelompok umur dependensi.",,"06. 6 tahun;
07. 7 tahun;
08. 8 tahun;
09. 9 tahun;
1C. 10-14 tahun;
10. 10 tahun;
11. 11 tahun;
12. 12 tahun;
13. 13 tahun;
14. 14 tahun;
1A. 15-64 tahun;
1B. 15-24 tahun;
1D. 15-19 tahun;
15. 15 tahun;
16. 16 tahun;
17. 17 tahun;
18. 18 tahun;
19. 19 tahun;
2C. 20-24 tahun;
20. 20 tahun;
21. 21 tahun;
22. 22 tahun;
23. 23 tahun;
24. 24 tahun;
2B. 25-34 tahun;
2D. 25-29 tahun;
25. 25 tahun;
26. 26 tahun;
27. 27 tahun;
28. 28 tahun;
29. 29 tahun;
3C. 30-34 tahun;
30. 30 tahun;
31. 31 tahun;
32. 32 tahun;
33. 33 tahun;
34. 34 tahun;
3B. 35-44 tahun;
3D. 35-39 tahun;
35. 35 tahun;",,,,
,,,,,,,,,,,
,,,,,,,"36. 36 tahun;
37. 37 tahun;
38. 38 tahun;
39. 39 tahun;
4C. 40-44 tahun;
40. 40 tahun;
41. 41 tahun;
42. 42 tahun;
43. 43 tahun;
44. 44 tahun;
4B. 45-54 tahun;
4D. 45-49 tahun;
45. 45 tahun;
46. 46 tahun;
47. 47 tahun;
48. 48 tahun;
49. 49 tahun;
5C. 50-54 tahun;
50. 50 tahun;
51. 51 tahun;
52. 52 tahun;
53. 53 tahun;
54. 54 tahun;
5B. 55-64 tahun;
5D. 55-59 tahun;
55. 55 tahun;
56. 56 tahun;
57. 57 tahun;
58. 58 tahun;
59. 59 tahun;
6C. 60-64 tahun;
60. 60 tahun;
61. 61 tahun;
62. 62 tahun;
63. 63 tahun;
64. 64 tahun;
6A. 65+ tahun;
6B. 65-74 tahun;
6D. 65-79 tahun;
65. 65 tahun;",,,,
,,,,,,,,,,,
,,,,,,,"66. 66 tahun;
67. 67 tahun;
68. 68 tahun;
69. 69 tahun;
7C. 70-74 tahun;
70. 70 tahun;
71. 71 tahun;
72. 72 tahun;
73. 73 tahun;
74. 74 tahun;
7T. 75+ tahun;
7B. 75-84 tahun;
7D. 75-79 tahun;
75. 75 tahun;
76. 76 tahun;
77. 77 tahun;
78. 78 tahun;
79. 79 tahun;
8C. 80-84 tahun;
80. 80 tahun;
81. 81 tahun;
82. 82 tahun;
83. 83 tahun;
84. 84 tahun;
8T. 85+ tahun;
8B. 85-94 tahun;
8D. 85-89 tahun;
85. 85 tahun;
86. 86 tahun;
87. 87 tahun;
88. 88 tahun;
89. 89 tahun;
9C. 90-94 tahun;
90. 90 tahun;
91. 91 tahun;
92. 92 tahun;
93. 93 tahun;
94. 94 tahun;
9T. 95+ tahun;
95. 95 tahun;",,,,
,,,,,,,,,,,
,,,,,,,"96. 96 tahun;
97. 97+ tahun;",,,,
10220003,Jenis Jabatan,,[K00643] Jabatan;,,"Macam sekumpulan pekerjaan yang mempunyai rangkaian tugas yang sama atau berhubungan satu dengan yang lain, dan yang pelaksanaannya meminta kecakapan, pengetahuan, keterampilan dan kemampuan yang juga sama.",-,Klasifikasi Baku Jabatan Indonesia;,-,-,,
10220004,Jenis Jabatan Manajerial,,[K01764] Jabatan Manajerial;,,Macam jabatan yang berhubungan dengan pengaturan pekerjaan atau kerja sama di antara berbagai kelompok atau sejumlah orang  untuk mencapai tujuan.,-,"11. Pimpinan Eksekutif, Pejabat Tinggi Pemerintah dan Pejabat Pembuat Peraturan;
12. Manajer Administrasi dan Komersial;
13. Manajer Produksi dan Pelayanan Khusus;
14. Manajer Jasa Perhotelan, Perdagangan, dan Jasa Lainnya;",-,-,,
10220013,Jenis Tenaga Kerja Mandiri,,[K02166] Pekerja Mandiri/Wirausaha;,,Penggolongan penduduk berusia 15 tahun ke atas yang ke atas yang sudah berhasil menciptakan atau membuka lapangan kerja baru kebutuhan sendiri maupun untuk masyarakat.,-,"1. Tenaga kerja mandiri pemula;
2. Tenaga kerja mandiri lanjutan;",-,-,,
10220079,Status Bekerja,,[K00237] Bekerja;,,"Kondisi seseorang yang melakukan pekerjaan dengan maksud memperoleh atau membantu memperoleh penghasilan atau keuntungan paling sedikit selama satu jam dalam seminggu terakhir, termasuk yang sementara tidak bekerja karena sedang sakit atau cuti.",-,"1. Bekerja/Sementara Tidak Bekerja;
2. Tidak Bekerja;",-,-,,
10220082,Status Pekerja,,[K01306] Pekerja;,,"Penggolongan pekerja berdasarkan kriteria tertentu dalam memperoleh penghasilan, seperti berdasarkan",-,"1. Pekerja tetap;
2. Pekerja tidak tetap;",-,-,,
,,,,,"jumlah hari bekerja, jumlah unit yang dihasilkan dalam pekerjaan, atau penyelesaian suatu jenis pekerjaan yang diminta oleh pemberi kerja.",,,,,,
10220080,Status Pekerjaan,,[K01320] Pekerjaan;,,Kedudukan seseorang dalam melakukan pekerjaan.,-,"1. Berusaha sendiri;
2. Berusaha dibantu buruh tidak tetap;
3. Berusaha dibantu buruh tetap/buruh dibayar;
4. Buruh/karyawan/ pegawai;
5. Pekerja bebas;
6. Pekerja keluarga/tak dibayar;",-,-,,
10320001,Akreditasi Program Satuan Pendidikan,,[K00035] Akreditasi; [K01971] Satuan Pendidikan;,,Pengakuan terhadap program satuan pendidikan yang diberikan oleh badan yang berwenang berdasarkan syarat kebakuan atau kriteria tertentu.,-,"1. Akreditasi A;
2. Akreditasi B;
3. Akreditasi C;
4. Tidak Terakreditasi;",-,-,,
10320007,Jalur Pendidikan,,[K02373] Pendidikan;,,Wahana yang dilalui peserta didik untuk mengembangkan potensi diri dalam suatu proses pendidikan yang sesuai dengan tujuan pendidikan.,-,"1. Formal;
2. Nonformal;
3. Informal;",-,-,,
10320009,Jenjang Pendidikan,,[K02373] Pendidikan;,,"Tahap dalam pendidikan yang berkelanjutan yang ditetapkan berdasarkan tingkat perkembangan para peserta didik, keluasan bahan pengajaran, dan tujuan pendidikan yang dicantumkan dalam kurikulum.",-,"1. Jenjang pendidikan dasar;
2. Jenjang pendidikan menengah;
3. Jenjang pendidikan tinggi;",-,-,,
10320075,Status Partisipasi Sekolah,,[K01289] Partisipasi Sekolah;,,Partisipasi  penduduk berusia 5 tahun ke atas dalam bersekolah.,-,"1. Tidak/belum pernah sekolah;
2. Masih sekolah;
3. Tidak bersekolah lagi;",-,-,,
10320051,Status Satuan Pendidikan,,[K01971] Satuan Pendidikan;,,Jenis pengelolaan satuan pendidikan.,-,"1. Negeri;
2. Swasta;",-,-,,
10320055,Tingkat Pendidikan,,[K02373] Pendidikan;,,Tingkat pendidikan yang dicapai seseorang setelah mengikuti pelajaran,-,0. Kurang dari pendidikan dasar;,-,-,,
,,,,,pada kelas tertinggi pada jenjang pendidikan tertinggi yang diikutinya dengan mendapatkan tanda tamat sekolah (ijazah).,,"01. Tidak pernah mengikuti program pendidikan;
010. Tidak pernah mengikuti program pendidikan;
02. Pendidikan Anak Usia Dini;
021. Taman Kanak- kanak (TK);
022. Raudhatul Athfal (RA);
03. Tidak tamat SD sederajat;
030. Tidak tamat SD sederajat;
1. Pendidikan dasar;
11. SD sederajat;
111. Sekolah Dasar (SD);
112. Madrasah Ibtidaiyah (MI);
113. Sekolah Luar Biasa (SLB) setingkat SD;
114. Paket A;
119. SD sederajat lainnya;
12. SMP sederajat;
121. Sekolah Menengah Pertama (SMP);
122. Madrasah Tsanawiyah (MTs);
123. Sekolah Luar Biasa (SLB) setingkat SMP;
124. Paket B;
129. SMP sederajat lainnya;
2. Pendidikan menengah;
20. Pendidikan",,,,
,,,,,,,,,,,
,,,,,,,"menengah;
201. Sekolah Menengah Atas (SMA);
202. Sekolah Menengah Kejuruan (SMK);
203. Madrasah Aliyah (MA);
204. Madrasah Aliyah Kejuruan (MAK);
205. Sekolah Luar Biasa (SLB) setingkat SMA;
206. Paket C;
209. Pendidikan menengah lainnya;
3. Pendidikan tinggi;
31. Pendidikan vokasi;
311. Diploma I;
312. Diploma II;
313. Diploma III;
32. Pendidikan sarjana dan pendidikan vokasi setara sarjana;
321. Diploma IV;
322. Pendidikan sarjana;
33. Pendidikan profesi;
330. Pendidikan profesi;
34. Pendidikan pascasarjana;
341. Pendidikan magister;
342. Pendidikan doktor;",,,,
10320076,Tingkatan Kelas Pendidikan,,[K02373] Pendidikan;,,Kedudukan sekelompok peserta didik yang terdaftar pada satuan kelas dalam satu satuan pendidikan.,-,"1. Kelas 1;
2. Kelas 2;
3. Kelas 3;
4. Kelas 4;
5. Kelas 5;
6. Kelas 6;
7. Kelas 7;",-,-,,
,,,,,,,"8. Kelas 8;
9. Kelas 9;
10. Kelas 10;
11. Kelas 11;
12. Kelas 12;
13. Kelas 13;",,,,
10420018,Golongan Obat,,[K01238] Obat;,,"Penggolongan obat yang dimaksudkan untuk peningkatan keamanan dan ketetapan penggunaan serta pengamanan distribusi yang terdiri dari obat bebas, obat bebas terbatas, obat wajib apotik, obat keras, psikotropika dan narkotika.",-,"K. Obat Keras;
B. Obat Bebas;
T. Obat Bebas Terbatas;
N. Narkotika;
P. Psikotropika;",-,-,,
10420193,Golongan Obat-obatan,,[K01238] Obat;,,"Pengelompokan barang farmasi berupa sediaan yang dapat  disuntikkan, dioleskan, dihisapkan atau diminumkan yang dikonsumsi secara langsung oleh pasien dalam proses pengobatannya, yang disediakan oleh pemerintah dan sumber pengadaan lainnya (obat pendamping).",-,"O1. Obat Keras; O2. Obat Bebas Terbatas;
O3. Obat Bebas;",-,-,,
10420021,Jenis Klaim Produk Suplemen Kesehatan,,[K02087] Suplemen Kesehatan;,,Pengategorian klaim kegunaan suplemen kesehatan.,-,"1. Klaim Umum/Nutrisi;
2. Klaim Fungsional;
3. Klaim Pengurangan Risiko Penyakit;",-,-,,
10420023,Jenis Tenaga Kesehatan,,[K02174] Tenaga Kesehatan;,,Penggolongan tenaga yang mengabdikan diri dalam bidang kesehatan serta memiliki pengetahuan dan/atau keterampilan melalui pendidikan di bidang kesehatan yang untuk jenis tertentu memerlukan kewenangan untuk melakukan upaya kesehatan.,-,"1. Tenaga medis;
2. Tenaga psikologi klinis;
3. Tenaga keperawatan;
4. Tenaga kebidanan;
5. Tenaga kefarmasian;
6. Tenaga kesehatan masyarakat;
7. Tenaga kesehatan lingkungan;
8. Tenaga gizi;
9. Tenaga keterapian",-,-,,
,,,,,,,"fisik;
10. Tenaga keteknisian medis;
11. Tenaga teknik biomedika;
12. Tenaga kesehatan tradisional;
13. Tenaga kesehatan lain;",,,,
10420078,Kategori Panjang Badan atau Tinggi Badan,,[K02057] Tengkes/ Stunting;,,"Penggolongan kriteria seseorang berdasarkan panjang badan atau tinggi badan menurut usia
dan standar pertumbuhan yang telah ditetapkan.",-,"1. Sangat pendek: Z- score <- 3,0 SD;
2. Pendek: -3,0 SD <= Z-
score < -2,0 SD;
3. Normal: -2,0 SD <= Z-
score <= 3,0 SD;
4. Tinggi: Z-score > 3,0 SD;",-,-,,
10420202,Keadaan Korban Hasil Pencarian dan Pertolongan,,[K00974] Korban; [K02372] Pencarian dan Pertolongan;,,"Keadaan orang yang ditemukan setelah mengalami penderitaan, meninggal dunia, atau hilang akibat, kecelakaan, bencana, dan/atau kondisi membahayakan jiwa manusia dan membutuhkan pertolongan dengan teknologi, sumber daya manusia yang memiliki kompetensi, prosedur kerja, dan/atau terjadi di lokasi yang sulit dijangkau.",-,"01. Selamat;
02. Meninggal Dunia;
03. Hilang;",-,-,,
10420209,Status Kondisi Anak yang Dilahirkan,,"[K00091] Anak;
[K01824] Melahirkan/ Kelahiran;",,Keadaan tanda-tanda kehidupan atau kematian yang ditunjukkan saat anak dilahirkan.,-,"1. Lahir hidup;
2. Lahir mati;",-,-,,
10620006,Jenis Jaminan Kesehatan yang Dimiliki,,[K00677] Jaminan Sosial;,,Jenis perlindungan kesehatan yang dikuti peserta dengan cara membayar iuran agar memperoleh manfaat pemeliharaan kesehatan dan perlindungan dalam memenuhi kebutuhan dasar kesehatan.,-,"0. Tidak memiliki;
1. Penerima bantuan iuran JKN;
2. JKN mandiri;
4. JKN pemberi kerja;
8. Jaminan kesehatan lainnya;",-,-,,
10620071,Status Disabilitas,,[K00388] Disabilitas;,,"Kategori yang menggambarkan kondisi seseorang secara fisik, intelektual, mental, dan/atau sensorik dalam jangka waktu lama sehingga dapat mengakibatkan kesulitan dalam berinteraksi dengan lingkungan, atau mengalami hambatan dan kesulitan untuk berpartisipasi secara penuh dan efektif dengan warga negara lainnya berdasarkan kesamaan hak.",-,"PD. Orang dengan disabilitas;
PWD. Orang tanpa disabilitas;",-,-,,
10620027,Tingkat Kesulitan/ Gangguan/Disabilitas,,[K00388] Disabilitas;,,Derajat atau taraf kesulitan/ gangguan/disabilitas yang paling berat dialami sehingga menyebabkan keterbatasan dalam kegiatan/aktivitas sehari-hari.,-,"1. Ya, sama sekali tidak bisa;
2. Ya, banyak kesulitan dan membutuhkan bantuan;
3. Ya, sedikit kesulitan tapi tidak membutuhkan bantuan;
4. Tidak mengalami kesulitan sama sekali;",-,-,,
10720069,Jenis Atap Terluas,,[K00171] Atap;,,Jenis atap yang menutupi sebagian besar bagian teratas bangunan.,-,"1. Beton;
2. Genteng;
3. Seng;
4. Asbes;
5. Bambu;
6. Kayu/sirap;
7. Jerami/ijuk/daun- daunan/rumbia;
8. Lainnya;",-,-,,
10720002,Jenis Bukti Kepemilikan/ Penguasaan Lahan,,[K00864] Kepemilikan Aset atau Dokumen; [K01019]  Lahan;,,Macam dokumen yang dapat dijadikan dasar kepemilikan dan/atau penguasaan suatu luasan lahan.,-,"1. Sertifikat Hak Milik;
2. Sertifikat Hak Guna Bangunan;
3. Sertifikat Hak Guna Usaha;
4. Sertifikat Hak Pakai;
5. Sertifikat Hak Milik Atas Satuan Rumah Susun;
6. Akta (Jual Beli/",-,-,,
,,,,,,,"Waris/Hibah/Lelang);
7. Leter C/Girik/Petok D/Sejenisnya;
8. Tanah Garapan/ Tanah Gogol Gilir;
9. Lainnya;
0. Tidak Ada Bukti Kepemilikan;",,,,
10720070,Jenis Dinding Terluas,,[K00385] Dinding;,,"Jenis bahan yang sebagian besar digunakan atau mendominasi dinding bangunan, seperti tembok, plesteran anyaman bambu, kayu/papan/gipsum/GRC/calciboard, anyaman bambu, batang kayu, bambu, atau lainnya.",-,"1. Tembok;
2. Plesteran anyaman bambu/kawat;
3. Kayu/Papan/ Gipsum/GRC/ Calciboard;
4. Anyaman bambu;
5. Batang kayu;
6. Bambu;
7. Lainnya;",-,-,,
10720071,Jenis Kloset,,[K00938] Kloset;,,Jenis/macam tempat buang air besar yang ditentukan berdasarkan saluran tinja hingga sampai ke tempat pembuangan/penampungan akhir.,-,"1. Leher angsa;
2. Plengsengan dengan tutup;
3. Plengsengan tanpa tutup;
4. Cemplung/cubluk;",-,-,,
10720072,Jenis Lantai Terluas,,[K01056] Lantai;,,"Jenis material yang paling luas menutupi lantai di suatu bangunan, seperti marmer/granit, keramik, parket/vinil/karpet, ubin/tegel/teraso, kayu/papan, semen/bata merah, bambu, tanah, dan lainnya.",-,"1. Marmer/granit;
2. Keramik;
3. Parket/vinil/karpet;
4. Ubin/tegel/teraso;
5. Kayu/papan;
6. Semen/bata merah;
7. Bambu;
8. Tanah;
9. Lainnya;",-,-,,
10720003,Jenis Sumber Air Minum,,[K02071] Sumber Air; [K00025] Air Minum;,,Sumber air yang digunakan untuk minum sehari-hari anggota keluarga.,-,"1. Air kemasan bermerk;
2. Air isi ulang;
3. Leding;
4. Sumur bor/pompa;
5. Sumur terlindung;",-,-,,
,,,,,,,"6. Sumur tak terlindung;
7. Mata air terlindung;
8. Mata air tak terlindung;
9. Air permukaan (sungai/danau/waduk/ kolam/irigasi);
10. Air hujan;
11. Lainnya;",,,,
10720023,Jenis Tempat Buang Air Besar,,[K00453] Tempat Buang Air Besar;,,Macam tempat pembuangan dan penampungan kotoran atau najis manusia yang ditentukan berdasarkan jenis dan tingkat privasinya.,-,"1. Jamban Sendiri;
2. Jamban Bersama;
3. Jamban Umum;
4. Bukan Jamban;",-,-,,
10720004,Jenis Tempat Pembuangan Akhir Tinja,,[K02142] Tempat Pembuangan Akhir Tinja;,,Jenis tempat atau sarana untuk pembuangan akhir tinja.,-,"1. Tangki septik (kedap air);
2. Instalasi pengelolaan air limbah (IPAL);
3. Lubang tanah tanpa pembatas/tembok (tidak kedap air);
4. Lainnya;",-,-,,
10720073,Kondisi Bangunan,,[K02346] Bangunan Gedung;,,Kondisi keadaan fisik dan fungsional suatu bangunan pada suatu waktu tertentu.,-,"1. Kondisi Baik;
2. Kondisi Rusak Ringan;
3. Kondisi Rusak Sedang;
4. Kondisi Rusak Berat;
5. Kondisi Kritis;
6. Kondisi Runtuh/ Belum Terbangun;",-,-,,
10720082,Status Kelayakan Air Minum,,[K00025] Air Minum;,,Pengategorian kelayakan kondisi air yang diminum.,-,"1. Air minum layak;
2. Air minum tidak layak;",-,-,,
10720083,Status Penguasaan Tempat Tinggal,,[K02148] Tempat Tinggal;,,Pengelompokan kewenangan atas bangunan yang difungsikan untuk tempat orang berdiam atau menetap.,-,"1. Milik sendiri;
2. Kontrak/sewa;
3. Bebas sewa milik orang lain;
4. Bebas sewa milik orang tua/sanak/ saudara;
5. Rumah dinas;
6. Lainnya;",-,-,,
10820062,Jenis Bantuan Hukum,,[K00220] Bantuan Hukum;,,Jenis layanan jasa hukum yang diberikan secara cuma-cuma oleh lembaga hukum atau organisasi kemasyarakatan kepada orang miskin yang menghadapi masalah hukum.,-,"1. Bantuan hukum litigasi;
2. Bantuan hukum nonlitigasi;",-,-,,
10820004,Jenis Dokumen Hukum,,[K00401] Dokumen Hukum;,,Jenis dokumen hukum yang terpublikasi pada portal jaringan dokumentasi dan informasi hukum nasional (JDIHN).,-,"1. Dokumen Hukum Tingkat Pusat;
2. Dokumen Hukum Tingkat Daerah;
3. Perjanjian Kerja Sama;
4. Dokumen Tingkat Perguruan Tinggi;
5. Instrumen Internasional;
6. Dokumen Era Kolonial;
7. Monografi;
8. Artikel (Majalah Hukum/Kliping Koran);
9. Putusan/ Yurisprudensi;",-,-,,
10820008,Jenis Pidana Khusus,,[K01749] Pidana Khusus;,,Jenis pidana yang diatur di luar kitab undang-undang hukum pidana dan memiliki ketentuan-ketentuan khusus acara pidana.,-,"1. Korupsi;
2. Terorisme;
3. Pembalakan Liar/
Illegal Logging;
4. Narkotika;
5. Perdagangan Manusia/Human Trafficking;",-,-,,
,,,,,,,"6. Pencucian Uang/
Money Laundry;
7. Genosida;",,,,
10920007,Jenis Perpustakaan,,"[K01694]
Perpustakaan;",,Pengelompokan perpustakaan berdasarkan kriteria tertentu sesuai yang diatur dalam undang-undang tentang perpustakaan.,-,"PN. Perpustakaan Nasional;
PU. Perpustakaan Umum;
PK. Perpustakaan Khusus;
PS. Perpustakaan Sekolah/Madrasah; PT. Perpustakaan Perguruan Tinggi;",-,-,,
10920093,Jenis Rumah Ibadat/ Rumah Ibadah,,[K01913] Rumah Ibadat/Rumah Ibadah;,,Macam bangunan yang memiliki ciri- ciri tertentu yang khusus dipergunakan untuk beribadat bagi pemeluk masing-masing agama secara permanen.,-,"1. Masjid;
2. Gereja Kristen;
3. Gereja Katolik;
4. Pura;
5. Vihara;
6. Kelenteng;",-,-,,
10920008,Jenis Tenaga Perpustakaan,,"[K01694]
Perpustakaan;",,"Pengelompokan individu yang bekerja di perpustakaan dan bertanggung jawab atas berbagai tugas yang berkaitan dengan pengelolaan, layanan, dan operasional perpustakaan.",-,"1. Pustakawan;
2. Tenaga Teknis Perpustakaan;",-,-,,
10920059,Predikat Akreditasi Perpustakaan,,"[K00035] Akreditasi; [K01694]
Perpustakaan;",,"Predikat yang diberikan kepada perpustakaan berdasarkan nilai akreditasinya yang terdiri atas:
a. nilai 91,00—100 mendapatkan predikat A;
b. nilai 76,00—90,99 mendapatkan predikat B;
c. nilai 60,00—75,99 mendapatkan predikat C; dan
d. nilai kurang dari 60,00 mendapatkan predikat belum terakreditasi.",-,"1. Terakreditasi;
A. Predikat A;
B. Predikat B;
C. Predikat C;
2. Predikat belum terakreditasi;",-,-,,
11020005,Tingkatan Parlemen,,[K01077] Lembaga Legislatif;,,Pembagian lembaga legislatif didasarkan pada tingkat kewenangan dan kedudukan dalam pemerintahan.,-,"1. Majelis Permusyarahan Rakyat (MPR);
2. Dewan Perwakilan Rakyat (DPR);
3. Dewan Perwakilan Daerah (DPD);
4. Dewan Perwakilan Rakyat Daerah (DPRD);
41. Dewan Perwakilan Rakyat Daerah (DPRD) provinsi;
42. Dewan Perwakilan Rakyat Daerah (DPRD) kabupaten/kota;",-,-,,
21020022,Kategori Pandangan terhadap Masa Depan,,[K00959] Kondisi Usaha;,,Penggolongan persepsi terhadap kondisi di masa depan.,-,"1. Optimis;
2. Tetap;
3. Pesimis;",-,-,,
21020023,Kategori Perkembangan Usaha,,[K00959] Kondisi Usaha;,,Penggolongan perubahan kondisi pada suatu periode dibandingkan periode sebelumnya.,-,"1. Meningkat;
2. Tetap;
3. Menurun;",-,-,,
22020004,Jenis Lapangan Usaha,,[K01058] Lapangan Usaha;,,"Penggolongan bidang kegiatan suatu
usaha/pekerjaan atau tempat seseorang bekerja.",-,"Klasifikasi Baku
Lapangan Usaha Indonesia;",-,-,,
23020002,Bentuk Badan Hukum,,[K00178] Badan Hukum;,,"Suatu status pengesahan yang dimiliki oleh institusi berdasarkan akta pendirian yang dikeluarkan oleh notaris berupa akta notaris, atau berdasarkan suatu keputusan dari pejabat yang berwenang.",-,"1. Perseroan (PT/NV, PT Persero, PT Tbk, PT Persero Tbk, Perseroan Daerah);
2. Perusahaan Umum (Perum, Perumda);
3. Yayasan;
4. Koperasi;
5. BUM Desa;
6. Dana Pensiun;
7. Perkumpulan/Partai Politik;",-,-,,
23020003,Bentuk Badan Usaha,,[K00180] Badan Usaha;,,Suatu status bagi unit usaha berbadan hukum maupun usaha tidak berbadan,-,"1. Perseroan (PT/NV, PT Persero, PT Tbk, PT",-,-,,
,,,,,"hukum, yang didirikan di wilayah Negara Kesatuan Republik Indonesia dan melakukan usaha dan/atau kegiatan pada bidang tertentu.",,"Persero Tbk, Perseroan Daerah, Perseroan Perorangan);
2. Yayasan;
3. Koperasi;
4. Dana Pensiun;
5. Perum/Perumda;
6. BUM Desa;
7. Persekutuan Komanditer (CV);
8. Persekutuan Firma;
9. Persekutuan Perdata (Maatschap);
10. Kantor Perwakilan Luar Negeri;
11. Badan Usaha Luar Negeri;",,,,
23020004,Bentuk Kemitraan Usaha,,[K00851] Kemitraan; [K02261] Usaha;,,"Bentuk kerja sama dalam keterkaitan usaha, baik langsung maupun tidak langsung, atas dasar prinsip saling memerlukan, mempercayai, memperkuat, dan menguntungkan yang melibatkan pelaku usaha mikro, kecil, dan menengah dengan usaha besar.",-,"1. Inti plasma;
2. Subkontrak;
3. Waralaba;
4. Perdagangan umum;
5. Distribusi dan keagenan;
6. Bagi hasil;
7. Kerja sama operasional;
8. Usaha patungan (joint venture);
9. Penyumberluaran (outsourcing);
10. Bentuk kemitraan lainnya;",-,-,,
23020006,Jaringan Usaha,,[K02261] Usaha;,,Jaringan usaha dari usaha/perusahaan bersangkutan.,-,"1. Tunggal;
2. Kantor Pusat;
3. Cabang;
4. Perwakilan;
5. Pabrik (Manufaktur);
6. Unit Pembantu/ Penunjang;",-,-,,
23020007,Jenis Aset,,[K00159] Aset;,,Macam hal/barang yang memiliki nilai tukar sebagai modal atau kekayaan.,-,"1. Kas dan setara kas;
2. Piutang dan persediaan;
3. Investasi;
4. Alat transportasi;
5. Harta bergerak lainnya;
6. Harta tidak bergerak;
7. Harta tidak berwujud;",-,-,,
23020080,Jenis Layanan Fidusia,,[K02353] Fidusia;,,Macam pelayanan yang berkaitan dengan pengalihan hak kepemilikan sebuah benda yang registrasi hak kepemilikannya masih berada dalam kekuasaan pemilik benda tersebut.,-,"1. Pendaftaran Fidusia;
2. Perubahan Fidusia;
3. Penghapusan (Roya) Fidusia;
4. Perbaikan Fidusia;",-,-,,
23020016,Jenis Metode Penanaman Modal,,[K00622] Investasi;,,Jenis penyertaan modal dalam badan usaha yang dilakukan dengan cara membeli saham atau obligasi dari badan usaha tersebut.,-,"1. Penanaman modal langsung;
2. Penanaman modal tidak langsung;",-,-,,
23020081,Jenis Perdagangan Dalam Negeri,,[K01639] Perdagangan;,,Macam perdagangan barang dan/atau jasa dalam wilayah negara yang tidak termasuk perdagangan luar negeri.,-,"1. Dalam kabupaten/ kota yang sama;
2. Antarkabupaten/kota dalam provinsi yang sama;
3. Lintas provinsi;",-,-,,
23020021,Jenis Sektor Institusi,,[K01987] Sektor Institusi;,,"Macam sektor yang terlibat dalam berbagai transaksi, dapat memiliki aset dan menimbulkan kewajiban atas namanya sendiri.",-,"S11. Korporasi nonfinansial;
S12. Korporasi finansial; S13. Pemerintahan umum;
S14. Rumah tangga; S15. Lembaga nonprofit yang melayani rumah tangga;
S1N. Tidak dikategorikan;",-,-,,
23020047,Skala Perusahaan,,[K01716] Perusahaan;,,Pengategorian perusahaan berdasarkan jumlah tenaga kerja yang dimiliki.,-,"1. Perusahaan mikro;
2. Perusahaan kecil;
3. Perusahaan",-,-,,
,,,,,,,"menengah;
4. Perusahaan besar;",,,,
23020048,Skala Usaha,,[K02261] Usaha;,,"Pengategorian usaha berdasarkan kemampuan usaha dalam mengelola usahanya yang ditinjau dari aset yang dimiliki perusahaan, jumlah karyawan, jumlah pendapatan yang diperoleh perusahaan dalam satu periode akuntansi, dan/atau kriteria lain sesuai sektor usaha.",-,"1. Usaha Mikro;
2. Usaha Kecil;
3. Usaha Menengah;
4. Usaha Besar;",-,-,,
23020097,Subsektor Ekonomi Kreatif,,[K00417] Ekonomi Kreatif;,,"Bagian-bagian dari sektor ekonomi kreatif yang mencakup berbagai jenis kegiatan yang menghasilkan nilai tambah dari hasil daya kreasi, pengembangan, dan pemanfaatan kreativitas, keterampilan, dan potensi individu atau kelompok masyarakat.",-,"1. Aplikasi dan  Game Developer;
2. Arsitektur;
3. Desain Interior;
4. Desain Komunikasi Visual;
5. Desain Produk;
6. Fashion;
7. Film, Animasi dan Video;
8. Fotografi;
9. Kriya;
10. Kuliner;
11. Musik;
12. Penerbitan;
13. Periklanan;
14. Seni Pertunjukan;
15. Seni Rupa;
16. Televisi dan Radio;",-,-,,
23020050,Sumber Penanaman Modal,,[K01197] Modal;,,Asal penyertaan modal dalam badan usaha dengan cara membeli saham atau obligasi dari badan usaha tersebut.,-,"1. Penanaman Modal Dalam Negeri (PMDN);
2. Penanaman Modal Asing (PMA);",-,-,,
24120008,Jenis Ekosistem Perairan Darat,,[K00418] Ekosistem; [K01617] Perairan Darat;,,Jenis keadaan khusus tempat komunitas suatu organisme hidup dan komponen organisme tidak hidup dari suatu lingkungan yang saling berinteraksi di perairan darat.,-,"1. Sungai;
2. Danau;
3. Waduk;
4. Rawa;
5. Genangan air lainnya;",-,-,,
24120012,Jenis Kawasan Hutan,,[K00745] Kawasan Hutan;,,Jenis wilayah tertentu yang ditunjuk dan ditetapkan oleh pemerintah untuk dipertahankan keberadaannya sebagai hutan tetap.,-,"1. Hutan konservasi;
11. Kawasan hutan suaka alam;
12. Kawasan hutan pelestarian alam;
13. Taman buru;
2. Hutan lindung;
20. Hutan lindung;
3. Hutan produksi;
31. Hutan produksi tetap;
32. Hutan produksi yang dapat dikonversi;",-,-,,
24120013,Jenis Kegiatan Pembudidayaan Ikan,,"[K01405]
Pembudidayaan Ikan;",,"Jenis kegiatan pemeliharaan, pembesaran, dan/atau pembiakan ikan dalam suatu wadah menggunakan media air tawar atau air laut, serta hasil panennya sesuai dengan jenis ikan (ikan hias untuk hiasan, dan ikan konsumsi untuk dikonsumsi).",-,"1. Pembesaran ikan;
11. Pembesaran ikan di air laut;
12. Pembesaran ikan di air payau;
13. Pembesaran ikan di air tawar;
2. Pembenihan ikan;
21. Pembenihan ikan di air laut;
22. Pembenihan ikan di air payau;
23. Pembenihan ikan di air tawar;
3. Pembudidayaan ikan hias;
31. Pembudidayaan ikan hias di air laut;
32. Pembudidayaan ikan hias di air payau;
33. Pembudidayaan ikan hias di air tawar;",-,-,,
24120014,Jenis Kegiatan Usaha Tanaman Pertanian,,[K02288] Usaha Pertanian;,,"Jenis kegiatan usaha tanaman semusim atau tanaman tahunan, seperti budi daya atau pembenihan pada usaha tanaman pangan,",-,"1. Usaha budi daya;
2. Usaha pembenihan;",-,-,,
,,,,,"tanaman hortikultura, dan tanaman perkebunan.",,,,,,
24120251,Jenis Kelamin Hewan,,[K00704] Jenis Kelamin;,,Perbedaan spesies hewan secara fisiologis menurut jenis dan kemampuan organ reproduksi.,-,"1. Jantan;
2. Betina;",-,-,,
24120015,Jenis Komoditas Tanaman Kehutanan,,[K02110] Tanaman Kehutanan;,,Nama tanaman kehutanan yang diusahakan.,-,"6101. Agathis;
6102. Akasia;
6103. Angsana;
6104. Asam Londo;
6105. Asoka;
6106. Bakau;
6107. Balau;
6108. Balsa;
6109. Bambu;
6110. Bangkirai;
6111. Bayur;
6112. Benda;
6113. Benuang;
6114. Beringin;
6115. Bintangur;
6116. Bugis;
6117. Bungur;
6118. Cemara Kayu;
6119. Cempaga;
6120. Cempaka;
6121. Cendana;
6122. Dadap;
6123. Damar;
6124. Eboni;
6125. Eucaliptus;
6126. Flamboyan;
6127. Gaharu;
6128. Gebang;
6129. Gerunggung;
6130. Hopea;
6131. Indah;
6132. Intaran;
6133. Jabon;
6134. Jaranan;",-,-,,
,,,,,,,"6135. Jati;
6136. Jati Putih/Gmelina; 6137. Jelutung;
6138. Jenitri;
6139. Johar;
6140. Kaliandra;
6141. Kamper;
6142. Kapur;
6143. Kayu Hitam;
6144. Kayu Putih;
6145. Keben;
6146. Kedawung;
6147. Kempas;
6148. Kenari;
6149. Kepuh;
6150. Ketapang;
6151. Klampis;
6152. Kruing;
6153. Kulim;
6154. Kupang;
6155. Lamtoro;
6156. Mahoni;
6157. Maja;
6158. Manglid;
6159. Matoa Kayu;
6160. Medang;
6161. Melapi;
6162. Melur;
6163. Mentaos;
6164. Meranti;
6165. Merbau;
6166. Mersawa;
6167. Mindi;
6168. Nyatoh;
6169. Palapi;
6170. Pilang;
6171. Pinus;
6172. Ramin;
6173. Rasamala;",,,,
,,,,,,,,,,,
,,,,,,,"6174. Rimba Campuran;
6175. Rotan;
6176. Sengon/Jeunjing/ Albazia;
6177. Sonokeling;
6178. Sungkai;
6179. Suren;
6180. Talok/Kersen;
6181. Tanjung;
6182. Tekik;
6183. Tenggulun;
6184. Tengkawang;
6185. Trembesi;
6186. Turi;
6187. Ulin;
6188. Waru;
6189. Jernang;
6199. Lainnya;",,,,
24120016,Jenis Komoditas Tumbuhan/Satwa Liar,,"[K02234] Tumbuhan Liar;
[K01975] Satwa Liar;",,Nama komoditas dari usaha penangkaran tumbuhan/satwa liar.,-,"6201. Anoa;
6202. Buaya;
6203. Beruang Madu;
6204. Burung Bangau;
6205. Burung Bayan;
6206. Burung Beo Flores/Nias/Sumbawa; 6207. Burung Cenderawasih;
6208. Burung Elang/ Alap-alap Tikus; 6209. Burung Jalak Bali;
6210. Burung Kakatua;
6211. Burung Kasturi Raja/Sulawesi;
6212. Burung Maleo;
6213. Burung Nuri Sangir/Sulawesi; 6214. Itik Liar;
6215. Kangguru;",-,-,,
,,,,,,,"6216. Karang/Koral transplant;
6217. Kera Bekantan;
6218. Kera Ekor Panjang;
6219. Kura-Kura Irian/Gading;
6220. Kus-Kus Hutan;
6221. Landak;
6222. Rangkong Jawa;
6223. Rangkong Papan;
6224. Monyet Sulawesi/ Singapuar/Tarsius; 6225. Orang Utan;
6226. Rusa/Menjangan/ Kancil/Kijang;
6227. Soa Payung;
6228. Kucing Hutan;
6229. Trenggiling;
6230. Burung Mambruk; 6231. Merak;
6232. Harimau;
6233. Gajah;
6234. Tapir;
6235. Banteng;
6236. Kuwuk;
6249. Satwa Liar Dilindungi Lainnya; 6251. Ayam Hutan;
6252. Babi hutan;
6253. Biawak/Sliro;
6254. Bunglon;
6255. Burung Balam/Merpati/Dara; 6256. Burung Belibis;
6257. Burung Kacer;
6258. Burung Kenari;
6259. Burung Kutilang;
6260. Burung Murai",,,,
,,,,,,,,,,,
,,,,,,,"Batu;
6261. Burung Perkutut;
6262. Burung Tekukur;
6263. Kadal;
6264. Kalong/Kelelawar;
6265. Kodok;
6266. Kupu-kupu;
6267. Labi-labi;
6268. Monyet/Beruk/ Kera;
6269. Musang;
6270. Tikus Hutan;
6271. Tupai;
6272. Ular;
6273. Pleci;
6274. Ular Sawah;
6275. Ciblek;
6299. Satwa Liar Tidak Dilindungi Lainnya; 6301. Anggrek Hutan;
6302. Cactus Hibrida;
6303. Cycas spp.;
6304. Lidah Buaya Hutan;
6305. amur Bulan;
6306. Pakis Hutan;
6307. Bunga Bangkai;
6308. Vanda Sumatera;
6309. Kantung Semar;
6399. Tumbuhan Liar Lainnya;",,,,
24120022,Jenis Penyuluh,,[K01612] Penyuluh;,,"Jenis jabatan seseorang yang diberikan tugas, tanggung jawab, wewenang, dan hak untuk melakukan bimbingan atau memberikan petunjuk dan penjelasan dalam proses pembelajaran untuk orang yang hendak ditingkatkan kemampuannya.",-,"1. Penyuluh aparatur sipil negara;
2. Penyuluh swasta;
3. Penyuluh swadaya masyarakat;",-,-,,
24120021,Jenis Perairan,,"[K01063] Laut;
[K01617] Perairan Darat;",,Jenis perairan tempat dilakukannya usaha perikanan.,-,"1. Perairan laut;
2. Perairan darat;",-,-,,
24120027,"Jenis Subsektor Pertanian, Kehutanan, dan Perikanan",,[K01705] Pertanian; [K02271] Usaha Kehutanan; [K01655] Perikanan;,,Penggolongan sektor pertanian berdasarkan komoditas yang dihasilkan dan/atau kegiatan yang dilakukan.,-,"1. Tanaman pangan;
2. Hortikultura;
3. Perkebunan;
4. Peternakan;
5. Kehutanan;
6. Perikanan;",-,-,,
24120030,Jenis Ternak,,[K02197] Ternak;,,"Jenis hewan peliharaan yang produknya diperuntukan sebagai penghasil pangan, bahan baku industri, jasa, dan/atau hasil ikutannya, termasuk ternak hobi.",-,"4101. Kerbau;
4104. Sapi Potong;
4103. Sapi Perah;
4202. Domba;
4203. Kambing;
4201. Babi;
4102. Kuda;
4406. Kelinci;
4301. Ayam Buras/ Kampung;
4302. Ayam Ras Pedaging (Broiler);  4303. Ayam Ras Petelur (Layer);
4304. Itik;
4305. Itik Manila;
4404. Puyuh;",-,-,,
24120031,"Jenis Unit Usaha Pertanian, Kehutanan, dan Perikanan",,[K02288] Usaha Pertanian; [K02271] Usaha Kehutanan; [K02286] Usaha Perikanan;,,"Macam unit usaha pertanian, kehutanan, dan perikanan yang dibedakan menurut pengelolaan usaha.",-,"1. Usaha Pertanian Perorangan;
2. Perusahaan Pertanian Berbadan Hukum;
3. Usaha Pertanian Lainnya;",-,-,,
24120239,Kondisi Pemanenan Tanaman Semusim,,"[K01282] Panen;
[K02119] Tanaman Semusim;",,Kondisi tanaman saat panen tanaman semusim.,-,"1. Panen;
2. Panen belum habis;
3. Puso;",-,-,,
24120238,Sistem Pemanenan Tanaman,,[K01282] Panen;,,Sistem yang digunakan dalam memanen komoditas hasil usaha budi daya tanaman.,-,"1. Dipanen sendiri;
2. Diijonkan;
3. Ditebaskan;",-,-,,
24220044,Jenis Bahan Bakar/ Energi Utama untuk Memasak,,[K00186] Bahan Bakar;,,Bahan bakar/energi yang paling sering digunakan untuk memasak oleh keluarga.,-,"1. Listrik;
10. Listrik;
2. Gas elpiji;
21. Gas elpiji 3 kg;
22. Gas elpiji 5,5 kg;
23. Gas elpiji 12 kg;
24. Gas kota/meteran;
3. Biogas;
30. Biogas;
4. Minyak tanah;
40. Minyak tanah;
5. Briket;
50. Briket;
6. Arang;
60. Arang;
7. Kayu bakar;
70. Kayu bakar;
9. Lainnya;
99. Lainnya;",-,-,,
24220005,Jenis Sumber Energi,,[K00435] Energi;,,Macam bahan yang digunakan untuk menghasilkan energi panas atau listrik melalui proses pembakaran.,-,"1. Batu bara;
2. Bensin;
3. Solar;
4. Pelumas;
5. Gas petroleum cair/ liquefied petroleum gas (LPG);
6. Gas alam termampat/ compressed natural gas (CNG);
7. Metana;
8. Tenaga angin;
9. Tenaga surya;
10. Tenaga air;
11. Bahan bakar hayati/
biofuel;
12. Sumber energi lainnya;",-,-,,
24220045,Jenis Sumber Listrik untuk Penerangan,,[K01111] Listrik; [K02081] Sumber Penerangan;,,Sumber energi yang paling banyak digunakan keluarga dalam menghasilkan cahaya untuk menyinari suatu tempat/ruangan.,-,"1. Listrik negara dengan meteran;
2. Listrik negara tanpa meteran;
3. Listrik selain listrik negara;
4. Bukan listrik;",-,-,,
24420001,Hierarki Bandar Udara,,[K00212] Bandar Udara (Bandara);,,Hierarki bandar udara berdasarkan cakupan pelayanan dan jumlah penumpang yang dilayani.,-,"PP. Bandar Udara Pengumpul Skala Pelayanan Primer; PS. Bandar Udara Pengumpul Skala Pelayanan Sekunder; PT. Bandar Udara Pengumpul Skala Pelayanan Tersier;
P. Bandar Udara Pengumpan;",-,-,,
24420058,Jenis Fungsi Perkeretaapian,,"[K01673]
Perkeretaapian;",,"Jenis penggunaan satu kesatuan sistem yang terdiri atas prasarana, sarana, dan sumber daya manusia, serta norma, kriteria, persyaratan, dan prosedur untuk penyelenggaraan transportasi kereta api.",-,"1. Perkeretaapian Umum;
2. Perkeretaapian Khusus;",-,-,,
24420003,Jenis Kegiatan Angkutan Udara Niaga,,[K00134] Angkutan Udara;,,Jenis kegiatan angkutan udara niaga yang dilakukan oleh badan usaha angkutan udara niaga nasional dan/atau asing untuk mengangkut penumpang dan kargo atau khusus mengangkut kargo.,-,"1. Berjadwal;
2. Tidak Berjadwal;",-,-,,
24420004,Jenis Kendaraan Bermotor,,[K00853]  Kendaraan Bermotor;,,Jenis kendaraan yang digerakkan oleh peralatan teknik yang ada pada kendaraan tersebut.,-,"1. Mobil Penumpang;
2. Mobil Bus;
3. Mobil Barang;
4. Sepeda Motor;",-,-,,
24420005,Jenis Kendaraan Bermotor Listrik,,[K00853] Kendaraan Bermotor;,,Jenis kendaraan yang menggunakan motor listrik sebagai penggerak utama atau penggerak tambahan yang,-,"1. Sepeda Motor;
2. Mobil Penumpang;
3. Mobil Bus;",-,-,,
,,,,,mendapat pasokan listrik dari baterai atau media penyimpanan energi listrik.,,"4. Mobil Barang;
5. Kendaraan Khusus;",,,,
24420006,Jenis Kepemilikan Armada Angkatan Laut,,[K00123] Angkutan Laut;,,Jenis kepemilikan kelompok sarana angkutan yang menurut kegiatannya melayani kegiatan angkutan laut.,-,"1. Nasional;
2. Carter Asing;
3. Keagenan Asing;",-,-,,
24420008,Jenis Mobil Bus,,[K01190] Bus;,,"Jenis kendaraan bermotor angkutan orang yang memiliki tempat duduk untuk lebih dari delapan orang, termasuk untuk pengemudi atau yang beratnya lebih dari 3.500 kilogram.",-,"1. Mobil bus kecil;
2. Mobil bus sedang;
3. Mobil bus besar;
4. Mobil bus maxi;
5. Mobil bus tingkat;
6. Mobil bus tempel;",-,-,,
24420009,Jenis Pelabuhan,,[K01321] Pelabuhan;,,Jenis dan hierarki pelabuhan sesuai fungsi pelayanan.,-,"100. Pelabuhan Laut;
110. Pelabuhan Laut yang Melayani Angkutan Laut;
111. Pelabuhan Utama (PU);
112. Pelabuhan Pengumpul;
113. Pelabuhan Pengumpan Regional;
114. Pelabuhan Pengumpan Lokal;
120. Pelabuhan Laut yang Melayani Angkutan Penyeberangan;
121. Pelabuhan Penyeberangan Kelas I;
122. Pelabuhan Penyeberangan Kelas II;
123. Pelabuhan Penyeberangan Kelas III;
200. Pelabuhan Sungai dan Danau;
201. Pelabuhan Sungai dan Danau Pengumpul;
202. Pelabuhan Sungai dan Danau Pengumpan;",-,-,,
24420010,Jenis Pelabuhan Perikanan,,[K01321] Pelabuhan; [K01655] Perikanan;,,"Tempat yang terdiri atas daratan dan perairan di sekitarnya dengan batas- batas tertentu sebagai tempat kegiatan pemerintahan dan kegiatan sistem bisnis perikanan yang digunakan sebagai tempat kapal perikanan bersandar, berlabuh, dan/atau bongkar muat ikan  yang dilengkapi dengan fasilitas keselamatan pelayaran dan kegiatan penunjang perikanan.",-,"1. Pelabuhan Perikanan Samudera;
2. Pelabuhan Perikanan Nusantara;
3. Pelabuhan Perikanan Pantai;
4. Pangkalan Pendaratan Ikan;",-,-,,
24420011,Jenis Pelayanan Terminal Penumpang,,[K02190] Terminal;,,Jenis pelayanan terminal penumpang untuk menunjang kelancaran perpindahan orang dan/atau barang serta keterpaduan intramoda dan antarmoda di tempat tertentu.,-,"1. Terminal Penumpang Tipe A;
2. Terminal Penumpang Tipe B;
3. Terminal Penumpang Tipe C;",-,-,,
24420012,Jenis Pelayaran Armada Angkatan Laut,,[K00123] Angkutan Laut;,,Jenis pelayaran kelompok sarana angkutan yang menurut kegiatannya melayani kegiatan angkutan laut.,-,"1. Angkutan Laut;
2. Angkutan Laut Khusus;
3. Angkutan Laut Pelayaran-Rakyat;
4. Angkutan Perintis;",-,-,,
24420013,Jenis Penggunaan Bandar Udara,,[K00212] Bandar Udara (Bandara);,,Jenis penggunaan bandar udara berdasarkan pelayanan rute penerbangan.,-,"1. Bandar Udara Domestik;
2. Bandar Udara Internasional;",-,-,,
24420059,Jenis Perlintasan Sebidang Rel Kereta Api,,[K01686] Perlintasan Sebidang Rel Kereta Api;,,Jenis perpotongan antara jalan dengan jalur kereta api menurut status penjagaan.,-,"1. Resmi dijaga;
2. Resmi tidak dijaga;
3. Liar;",-,-,,
24420014,Jenis Program Jembatan Udara,,"[K00134] Angkutan Udara;
[K00701] Jembatan Udara;",,"Jenis pelaksanaan angkutan udara kargo dari bandar udara ke bandar udara lainnya dan/atau dari bandar udara ke bandar udara dengan menggunakan mekanisme kewajiban pelayanan publik angkutan barang dari dan ke daerah tertinggal, terpencil, terluar, dan perbatasan.",-,"1. Angkutan Udara Perintis Kargo;
2. Subsidi Angkutan Udara Kargo;",-,-,,
24420060,Jenis Terminal,,[K02190] Terminal;,,"Prasarana transportasi dengan fasilitas pendukung yang digunakan dalam pengaturan kedatangan dan keberangkatan, tempat untuk menunggu, menaikkan, dan menurunkan orang dan/atau barang, serta perpindahan antarmoda angkutan.",-,"1. Terminal Angkutan Jalan;
11. Terminal Penumpang Angkutan Jalan;
111. Terminal Penumpang Tipe A;
112. Terminal Penumpang Tipe B;
113. Terminal Penumpang Tipe C;
12. Terminal Barang Angkutan Jalan;
121. Teminal Barang untuk Umum;
122. Terminal Barang untuk Kepentingan Sendiri;
2. Terminal Angkutan Laut:
21. Terminal Penumpang Angkutan Laut;
22. Terminal Barang Angkutan Laut;
3. Terminal Angkutan Udara;
31. Terminal Penumpang Domestik;
32. Terminal Penumpang Internasional;
33. Terminal Penumpang Domestik dan Internasional;",-,-,,
24420007,Klasifikasi Bandar Udara,,[K00212] Bandar Udara (Bandara);,,Klasifikasi kemampuan bandar udara untuk melayani jenis pesawat udara dan jumlah penumpang/barang berdasarkan perhitungan panjang,-,1A. Bandar udara 1A; 1B. Bandar udara 1B; 2B. Bandar udara 2B; 2C. Bandar udara 2C;,-,-,,
,,,,,landasan pacu berdasarkan referensi pesawat aeroplane reference field length (ARFL) dan perhitungan sesuai lebar sayap dan lebar/jarak roda terluar pesawat.,,2D. Bandar udara 2D; 3C. Bandar udara 3C; 3D. Bandar udara 3D; 4C. Bandar udara 4C; 4D. Bandar udara 4D; 4E. Bandar udara 4E; 4F. Bandar udara 4F;,,,,
24420045,Moda Transportasi,,[K02223] Transportasi;,,Macam bentuk atau jenis alat angkutan atau sarana perpindahan manusia atau barang dari satu tempat ke tempat lainnya  sesuai dengan kemajuan teknologi.,-,"1. Angkutan darat;
11. Angkutan kendaraan bermotor;
111. Angkutan kendaraan bermotor untuk penumpang;
112. Angkutan kendaraan bermotor untuk barang;
12. Angkutan kereta api;
121. Angkutan kereta api untuk penumpang;
122. Angkutan kereta api untuk barang;
2. Angkutan perairan;
21. Angkutan laut;
211. Angkutan laut untuk penumpang;
212. Angkutan laut untuk barang;
22. Angkutan perairan darat;
221. Angkutan perairan darat untuk penumpang;
222. Angkutan perairan darat untuk barang;
3. Angkutan udara;
30. Angkutan udara;
301. Angkutan udara untuk penumpang;",-,-,,
,,,,,,,302. Angkutan udara untuk barang;,,,,
24520001,Jenis Usaha Akomodasi,,[K02262] Usaha Akomodasi;,,"Pengelompokan usaha yang menyediakan tempat menginap atau tempat tinggal sementara, baik harian maupun mingguan bagi orang yang bepergian.",-,"1. Hotel bintang;
11. Hotel bintang 5;
12. Hotel bintang 4;
13. Hotel bintang 3;
14. Hotel bintang 2;
15. Hotel bintang 1;
2. Hotel nonbintang dan akomodasi lainnya;
21. Hotel melati;
29. Jasa akomodasi lainnya;",-,-,,
24520007,Jenis Usaha Pariwisata,,[K02279] Usaha Pariwisata;,,Pengkategorian usaha yang menyediakan barang dan/atau jasa bagi pemenuhan kebutuhan wisatawan dan penyelenggaraan pariwisata.,-,"1. Daya Tarik Wisata;
2. Kawasan Pariwisata;
3. Jasa Transportasi Wisata;
4. Jasa Perjalanan Wisata;
5. Jasa Makanan dan Minuman;
6. Penyediaan Akomodasi;
7. Penyelenggaraan Kegiatan Hiburan dan Rekreasi;
8. Penyelenggaraan Pertemuan, Perjalanan Insentif, Konferensi, dan Pameran;
9. Jasa Informasi Pariwisata;
10. Jasa Konsultan Pariwisata;
11. Jasa Pramuwisata;
12. Wisata Tirta;
13. Spa;",-,-,,
24520008,Jenis Wisatawan,,[K02331] Wisatawan;,,Macam orang yang melakukan perjalanan di luar lingkungan sehari-,-,1. Wisatawan Nusantara;,-,-,,
,,,,,hari dengan lama perjalanan kurang dari 12 bulan dan bukan bertujuan untuk memperoleh penghasilan di tempat yang dikunjungi serta bukan merupakan kegiatan rutin.,,"2. Wisatawan Mancanegara;
3. Wisatawan Nasional;",,,,
24620001,Jenis Koperasi,,[K00973]  Koperasi;,,Jenis koperasi menurut kesamaan kegiatan dan kepentingan ekonomi anggotanya.,-,"1. Koperasi Konsumen;
2. Koperasi Produsen;
3. Koperasi Jasa;
4. Koperasi Pemasaran;
5. Koperasi Simpan Pinjam;",-,-,,
25020001,Golongan Pegawai Negeri Sipil (PNS),,[K01300] Pegawai Negeri Sipil (PNS);,,Tingkat atau jenjang kedudukan seorang PNS dalam rangkaian sistem kepegawaian yang digunakan sebagai dasar penggajian.,-,"Ia. I/a; Ib. I/b; Ic. I/c;  Id. I/d; IIa. II/a; IIb. II/b; IIc. II/c; IId. II/d; IIIa. III/a; IIIb. III/b; IIIc. III/c; IIId. III/d;
IVa. IV/a; IVb. IV/b; IVc. IV/c; IVd. IV/d; IVe. IV/e;",-,-,,
25020003,Jenis Dana Perimbangan,,"[K00349] Dana
Perimbangan;",,Jenis atau pengategorian dana perimbangan yang dialokasikan kepada daerah.,-,"1. Dana Transfer Umum-Dana Bagi Hasil;
2. Dana Transfer Umum-Dana Alokasi Umum;
3. Dana Transfer Khusus-Dana Alokasi Khusus Fisik;
4. Dana Transfer Khusus-Dana Alokasi Khusus non Fisik;",-,-,,
25020047,Jenis Jabatan Pegawai Negeri Sipil (PNS),,[K00643] Jabatan; [K01300] Pegawai Negeri Sipil (PNS);,,"Penggolongan seorang pada suatu kedudukan yang menunjukkan fungsi, tugas, tanggung jawab, wewenangnya di instansi pemerintah.",-,"1. Jabatan Pimpinan Tinggi Utama;
2. Jabatan Pimpinan Tinggi Madya;
3. Jabatan Pimpinan Tinggi Pratama;
4. Administrator;
5. Pengawas;
6. Eselon V;
7. Jabatan Fungsional Dosen;
8. Jabatan Fungsional Guru;
9. Jabatan Fungsional Medis;
10. Jabatan Fungsional Teknis;
11. Jabatan Fungsional Umum;",-,-,,
25020048,Jenis Pegawai Aparatur Sipil Negara,,[K00147]  Aparatur Sipil Negara (ASN);,,Pengelompokan perangkat negara yang bertugas dalam suatu jabatan pemerintahan atau diserahi tugas negara lainnya dan diberikan penghasilan berdasarkan peraturan perundang-undangan.,-,"1. Pegawai Negeri Sipil (PNS);
2. Pegawai Pemerintah dengan Perjanjian Kerja (PPPK);",-,-,,
25020004,Jenis Wajib Pajak,,[K02309] Wajib Pajak;,,"Kategori orang pribadi atau badan, meliputi pembayar pajak, pemotong pajak, dan pemungut pajak, yang mempunyai hak dan kewajiban perpajakan sesuai dengan ketentuan peraturan perundang-undangan perpajakan.",-,"1. Bendahara;
2. Wajib Pajak Badan;
3. WP Orang Pribadi;",-,-,,
25020053,Klasifikasi Instansi Pemerintah,,[K00614] Instansi Pemerintah;,,"Pengelompokan berbagai badan atau organisasi yang dibentuk oleh pemerintah berdasarkan fungsi, tugas, dan wewenang yang mereka miliki.",-,"1. Kementerian;
2. Lembaga Negara;
3. Lembaga Nonstruktural;
4. Lembaga Pemerintahan Nonkementerian;",-,-,,
,,,,,,,"5. Alat Negara;
6. Pemerintah Provinsi;
7. Pemerintah Kabupaten;
8. Pemerintah Kota;
9. Perguruan Tinggi;
10. Lembaga Pemerintah Lainnya;",,,,
25020058,Tingkatan Pemerintahan,,"[K01412] Pemerintah Pusat;
[K01411] Pemerintah Daerah;",,Penggolongan penyelenggara urusan pemerintahan.,-,"1. Pemerintah pusat;
10. Pemerintah pusat;
2. Pemerintah daerah
21. Pemerintah provinsi;
22. Pemerintah kabupaten/kota;",-,-,,
26020012,Jenis Perdagangan Luar Negeri,,[K01639] Perdagangan;,,Macam perdagangan yang mencakup kegiatan ekspor dan/atau impor atas barang dan/atau perdagangan jasa yang melampaui batas wilayah negara.,-,"1. Antarnegara;
2. Antarbenua;
3. Antarregional;",-,-,,
29020025,Sektor Institusi Riset,,[K00798] Penelitian/ Riset;,,Sektor yang digunakan untuk mengklasifikasikan belanja riset dan sumber daya manusia (SDM) iptek.,-,"1. Sektor Pemerintah;
2. Sektor Industri/ Badan Usaha;
3. Sektor Pendidikan Tinggi;
4. Sektor Swasta Nonprofit;",-,-,,
31020015,Fungsi Area Kawasan Konservasi,,[K00753] Kawasan Konservasi;,,"Kegunaan daerah dengan  ciri khas tertentu yang merupakan  suatu kesatuan ekosistem yang dilindungi, dilestarikan, dan dimanfaatkan secara berkelanjutan.",-,"1. Cagar Alam (Nature Preserve);
2. Kawasan Suaka Alam/Kawasan Pelestarian Alam (Nature Reserve Areas/Nature Conservation Areas);
3. Suaka Margasatwa (WIldlife reserve);
4. Taman Buru (Hunting Park);
5. Taman Nasional (National Parks);",-,-,,
31020021,Jenis Bencana,,[K00255] Bencana;,,Jenis peristiwa yang mengancam dan mengganggu kehidupan dan penghidupan masyarakat.,-,"1. Gempa Bumi;
2. Tsunami;
3. Banjir;
4. Tanah Longsor;
5. Letusan Gunung Api;
6. Kekeringan;
7. Gelombang Ekstrem dan Abrasi;
8. Cuaca Ekstrem (Angin Puting Beliung);
9. Kebakaran Hutan dan Lahan;
10. Kebakaran Gedung dan Pemukiman;
11. Epidemi dan Wabah Penyakit;
12. Gagal Teknologi;
13. Konflik Sosial;",-,-,,
31020123,Jenis Lahan Rawa,,[K01848] Rawa;,,"Jenis lahan yang sebagian atau sepanjang tahun tergenang air dari pasang surut air laut, luapan sungai atau hujan.",-,"1. Lahan Rawa Pasang Surut;
2. Lahan Rawa Lebak;",-,-,,
31020028,Jenis Rehabilitasi Hutan dan Lahan,,[K01867] Rehabilitasi Hutan dan Lahan;,,"Jenis upaya yang dilakukan untuk memulihkan, mempertahankan, dan meningkatkan fungsi hutan dan lahan sehingga daya dukung, produktifitas dan peranannya dalam mendukung sistem penyangga kehidupan tetap terjaga.",-,"1. Penghijauan;
2. Pemeliharaan tanaman;
3. Pengayaan tanaman;
4. Penerapan teknik konservasi tanah secara vegetatif dan sipil teknis pada lahan kritis dan tidak produktif;",-,-,,
31020029,Jenis Ruang Terbuka Hijau,,[K01907] Ruang Terbuka Hijau (RTH);,,"Penggolongan area yang penggunaannya lebih bersifat terbuka, tempat tumbuh tanaman, baik yang tumbuh secara alamiah maupun yang sengaja ditanam yang mencakup ruang terbuka hijau publik dan ruang terbuka hijau privat.",-,"1. Ruang Terbuka Hijau Publik;
2. Ruang Terbuka Hijau Privat;",-,-,,
31020079,Klaster Kemaritiman,,[K01137] Maritim;,,Penggolongan wilayah ke dalam kelompok-kelompok yang disusun berdasarkan kriteria tertentu dalam aktivitas ekonomi maritim.,-,"1. Perikanan dan Budidaya Maritim;
2. Sumberdaya Energi Maritim;
3. Pertambangan dan Penggalian Maritim;
4. Industri Pengolahan Maritim;
5. Industri Pembuatan, Pemeliharaan, dan Jasa Perbaikan Kapal;
6. Industri Kemaritiman Lainnya;
7. Energi Baru dan Terbarukan Maritim;
8. Konstruksi Maritim;
9. Perdagangan Maritim;
10. Transportasi dan Aktivitas Penunjang Maritim;
11. Wisata Bahari;
12. Jasa Maritim;",-,-,,
31020110,Tingkat Kekritisan Lahan,,[K01031] Lahan Kritis;,,"Tingkatan ketidakmampuan lahan untuk berperan sebagai unsur produksi pertanian, baik sebagai media pengatur tata air maupun sebagai perlindungan alam lingkungan.",-,"1. Sangat Kritis;
2. Kritis;
3. Agak Kritis;
4. Potensial Kritis;
5. Tidak Kritis;",-,-,,
31020112,Tingkat Risiko Kepunahan,,[K00872] Kepunahan;,,Tingkatan risiko akan habisnya suatu makhluk hidup hingga tidak ada sisanya.,-,"1. Punah;
2. Kritis;
3. Kritis-dirawat;
4. Terancam punah;
5. Terancam punah- dirawat;
6. Berisiko;",-,-,,
32020009,Jenis Topografi,,[K02213] Topografi;,,Kategorisasi wilayah berdasarkan keadaan muka bumi pada suatu kawasan atau daerah.,-,"1. Puncak/tebing;
2. Lembah;
3. Dataran;
4. Lereng;",-,-,,
32020020,Klasifikasi Wilayah,,[K02323] Wilayah; [K01679] Perkotaan; [K01643] Perdesaan;,,Penggolongan suatu wilayah administrasi setingkat desa/kelurahan yang ditentukan berdasarkan standar atau ciri wilayah perkotaan dan perdesaan.,-,URB. Perkotaan; RUR. Perdesaan;,-,-,,
32020022,Negara,,[K01212] Negara;,,"Organisasi dalam suatu wilayah yang mempunyai kekuasaan tertinggi yang sah dan ditaati oleh rakyat, mempunyai kesatuan politik, dan berdaulat sehingga berhak menentukan tujuan nasionalnya.",-,"004. Afghanistan;
248. Åland Islands;
008. Albania;
012. Algeria;
016. American Samoa;
020. Andorra;
024. Angola;
660. Anguilla;
010. Antarctica;
028. Antigua and Barbuda;
032. Argentina;
051. Armenia;
533. Aruba;
036. Australia;
040. Austria;
031. Azerbaijan;
044. Bahamas;
048. Bahrain;
050. Bangladesh;
052. Barbados;
112. Belarus;
056. Belgium;
084. Belize;
204. Benin;
060. Bermuda;
064. Bhutan;
068. Bolivia (Plurinational State of);
535. Bonaire, Sint Eustatius and Saba;
070. Bosnia and Herzegovina;
072. Botswana;
074. Bouvet Island;",-,-,,
,,,,,,,"076. Brazil;
086. British Indian Ocean Territory;
092. British Virgin Islands;
096. Brunei Darussalam;
100. Bulgaria;
854. Burkina Faso;
108. Burundi;
132. Cabo Verde;
116. Cambodia;
120. Cameroon;
124. Canada;
136. Cayman Islands;
140. Central African Republic;
148. Chad;
152. Chile;
156. China;
344. China, Hong Kong Special Administrative Region;
446. China, Macao Special Administrative Region;
162. Christmas Island;
166. Cocos (Keeling) Islands;
170. Colombia;
174. Comoros;
178. Congo;
184. Cook Islands;
188. Costa Rica;
384. Côte d’Ivoire;
191. Croatia;
192. Cuba;
531. Curaçao;
196. Cyprus;
203. Czechia;",,,,
,,,,,,,,,,,
,,,,,,,"408. Democratic People's Republic of Korea;
180. Democratic Republic of the Congo;
208. Denmark;
262. Djibouti;
212. Dominica;
214. Dominican Republic;
218. Ecuador;
818. Egypt;
222. El Salvador;
226. Equatorial Guinea;
232. Eritrea;
233. Estonia;
748. Eswatini;
231. Ethiopia;
238. Falkland Islands (Malvinas);
234. Faroe Islands;
242. Fiji;
246. Finland;
250. France;
254. French Guiana;
258. French Polynesia;
260. French Southern Territories;
266. Gabon;
270. Gambia;
268. Georgia;
276. Germany;
288. Ghana;
292. Gibraltar;
300. Greece;
304. Greenland;
308. Grenada;
312. Guadeloupe;
316. Guam;
320. Guatemala;
831. Guernsey;",,,,
,,,,,,,,,,,
,,,,,,,"324. Guinea;
624. Guinea-Bissau;
328. Guyana;
332. Haiti;
334. Heard Island and McDonald Islands;
336. Holy See;
340. Honduras;
348. Hungary;
352. Iceland;
356. India;
360. Indonesia;
364. Iran (Islamic Republic of);
368. Iraq;
372. Ireland; 833. Isle of Man;
376. Israel;
380. Italy;
388. Jamaica;
392. Japan;
832. Jersey;
400. Jordan;
398. Kazakhstan;
404. Kenya;
296. Kiribati;
414. Kuwait;
417. Kyrgyzstan;
418. Lao People's Democratic Republic;
428. Latvia;
422. Lebanon;
426. Lesotho;
430. Liberia;
434. Libya;
438. Liechtenstein;
440. Lithuania;
442. Luxembourg;
450. Madagascar;
454. Malawi;",,,,
,,,,,,,,,,,
,,,,,,,"458. Malaysia;
462. Maldives;
466. Mali;
470. Malta;
584. Marshall Islands;
474. Martinique;
478. Mauritania;
480. Mauritius;
175. Mayotte;
484. Mexico;
583. Micronesia (Federated States of);
492. Monaco;
496. Mongolia;
499. Montenegro;
500. Montserrat;
504. Morocco;
508. Mozambique;
104. Myanmar;
516. Namibia;
520. Nauru;
524. Nepal;
528. Netherlands (Kingdom of the);
540. New Caledonia;
554. New Zealand;
558. Nicaragua;
562. Niger;
566. Nigeria;
570. Niue;
574. Norfolk Island;
807. North Macedonia;
580. Northern Mariana Islands;
578. Norway;
512. Oman;
586. Pakistan;
585. Palau;
591. Panama;
598. Papua New Guinea;",,,,
,,,,,,,,,,,
,,,,,,,"600. Paraguay;
604. Peru;
608. Philippines;
612. Pitcairn;
616. Poland;
620. Portugal;
630. Puerto Rico;
634. Qatar;
410. Republic of Korea;
498. Republic of Moldova;
638. Réunion;
642. Réunion;
643. Russian Federation; 646. Rwanda;
652. Saint Barthélemy;
654. Saint Helena; 659. Saint Kitts and Nevis;
662. Saint Lucia;
663. Saint Martin (French Part);
666. Saint Pierre and Miquelon;
670. Saint Vincent and the Grenadines;
882. Samoa;
674. San Marino; 678. Sao Tome and Principe;
680. Sark;
682. Saudi Arabia;
686. Senegal;
688. Serbia;
690. Seychelles;
694. Sierra Leone;
702. Singapore;
534. Sint Maarten (Dutch part);",,,,
,,,,,,,,,,,
,,,,,,,"703. Slovakia;
705. Slovenia;
090. Solomon Islands;
706. Somalia;
710. South Africa;
239. South Georgia and the South Sandwich Islands;
728. South Sudan;
724. Spain;
144. Sri Lanka;
275. State of Palestine; 729. Sudan;
740. Suriname;
744. Svalbard and Jan Mayen Islands;
752. Sweden;
756. Switzerland;
760. Syrian Arab Republic;
762. Tajikistan;
764. Thailand;
626. Timor-Leste;
768. Togo;
772. Tokelau;
776. Tonga;
780. Trinidad and Tobago;
788. Tunisia;
792. Türkiye;
795. Turkmenistan;
796. Turks and Caicos Islands;
798. Tuvalu;
800. Uganda;
804. Ukraine;
784. United Arab Emirates;
826. United Kingdom of Great Britain and",,,,
,,,,,,,,,,,
,,,,,,,"Northern Ireland;
834. United Republic of Tanzania;
581. United States Minor Outlying Islands; 840. United States of America;
850. United States Virgin Islands; 854. Uruguay;
860. Uzbekistan;
548. Vanuatu;
862. Venezuela (Bolivarian Republic of); 704. Viet Nam;
876. Wallis and Futuna Islands;
732. Western Sahara;
887. Yemen;
894. Zambia;
716. Zimbabwe;
158. Taiwan (Province of China);",,,,
32020002,Status Asal Tenaga Kerja,,[K02159] Tenaga Kerja;,,Kedudukan tenaga kerja berdasarkan negara atau wilayah asal.,-,"1. Tenaga kerja Indonesia;
2. Tenaga kerja asing;",-,-,,
32020027,Wilayah Pengelolaan Perikanan Negara Republik Indonesia (WPPNRI),,[K02325] Wilayah Pengelolaan Perikanan (WPP);,,"Wilayah pengelolaan perikanan untuk penangkapan ikan dan pembudidayaan ikan, yang meliputi perairan Indonesia, zona ekonomi eksklusif Indonesia, sungai, danau, waduk, rawa, dan genangan air lainnya yang potensial untuk diusahakan di wilayah Negara Republik Indonesia.",-,"WPPNRI_571. Selat Malaka dan Laut Andaman;  WPPNRI_572. Samudra Hindia di barat Sumatra dan Selat Sunda; WPPNRI_573. Samudra Hindia di selatan Jawa hingga Nusa Tenggara, Laut Sawu, dan Laut Timor bagian barat; WPPNRI_711. Selat Karimata, Laut Natuna,",-,-,,
,,,,,,,"dan Laut Cina Selatan; WPPNRI_712. Laut
Jawa; WPPNRI_713. Selat
Makassar, Teluk Bone, Laut Flores, dan Laut Bali;
WPPNRI_714. Teluk Tolo dan Laut Banda; WPPNRI_715. Teluk Tomini, Laut Maluku, Laut Halmahera, Laut Seram, dan Teluk Berau;
WPPNRI_716. Laut
Sulawesi dan utara Pulau Halmahera; WPPNRI_717. Teluk Cendrawasih dan Samudra Pasifik; WPPNRI_718. Laut Aru, Laut Arafuru, dan Laut Timor bagian timur;",,,,
33120021,Status Kesejahteraan,,"[K00907]
Kesejahteraan Sosial; [K00847] Kemiskinan;",,Status kesejahteraan keluarga dalam kemampuannya memenuhi kebutuhan dasar minimum yang diperlukan untuk hidup layak dan bermartabat.,-,"1. Sangat Miskin;
2. Miskin;
3. Rentan Miskin;
4. Tidak Miskin;",-,-,,
33220007,Jenis Kelamin,,[K00704] Jenis Kelamin;,,Penggolongan seseorang  secara fisiologis yang ditandai dengan ciri-ciri fisik tertentu.,-,"M. Laki-laki;
F. Perempuan;",-,-,,
33320004,Jenis Persuratan,,[K01704] Persuratan;,,Jenis surat berdasarkan surat yang diterima atau surat masuk dan surat yang dikirim atau surat keluar.,-,"1. Surat Masuk;
2. Surat Keluar;",-,-,,
33320026,Metode Pembayaran  E- Commerce,,[K01389] Pembayaran; [K00415] Perdagangan Melalui Sistem Elektronik (PMSE)/,,Metode yang digunakan penjual dalam melakukan transaksi e-commerce.,-,"1. Pembayaran secara tunai (cash on delivery);
2. Pembayaran dengan transfer bank (ATM, Internet Banking, Mobile",-,-,,
,,,Electronic Commerce (E-commerce);,,,,"Banking);
3. Pembayaran dengan kartu (debit/kredit/ kartu uang elektronik);
4. Pembayaran dengan dompet digital;",,,,
33320008,Metode Pengiriman Produk E-Commerce,,"[K01572] Pengiriman/ Ekspedisi;
[K00415] Perdagangan Melalui Sistem Elektronik (PMSE)/ Electronic Commerce (E-commerce);",,Metode pengiriman yang digunakan penjual untuk mengirimkan barang/jasa ke pembeli/konsumen.,-,"1. Pengiriman langsung ke pembeli oleh pihak penjual;
2. Pengiriman langsung ke pembeli dengan jasa pengiriman;
3. Pengambilan pesanan langsung di toko atau di titik penjemputan;
4. Mengunduh dari situs web atau aplikasi, perangkat lunak, atau lainnya;",-,-,,
33320009,Peran Usaha/ Perusahaan dalam  E- Commerce,,[K00415] Perdagangan Melalui Sistem Elektronik (PMSE)/ Electronic Commerce (E-commerce);,,Kedudukan utama suatu usaha/ perusahaan dalam urusan berdagang melalui sistem eletronik/e-commerce.,-,"1. Penjual/seller;
2. Penjual kembali/
reseller;
3. Perantara penjual dan pembeli/dropshipper;",-,-,,
33320020,Teknik Pemasaran,,[K01379] Pemasaran;,,Cara atau metode untuk memasarkan barang atau produk.,-,"1. Penjualan langsung (Konvensional/di luar jaringan komunikasi/ offline);
2. Penjualan tidak langsung/dalam jaringan komunikasi/ online (sosial media, situs E-commerce, Marketplace);",-,-,,
34020021,Jenis Pengelolaan Arsip,,[K02341] Arsip;,,"Jenis kegiatan dalam rangka proses pengendalian arsip secara efisien, efektif, dan sistematis.",-,"1. Pemeliharan Arsip Dinamis;
11. Pemberkasan Arsip Aktif;",-,-,,
,,,,,,,"12. Penataan Arsip Inaktif;
13. Penyimpanan Arsip;
14. Alih Media Arsip;
2. Pengelolaan Arsip Statis;
21. Akuisisi Arsip Statis;
22. Pengolahan Arsip Statis;
23. Preservasi Arsip Statis;
24. Akses Arsip Statis;",,,,
34020030,Sektor International Classification for Standards (ICS),,[K02385] Standar;,,Klasifikasi atau pengelompokan sektor teknis dokumen Standar Nasional Indonesia (SNI) berdasarkan International Classification for Standards (ICS).,-,"1. Pertanian dan teknologi pangan;
2. Konstruksi;
3. Elektronik, teknologi informasi dan komunikasi;
4. Teknologi perekayasaan;
5. Umum, insfrastruktur, dan ilmu pengetahuan;
6. Kesehatan, keselamatan, dan lingkungan;
7. Teknologi bahan;
8. Teknologi khusus;
9. Transportasi dan distribusi pangan;",-,-,,
B.   KONSEP DAN DEFINISI,,,,,,,,,,,
K00002,,Acquired Immuno Deficiency Syndrome (AIDS),,Suatu kumpulan gejala berkurangnya kemampuan pertahanan diri yang disebabkan oleh masuknya virus  human immunodeficiency virus (HIV) dalam tubuh seseorang.,,,,,,,
K00007,,Administrasi Kependudukan,,"Rangkaian kegiatan penataan dan penertiban dalam  penerbitan dokumen dan data kependudukan melalui pendaftaran penduduk, pencatatan sipil, pengelolaan informasi kependudukan serta pendayagunaan hasilnya untuk pelayanan publik
dan pembangunan sektor lain.",,,,,,,
K00011,,Agama,,"Ajaran, sistem yang mengatur tata keimanan (kepercayaan) dan peribadatan kepada Tuhan Yang Maha Kuasa serta tata kaidah yang berhubungan dengan pergaulan manusia dan manusia serta manusia dan lingkungannya.",,,,,,,
K00017,,Ahli Teknologi Laboratorium Medik,,Tenaga kesehatan yang memiliki kompetensi melakukan analisis terhadap cairan dan jaringan tubuh manusia untuk menghasilkan informasi tentang kesehatan perorangan dan masyarakat.,,,,,,,
K00019,,Air Baku,,"Air yang dapat berasal dari sumber air permukaan, cekungan air tanah dan/atau air hujan yang  memenuhi baku mutu tertentu.",,,,,,,
K02340,,Air Bersih,,Air yang digunakan untuk keperluan sehari-hari yang kualitasnya memenuhi syarat kesehatan dan dapat diminum setelah melalui proses pengolahan ataupun tanpa pengolahan.,,,,,,,
K00025,,Air Minum,,"Air yang memenuhi syarat kesehatan (aspek kuantitas, kualitas, kontinuitas, dan keterjangkauan) dan dapat diminum, baik telah melalui proses pengolahan ataupun tidak.",,,,,,,
K00160,,Air Susu Ibu (ASI),,Susu yang diproduksi oleh manusia untuk konsumsi bayi dan merupakan sumber gizi utama bayi yang belum dapat mencerna makanan padat.,,,,,,,
K00035,,Akreditasi,,Pengakuan terhadap seseorang atau institusi yang diberikan oleh lembaga yang berwenang berdasarkan syarat kebakuan atau kriteria tertentu.,,,,,,,
K00060,,Akta Kelahiran,,Dokumen resmi yang diterbitkan oleh negara bagi individu sebagai tanda bukti kelahiran.,,,,,,,
K00090,,Alumni,,Orang-orang yang telah mengikuti atau tamat dari suatu sekolah atau perguruan tinggi atau lembaga pendidikan dan pelatihan.,,,,,,,
K00091,,Anak,,Seseorang yang belum berusia 18 (delapan belas) tahun.,,,,,,,
K00093,,Anak Kandung,,"Anak (garis keturunan pertama) atau generasi kedua, termasuk anak yang lahir dalam kondisi meninggal di dalam kandungan (lahir mati).",,,,,,,
K00094,,Anak Sekolah,,Penduduk yang masih bersekolah pada  jenjang pendidikan dasar atau menengah.,,,,,,,
K00101,,Ancaman Kekerasan,,"Suatu usaha/tindakan yang dilakukan oleh seseorang/kelompok terhadap orang/pihak lain yang disampaikan baik secara lisan, tulisan, maupun perbuatan yang dapat menimbulkan rasa ketakutan/keresahan/kekhawatiran.",,,,,,,
K00102,,Anemia,,Kekurangan kadar hemoglobin di dalam darah.,,,,,,,
K00103,,Anggaran,,Rencana untuk menunjukkan berapa banyak uang yang akan diperoleh seseorang atau organisasi dan berapa banyak yang akan mereka butuhkan atau dapat belanjakan.,,,,,,,
K00106,,Anggota Keluarga,,Semua orang yang nama dan identitasnya tercantum dalam kartu keluarga.,,,,,,,
K00107,,Anggota Koperasi,,Pemilik sekaligus pengguna jasa koperasi yang dicatat dalam buku daftar anggota.,,,,,,,
K00109,,Anggota Perpustakaan,,Pemustaka atau pengguna perpustakaan yang mendaftarkan diri sebagai anggota layanan perpustakaan dan memeroleh Kartu Tanda Anggota Perpustakaan.,,,,,,,
K00110,,Anggota Rumah Tangga,,"Semua orang yang biasanya bertempat tinggal di suatu rumah tangga dan berada dalam satu pengelolaan makan sehari- hari, walaupun sementara sedang tidak berada di tempat dalam jangka waktu kurang dari satu tahun.",,,,,,,
K00117,,Angkatan Kerja,,"Penduduk usia kerja (15 tahun ke atas) yang bekerja atau punya pekerjaan namun sementara tidak  bekerja, dan penggangguran.",,,,,,,
K00123,,Angkutan Laut,,"Angkutan kapal untuk penumpang, barang, atau hewan dalam satu atau lebih perjalanan antarpelabuhan.",,,,,,,
K00134,,Angkutan Udara,,"Setiap kegiatan dengan menggunakan pesawat udara untuk mengangkut penumpang, kargo, dan/atau pos untuk satu perjalanan atau lebih dari satu bandar udara ke bandar udara yang lain atau beberapa bandar udara.",,,,,,,
K00144,,Anjungan Tunai Mandiri/Automated Teller Machine (ATM),,"Perangkat berupa mesin elektronik yang terhubung dengan pusat komputer layanan nasabah pada suatu lembaga penyimpan dana sehingga dapat menggantikan sebagian fungsi kasir, misalnya transaksi menggunakan suatu media, baik berupa kartu maupun media lainnya, sebagai suatu identitas pengenal di dalam sistem.",,,,,,,
K00147,,Aparatur Sipil Negara (ASN),,"Alat kelengkapan negara, terutama meliputi bidang kelembagaan, ketatalaksanaan, dan kepegawaian, yang mempunyai tanggung jawab melaksanakan roda pemerintahan sehari-hari.",,,,,,,
K00151,,Apotek,,"Suatu sarana pelayanan kefarmasian yang digunakan untuk penyaluran/penjualan obat/bahan farmasi, baik pembelian obat secara bebas maupun dengan resep dokter, dan memiliki apoteker selaku penanggung jawabnya.",,,,,,,
K00152,,Apoteker,,Ahli dalam ilmu obat-obatan dan memiliki kewenangan membuat obat untuk dijual.,,,,,,,
K02341,,Arsip,,"Rekaman kegiatan atau peristiwa dalam berbagai bentuk dan media sesuai dengan perkembangan teknologi informasi dan komunikasi yang dibuat dan diterima oleh lembaga negara, pemerintahan daerah, lembaga pendidikan, perusahaan, organisasi politik, organisasi  kemasyarakatan, dan perseorangan dalam pelaksanaan kehidupan bermasyarakat, berbangsa, dan bernegara.",,,,,,,
K00159,,Aset,,"Semua kekayaan yang dipunyai oleh individu ataupun kelompok, baik berwujud maupun tidak berwujud, yang memiliki nilai akan manfaat bagi setiap orang atau perusahaan.",,,,,,,
K00165,,Asuransi,,"Perjanjian antara dua pihak, yaitu pemegang polis dan perusahaan, dengan kesepakatan berupa pihak yang satu berkewajiban membayar iuran dan pihak yang lain berkewajiban memberikan jaminan sepeuhnya kepada pembayar iuran apabila terjadi sesuatu yang menimpa pihak pertama atau barang miliknya sesuai dengan perjanjian yang dibuat.",,,,,,,
K00171,,Atap,,"Penutup bagian atas suatu bangunan untuk melindungi dari terik matahari, hujan, dan sebagainya.",,,,,,,
K00178,,Badan Hukum,,Bentuk pengesahan suatu perusahaan pada waktu pendirian yang dilakukan oleh instansi pemerintah yang berwenang/kementerian terkait yang diperkuat dengan akta.,,,,,,,
K00179,,Badan Publik,,"Lembaga eksekutif, legislatif, yudikatif, dan badan  lain yang fungsi dan tugas pokoknya berkaitan dengan penyelenggaraan negara, yang sebagian atau seluruh dananya bersumber dari anggaran pendapatan dan belanja negara dan/atau anggaran pendapatan dan belanja daerah, atau organisasi nonpemerintah sepanjang sebagian atau seluruh dananya bersumber dari anggaran pendapatan dan belanja negara dan/atau anggaran pendapatan dan belanja daerah, sumbangan masyarakat, dan/atau luar negeri.",,,,,,,
K00180,,Badan Usaha,,"Sekumpulan orang dan/atau modal yang merupakan kesatuan, baik berbentuk badan hukum atau tidak berbentuk badan hukum, tidak termasuk usaha perseorangan, yang melakukan usaha dan/atau kegiatan pada bidang tertentu.",,,,,,,
K02342,,Badan Usaha Milik Desa (BUM Desa),,"Badan hukum yang didirikan oleh desa dan/atau bersama desa-desa guna mengelola usaha, memanfaatkan akses,
mengembangkan investasi dan produktivitas, menyediakan jasa pelayanan, dan/atau menyediakan jenis usaha lainnya untuk sebesar-besarnya kesejahteraan masyarakat desa.",,,,,,,
K02343,,Badan Usaha Milik Negara (BUMN),,Badan usaha yang seluruh atau sebagian besar modalnya dimiliki oleh negara melalui penyertaan secara langsung yang berasal dari kekayaan negara yang dipisahkan.,,,,,,,
K00186,,Bahan Bakar,,"Bahan atau barang yang dipakai untuk menimbulkan api (panas),  seperti gas bumi dan/atau hasil olahannya, batu bara, dan minyak tanah yang belum diolah.",,,,,,,
K00190,,Bahan Baku,,"Barang mentah, barang setengah jadi, atau barang jadi yang dapat diolah menjadi barang setengah jadi atau barang jadi yang mempunyai nilai ekonomi yang lebih tinggi.",,,,,,,
K00194,,Bahan Berbahaya dan Beracun (B3),,"Zat, energi dan/atau komponen lain karena sifat, konsentrasi, dan/atau jumlahnya, baik secara langsung maupun tidak langsung, dapat mencemarkan dan/atau merusak lingkungan hidup, dan/atau membahayakan lingkungan hidup, kesehatan, serta kelangsungan hidup manusia dan mahluk lain.",,,,,,,
K02344,,Bahan Galian,,"Berbagai macam unsur kimia, mineral, bijih, dan batuan termasuk batu mulia yang merupakan endapan alam.",,,,,,,
K00195,,Bahan Penolong,,Bahan yang digunakan sebagai pelengkap dalam proses produksi untuk menghasilkan produk yang fungsinya sesuai dengan parameter yang diharapkan.,,,,,,,
K00198,,Bahan Perpustakaan,,"Semua hasil karya tulis, karya cetak, dan/atau karya rekam.",,,,,,,
K00199,,Bahan Perusak Ozon (BPO),,Hasil buangan yang dikeluarkan oleh alat yang menggunakan  refrigerant identifier Hydroflurochlorofluorocarbon  (HCFC) yang belum sesuai atau tidak ramah lingkungan.,,,,,,,
K00200,,Bahan/Material Konstruksi,,"Seluruh barang yang dipakai atau diperlukan untuk pekerjaan konstruksi, baik yang disediakan perusahaan maupun yang disediakan pemilik pekerjaan.",,,,,,,
K00201,,Bahasa,,"Sistem lambang bunyi yang arbitrer yang digunakan oleh anggota suatu masyarakat untuk bekerja sama, berinteraksi, dan mengidentifikasikan diri.",,,,,,,
K02345,,Bakau/Mangrove,,Vegetasi pantai yang memiliki morfologi khas dengan sistem perakaran yang mampu beradaptasi pada daerah pasang surut dengan substrat lumpur atau lumpur berpasir.,,,,,,,
K00204,,Balas Jasa dan Upah Pekerja,,"Seluruh pengeluaran yang dibayarkan kepada pekerja tetap dan pekerja harian berupa upah gaji, upah lembur, hadiah, bonus, dana pensiun, tunjangan kecelakaan, dan pengeluaran lainnya yang dibayarkan dalam bentuk uang maupun barang sebagai balas jasa dan upah.",,,,,,,
K00206,,Balita,,Anak berusia 0—4 tahun (0—59 bulan).,,,,,,,
K00212,,Bandar Udara (Bandara),,"Kawasan di daratan dan/atau perairan dengan batas-batas tertentu yang digunakan sebagai tempat pesawat udara mendarat dan lepas landas, naik turun penumpang, bongkar muat barang, dan tempat perpindahan intra  dan antarmoda transportasi, yang dilengkapi dengan fasilitas keselamatan dan keamanan penerbangan, serta fasilitas pokok dan fasilitas penunjang lainnya.",,,,,,,
K00213,,Bangunan,,"Sesuatu yang didirikan; sesuatu yang dibangun (seperti rumah, gedung, menara).",,,,,,,
K02346,,Bangunan Gedung,,"Wujud fisik hasil pekerjaan konstruksi yang menyatu dengan tempat kedudukannya, sebagian atau seluruhnya berada di atas dan/atau di dalam tanah dan/atau air, yang berfungsi sebagai tempat manusia melakukan kegiatannya, baik untuk hunian atau tempat tinggal, kegiatan keagamaan, kegiatan usaha, kegiatan sosial, budaya, maupun kegiatan khusus.",,,,,,,
K00215,,Bangunan Tempat Tinggal,,"Keseluruhan bangunan atau bagian dari bangunan yang digunakan seluruhnya atau utamanya untuk tempat menetap,
termasuk bangunan yang terhubung dengan bangunan utama seperti garasi dan seluruh perlengkapan permanen yang biasanya dipasang pada bangunan tempat  tinggal.",,,,,,,
K00713,,Bank,,"Badan usaha di bidang keuangan yang menarik dan mengeluarkan uang dalam masyarakat,  terutama memberikan kredit dan jasa dalam lalu lintas pembayaran dan peredaran uang.",,,,,,,
K00220,,Bantuan Hukum,,Jasa hukum yang diberikan secara cuma-cuma kepada orang miskin yang menghadapi masalah hukum.,,,,,,,
K00229,,Barang Rampasan (Baran),,Benda sitaan berdasarkan putusan pengadilan yang telah memperoleh kekuatan hukum tetap yang dirampas oleh negara.,,,,,,,
K00230,,Barang Sitaan (Basan),,Benda yang disita oleh negara untuk keperluan proses peradilan.,,,,,,,
K00232,,Bayi,,Anak berusia/berumur kurang dari satu tahun.,,,,,,,
K00233,,Bayi dengan Berat Badan Lahir Rendah (BBLR),,Bayi dengan berat badan lahir kurang dari 2.500 gram.,,,,,,,
K00234,,Beasiswa,,Tunjangan yang diberikan kepada peserta didik sebagai bantuan biaya belajar.,,,,,,,
K00237,,Bekerja,,"Kegiatan melakukan pekerjaan dengan maksud memperoleh atau membantu memperoleh penghasilan atau keuntungan paling sedikit selama satu jam dalam seminggu terakhir, tidak termasuk orang yang melakukan pekerjaan tetapi tidak bermaksud memperoleh atau membantu memperoleh penghasilan atau keuntungan.",,,,,,,
K00240,,Belajar,,Usaha yang dilakukan untuk memperoleh kepandaian atau ilmu.,,,,,,,
K00255,,Bencana,,"Peristiwa atau rangkaian peristiwa yang mengancam dan mengganggu kehidupan masyarakat yang disebabkan oleh faktor alam, faktor nonalam, dan/atau faktor manusia sehingga mengakibatkan timbulnya korban manusia, kerusakan lingkungan, kerugian harta benda, dan dampak psikologis.",,,,,,,
K00259,,Bendung,,"Bangunan air dengan kelengkapannya yang dibangun melintang sungai atau sudetan yang sengaja dibuat untuk meninggikan taraf muka air atau untuk mendapatkan tinggi terjun, sehingga air sungai dapat disadap dan dialirkan secara gravitasi atau dengan pompa ke tempat-tempat tertentu yang membutuhkannya dan/atau untuk mengendalikan dasar sungai, debit, dan angkutan sedimen.",,,,,,,
K00260,,Bendungan,,"Bangunan yang berupa urukan tanah, urukan batu, beton, dan/atau pasangan batu yang dibangun selain untuk menahan dan menampung air, dapat pula dibangun untuk menahan dan menampung limbah tambang (tailing), atau menampung lumpur sehingga terbentuk waduk.",,,,,,,
K00263,,Benih Tanaman,,Tanaman atau bagiannya yang digunakan untuk memperbanyak dan/atau mengembangbiakkan tanaman.,,,,,,,
K00279,,Biaya,,"Uang yang dikeluarkan untuk mengadakan (mendirikan, melakukan, dan sebagainya) sesuatu; ongkos; belanja; pengeluaran.",,,,,,,
K00287,,Bidan,,Wanita yang mempunyai kepandaian menolong dan merawat orang melahirkan dan bayinya.,,,,,,,
K00289,,Bidang Tanah,,Bagian permukaan bumi yang merupakan satuan bidang yang berbatas.,,,,,,,
K02347,,Buang Air Besar,,Proses makhluk hidup membuang kotoran atau tinja padat atau setengah-padat yang berasal dari sistem pencernaan.,,,,,,,
K00296,,Bubur Kayu,,"Serat kayu atau bahan berlignoselulosa lainnya hasil pengolahan secara mekanis, semi kimia, dan kimia.",,,,,,,
K01190,,Bus,,"Kendaraan bermotor angkutan umum yang besar, beroda empat atau lebih, dan dapat memuat banyak penumpang.",,,,,,,
K00305,,Cadangan Pangan Pemerintah,,"Persediaan bahan pangan pokok yang dikuasai dan dikelola oleh pemerintah dan masyarakat yang dapat disalurkan untuk
keperluan konsumsi maupun dalam rangka stabilisasi harga pangan, penanganan masalah pangan/krisis pangan, pemberian bantuan pangan, kerja sama internasional, dan/atau keperluan lain yang ditetapkan pemerintah.",,,,,,,
K00308,,Calo,,Orang yang menjadi perantara dan memberikan jasanya untuk  menguruskan sesuatu berdasarkan upah; perantara; makelar.,,,,,,,
K00314,,Cekungan Lintas Batas,,"Cekungan air permukaan (sungai, danau) dan air tanah yang terletak pada perbatasan atau lintas batas negara.",,,,,,,
K00316,,Civitas Academica,,Kelompok masyarakat akademik yang terdiri atas dosen dan mahasiswa dengan perwakilannya yang terbentuk melalui senat masing-masing.,,,,,,,
K00322,,Daerah Aliran Sungai (DAS),,"Suatu wilayah daratan yang merupakan satu kesatuan dengan sungai dan anak-anak sungainya yang berfungsi menampung, menyimpan, dan mengalirkan air yang berasal dari curah hujan ke danau atau ke laut secara alami.",,,,,,,
K00335,,Daerah Tertinggal,,"Daerah yang wilayah serta masyarakatnya kurang berkembang dibandingkan dengan daerah lain dalam skala nasional berdasarkan kriteria perekonomian masyarakat, sumber daya manusia, sarana dan prasarana, kemampuan keuangan daerah, aksesibilitas, dan karakteristik daerah.",,,,,,,
K00337,,Daftar Merah/Red List,,"Standar daftar spesies, dan upaya penilaian konservasinya yang bertujuan memberi informasi, dan analisis mengenai status, tren, dan ancaman terhadap spesies untuk memberitahukan, dan mempercepat tindakan dalam upaya konservasi keanekaragaman hayati.",,,,,,,
K00338,,Daging (Meatyield),,"Daging murni ditambah dengan bagian yang dapat dimakan (edible portion), seperti jeroan (edible offal) dan daging variasi (fancy meat).",,,,,,,
K00349,,Dana Perimbangan,,Dana yang bersumber dari pendapatan APBN yang dialokasikan kepada daerah untuk mendanai kebutuhan daerah dalam rangka pelaksanaan desentralisasi.,,,,,,,
K00351,,Danau,,"Wadah air dan ekosistem yang ada yang terbentuk secara alamiah dapat berupa bagian dari sungai yang lebar dan kedalamnya jauh melebihi ruas-ruas lain dari sungai yang bersangkutan, termasuk situ, embung dan wadah air sejenis dengan istilah sebutan lokal (telaga, ranu).",,,,,,,
K00363,,Daur Ulang,,Proses pengolahan sampah menghasilkan produk baru.,,,,,,,
K00366,,Daya Saing,,Kemampuan suatu entitas untuk dapat tumbuh (berkembang) secara normal di antara entitas lain sebagai pesaing dalam satu habitat.,,,,,,,
K00368,,Degradasi Lahan,,"Pengurangan atau hilangnya produktivitas biologis dan ekonomi dan kompleksitas lahan pertanian tadah hujan, lahan pertanian irigasi, atau jangkauan padang rumput, hutan dan lahan hutan yang dihasilkan dari kombinasi tekanan, termasuk penggunaan lahan dan praktik pengelolaan.",,,,,,,
K00369,,Demam Berdarah Dengue (DBD),,"Penyakit menular yang disebabkan oleh virus dengue dan ditularkan oleh nyamuk  Aedes aegypti, yang ditandai demam mendadak 2—7 hari, lemah/lesu, gelisah, nyeri ulu hati disertai tanda pendarahan di kulit berupa bintik perdarahan, lebam, kadang-kadang disertai dengan mimisan, berak darah, muntah darah dan kesadaran menurun.",,,,,,,
K00370,,Demokrasi,,Bentuk atau sistem pemerintahan yang seluruh rakyatnya turut serta memerintah dengan perantaraan wakilnya; pemerintahan rakyat.,,,,,,,
K02348,,Depot Arsip,,"Gedung dan ruang penyimpanan arsip yang dirancang dengan struktur khusus guna memenuhi kebutuhan terhadap pelindungan arsip, serta mengutamakan tugas pemeliharaan dan perawatan arsip.",,,,,,,
K00371,,Desa,,"Kesatuan masyarakat hukum yang memiliki batas wilayah yang berwenang untuk mengatur dan mengurus urusan
pemerintahan dan kepentingan masyarakat setempat berdasarkan prakarsa masyarakat, hak asal usul, dan/atau hak tradisional yang diakui dan dihormati dalam sistem pemerintahan Negara Kesatuan Republik Indonesia.",,,,,,,
K00373,,Desa Mandiri,,"Desa yang mempunyai ketersediaan dan akses terhadap pelayanan dasar yang mencukupi, infrastruktur yang memadai, aksesibilitas transportasi yang tidak sulit, pelayanan umum yang bagus, serta penyelenggaraan pemerintahan yang sudah sangat baik.",,,,,,,
K00379,,Devisa,,Aset dan kewajiban finansial yang digunakan dalam transaksi internasional.,,,,,,,
K02349,,Dialek,,"Variasi bahasa yang berbeda-beda menurut pemakai (misalnya bahasa dari suatu daerah tertentu, kelompok sosial tertentu, atau kurun waktu tertentu).",,,,,,,
K00385,,Dinding,,Sisi luar/batas dari suatu bagunan atau penyekat dengan bangunan fisik lain.,,,,,,,
K00388,,Disabilitas,,"Keterbatasan fisik, intelektual, mental, dan/atau  sensorik dalam jangka waktu lama sehingga mengalami hambatan dan kesulitan dalam berinteraksi dengan lingkungan, dan menyebabkan keterbatasan dalam melaksanakan tugas atau kegiatan sehari-hari, seperti kesulitan melihat, kesulitan mendengar, berbicara tidak lancar, kesulitan memahami/hilang ingatan/gangguan jiwa, lambat dalam belajar/memahami pelajaran, keterbatasan berjalan, keterbatasan bergerak, kesulitan mengambil barang kecil menggunakan jari.",,,,,,,
K00389,,Diskriminasi,,"Setiap pembatasan, pelecehan, atau pengucilan yang langsung ataupun tak langsung didasarkan pada pembedaan manusia atas dasar agama, suku, ras, etnik, kelompok, golongan, status sosial, status ekonomi, jenis kelamin, bahasa, dan/atau keyakinan politik yang  berakibat pengurangan, penyimpangan, atau penghapusan pengakuan, pelaksanaan atau penggunaan hak asasi manusia dan kebebasan dasar dalam kehidupan baik individual maupun kolektif dalam bidang politik, ekonomi, hukum, sosial, budaya, dan aspek kehidupan lainnya.",,,,,,,
K00391,,Distribusi,,"Penyaluran (pembagian, pengiriman) kepada beberapa orang atau ke beberapa tempat.",,,,,,,
K00397,,Dokter,,Lulusan pendidikan kedokteran yang ahli dalam hal penyakit dan pengobatan.,,,,,,,
K02350,,Dokter Hewan,,Orang yang memiliki profesi dan kewenangan sebagai medik  veteriner dalam melaksanakan pelayanan kesehatan hewan.,,,,,,,
K00401,,Dokumen Hukum,,"Produk hukum yang berupa peraturan perundang-undangan atau produk hukum selain peraturan perundang-undangan yang meliputi namun tidak terbatas pada putusan pengadilan, yurisprudensi, monografi hukum, artikel majalah hukum, buku hukum, penelitian hukum, pengkajian hukum, naskah akademis, dan rancangan peraturan perundang-undangan.",,,,,,,
K00417,,Ekonomi Kreatif,,"Perwujudan nilai tambah dari kekayaan intelektual yang bersumber dari kreativitas manusia yang berbasis warisan budaya, ilmu pengetahuan, dan/atau teknologi.",,,,,,,
K00418,,Ekosistem,,Keadaan khusus tempat komunitas suatu organisme hidup dan komponen organisme tidak hidup dari suatu lingkungan yang saling berinteraksi.,,,,,,,
K02351,,Ekosistem Gambut,,"Tatanan unsur gambut yang merupakan satu kesatuan utuh menyeluruh dan saling memengaruhi keseimbangan, stabilitas, dan produktivitasnya.",,,,,,,
K00420,,Ekspor,,"Kegiatan membawa keluar barang dari wilayah suatu negara, baik bersifat komersial maupun bukan komersial (barang hibah, sumbangan, hadiah), serta barang yang akan diolah di luar negeri dan hasilnya dimasukkan kembali ke negara tersebut secara legal.",,,,,,,
K00426,,Ekstrakurikuler,,"Kegiatan di luar program yang tertulis di dalam kurikulum, seperti latihan kepemimpinan dan pembinaan siswa.",,,,,,,
K00427,,Elektrifikasi,,Pemakaian atau penggantian dengan listrik (sebelumnya tidak menggunakan listrik).,,,,,,,
K00428,,Eliminasi Penyakit,,Upaya pengurangan terhadap penyakit secara berkesinambungan di wilayah  tertentu sehingga angka kesakitan penyakit tersebut dapat ditekan serendah mungkin agar tidak menjadi masalah kesehatan di wilayah yang bersangkutan.,,,,,,,
K00433,,Embung,,Waduk berukuran mikro di lahan pertanian yang dibangun untuk menampung kelebihan air  hujan di musim hujan untuk digunakan pada saat musim kemarau.,,,,,,,
K00434,,Emisi Gas Rumah Kaca,,Lepasnya gas rumah kaca (GRK) ke atmosfer pada suatu area dalam jangka waktu tertentu.,,,,,,,
K00435,,Energi,,"Tenaga yang digunakan untuk melakukan kerja yang dapat berupa panas, cahaya, mekanika, kimia, dan elektromagnetika.",,,,,,,
K00436,,Energi Final,,Energi yang langsung dapat dikonsumsi oleh pengguna akhir.,,,,,,,
K00437,,Energi Primer,,Energi yang diberikan oleh alam dan belum mengalami proses pengolahan lebih lanjut.,,,,,,,
K00438,,Energi Terbarukan,,"Energi yang berasal dari sumber energi terbarukan antara lain berasal dari panas bumi, angin, bioenergi, sinar matahari, aliran dan terjunan air, serta gerakan dan perbedaan suhu lapisan laut.",,,,,,,
K00443,,Fasilitas Pelayanan Kesehatan,,"Suatu alat dan/atau tempat yang digunakan untuk menyelenggarakan upaya pelayanan kesehatan, baik promotif, preventif, kuratif, maupun rehabilitatif, yang dilakukan oleh pemerintah pusat, pemerintah daerah, dan/atau masyarakat.",,,,,,,
K00452,,Fasilitas Sosial,,"Fasilitas yang disediakan oleh pemerintah atau swasta untuk masyarakat, seperti puskesmas, rumah sakit, kantor pemerintah, dan sekolah.",,,,,,,
K02352,,Fertilitas,,Kemampuan untuk menghasilkan keturunan.,,,,,,,
K02353,,Fidusia,,Pengalihan hak kepemilikan sebuah benda yang registrasi hak kepemilikannya masih berada dalam kekuasaan pemilik benda tersebut.,,,,,,,
K00468,,Garam,,"Senyawa kimia yang komponen utamanya berupa natrium klorida dan dapat mengandung unsur lain seperti magnesium, kalsium, besi, dan kalium dengan bahan tambahan atau tanpa bahan tambahan iodium.",,,,,,,
K00471,,Gas Petroleum Cair/Liquefied Petroleum Gas (LPG),,"Gas hidrokarbon yang dicairkan dengan tekanan untuk memudahkan pengangkutan, dan penyimpanan, penanganannya yang pada dasarnya terdiri atas propana, butana, atau campuran keduanya.",,,,,,,
K00470,,Gas Rumah Kaca,,"Gas yang terkandung dalam atmosfer, baik alami maupun antropogenik, yang menyerap dan memancarkan kembali radiasi inframerah.",,,,,,,
K02354,,Generasi,,"Sekelompok orang yang lahir dalam rentang waktu yang sama, dan biasanya memiliki pengalaman sejarah yang sama.",,,,,,,
K00480,,Gratifikasi,,"Pemberian dalam arti luas meliputi uang, barang, rabat (diskon), komisi, pinjaman tanpa bunga, tiket perjalanan, fasilitas penginapan, perjalanan wisata, pengobatan cuma-cuma, dan fasilitas lainnya, baik yang diterima di dalam negeri maupun di luar negeri, baik yang dilakukan dengan menggunakan sarana elektronik maupun tanpa sarana elektronik.",,,,,,,
K00481,,Guru,,"Pendidik profesional dengan tugas utama mendidik, mengajar, membimbing,  mengarahkan, melatih, menilai, dan mengevaluasi peserta didik pada pendidikan anak usia dini jalur pendidikan formal, pendidikan dasar, dan pendidikan menengah.",,,,,,,
K00485,,Hak Asasi Manusia (HAM),,"Seperangkat hak yang melekat pada hakikat dan keberadaan manusia sebagai makhluk Tuhan yang Maha Esa dan merupakan anugerah-Nya yang wajib dihormati, dijunjung tinggi, dan dilindungi oleh negara, hukum, pemerintah, dan setiap orang demi kehormatan serta perlindungan harkat dan martabat manusia.",,,,,,,
K00497,,Hak Atas Tanah,,"Hak yang diperoleh dari hubungan hukum antara pemegang hak dengan tanah, termasuk ruang di atas tanah dan/atau
ruang di bawah tanah untuk menguasai, memiliki, menggunakan, dan memanfaatkan, serta memelihara tanah, ruang di atas tanah, dan/atau ruang di bawah tanah.",,,,,,,
K02355,,Harga,,"Nilai barang yang ditentukan atau dirupakan dengan uang; jumlah uang atau alat tukar lain yang senilai, yang harus dibayarkan untuk produk atau jasa pada waktu tertentu dan di pasar tertentu.",,,,,,,
K00500,,Harga Dasar,,Harga keekonomian barang dan jasa di tingkat produsen sebelum adanya intervensi pemerintah terkait pajak dan subsidi.,,,,,,,
K00501,,Harga Konsumen/Harga Eceran,,"Harga keekonomian barang dan jasa di tingkat konsumen setelah adanya intervensi pemerintah terkait pajak dan subsidi, serta margin transportasi dan perdagangan.",,,,,,,
K00505,,Harga Produsen,,Harga keekonomian barang dan jasa di tingkat produsen setelah adanya intervensi pemerintah terkait pajak dan subsidi.,,,,,,,
K02356,,Hari Kerja,,Satuan waktu yang digunakan pekerja melakukan pekerjaannya.,,,,,,,
K00515,,Hepatitis,,"Penyakit radang pada organ hati manusia yang dapat disebabkan oleh banyak faktor, salah satu yang terbanyak adalah infeksi virus.",,,,,,,
K00521,,Hipertensi,,"Tekanan darah atau denyut jantung yang lebih tinggi  daripada normal karena penyempitan pembuluh darah atau gangguan lain, yaitu tekanan darah sistolik lebih besar dari 140 mmHg dan/atau tekanan darah diastolik lebih besar dari 90 mmHg.",,,,,,,
K00524,,Hotel,,"Usaha penyediaan akomodasi berupa kamar-kamar di dalam suatu bangunan yang dapat dilengkapi dengan jasa pelayanan makan dan minum, kegiatan hiburan, dan/atau fasilitas lainnya secara harian dengan tujuan memperoleh keuntungan.",,,,,,,
K00533,,Hutan,,Suatu kesatuan ekosistem berupa hamparan lahan berisi sumber daya alam hayati yang didominasi pepohonan dalam persekutuan alam lingkungannya yang satu dengan lainnya tidak dapat dipisahkan.,,,,,,,
K00384,,Ijon,,"Penjualan hasil atau produk pertanian sebelum masa panen, dengan pemeliharaan berikutnya sampai dengan pemanenan menjadi tanggung jawab pembeli.",,,,,,,
K02357,,Ilmu Pengetahuan,,Gabungan berbagai pengetahuan yang disusun secara logis dan bersistem dengan memperhitungkan sebab dan akibat.,,,,,,,
K00583,,Imunisasi Dasar,,"Upaya peningkatan kekebalan seseorang secara aktif yang diberikan kepada bayi berusia kurang dari satu tahun terhadap penyakit:
a. hepatitis B;
b. poliomyelitis;
c. tuberkulosis;
d. difteri;
e. pertusis;
f. tetanus;
g. pneumonia dan meningitis yang disebabkan oleh  Hemophilus influenza tipe b (Hib); dan
h. campak.",,,,,,,
K00595,,Industri Manufaktur,,"Suatu kegiatan ekonomi yang melakukan kegiatan mengubah suatu barang dasar secara mekanis, kimia, atau dengan tangan sehingga menjadi barang jadi/setengah jadi, dan/atau barang yang kurang nilainya menjadi barang yang lebih tinggi nilainya, dan sifatnya lebih dekat kepada pemakai akhir, termasuk jasa penunjang dan pekerjaan perakitan (assembling).",,,,,,,
K00599,,Inflasi,,Kenaikan harga barang dan jasa secara umum dan terus-menerus dalam jangka waktu tertentu.,,,,,,,
K00600,,Informasi,,"Keterangan, pernyataan, gagasan, dan tanda-tanda yang mengandung nilai, makna, dan pesan, baik data, fakta maupun penjelasannya yang dapat dilihat, didengar, dan dibaca yang disajikan dalam berbagai kemasan dan format sesuai dengan perkembangan teknologi informasi dan komunikasi secara elektronik ataupun nonelektronik.",,,,,,,
K00601,,Informasi Publik,,"Informasi yang dihasilkan, disimpan, dikelola, dikirim, dan/atau diterima oleh suatu badan publik yang berkaitan dengan penyelenggara dan penyelenggaraan negara dan/atau badan publik lainnya yang sesuai dengan undang-undang serta informasi lain yang berkaitan dengan kepentingan publik.",,,,,,,
K00607,,Inovasi,,"Hasil pemikiran, penelitian, pengembangan, pengkajian,  dan/atau penerapan, yang mengandung unsur kebaruan dan telah diterapkan serta memberikan manfaat, ekonomi, dan/atau sosial.",,,,,,,
K02358,,Insiden Siber,,"Peristiwa pelanggaran terhadap kendali keamanan siber yang diterapkan baik pelanggaran terhadap kendali berupa kebijakan keamanan, pedoman/petunjuk, standar, maupun kendali teknis dan fisik.",,,,,,,
K00610,,Instalasi Pengolahan Air Baku,,Struktur kanal atau pipa tertutup yang dipersiapkan untuk menyalurkan limbah yang telah memenuhi standar  influent ke IPAL terpadu.,,,,,,,
K00611,,Instalasi Pengolahan Air Limbah (IPAL),,"Struktur yang dirancang untuk pembuangan limbah biologis dan kimiawi dari air, sehingga memungkinkan air tersebut dapat digunakan pada aktivitas lain.",,,,,,,
K00612,,Instalasi Pengolahan Lumpur Tinja (IPLT),,"Bangunan teknis beserta perlengkapannya yang digunakan untuk pengolahan air limbah, dan dirancang hanya menerima dan mengolah lumpur tinja yang berasal dari subsistem pengolahan setempat.",,,,,,,
K00614,,Instansi Pemerintah,,"Kementerian, lembaga, dan badan lain yang dibentuk berdasarkan  peraturan perundang-undangan baik di pusat maupun di daerah, atau pemerintah daerah yang fungsi dan tugasnya berkaitan dengan penyelenggaraan negara.",,,,,,,
K00618,,Internet,,Jaringan komunikasi elektronik yang menghubungkan jaringan komputer dan fasilitas komputer yang terorganisasi di seluruh dunia melalui telepon atau satelit.,,,,,,,
K00620,,Invensi,,"Ide inventor yang dituangkan ke dalam suatu kegiatan pemecahan masalah yang spesifik di bidang teknologi berupa produk atau proses, atau penyempurnaan dan pengembangan produk atau proses.",,,,,,,
K00622,,Investasi,,Penanaman uang atau modal dalam suatu perusahaan atau proyek untuk tujuan memperoleh keuntungan.,,,,,,,
K02359,,Irigasi,,"Usaha penyediaan, pengaturan, dan pembuangan air untuk menunjang pertanian.",,,,,,,
K00628,,Izin Edar,,"Izin yang diberikan kepada perusahaan untuk produk yang akan diimpor, digunakan dan/atau diedarkan di wilayah Republik Indonesia, berdasarkan penilaian terhadap mutu, keamanan, dan kemanfaatan.",,,,,,,
K00643,,Jabatan,,"Kedudukan yang menunjukkan fungsi, tugas, tanggung jawab, wewenang, dan hak seorang dalam suatu satuan organisasi.",,,,,,,
K00645,,Jabatan Fungsional,,Sekelompok jabatan yang berisi fungsi dan tugas berkaitan dengan pelayanan fungsional yang berdasarkan pada keahlian dan keterampilan tertentu.,,,,,,,
K01764,,Jabatan Manajerial,,"Manajer merencanakan, mengarahkan, mengkoordinasikan dan mengevaluasi kegiatan secara menyeluruh dari suatu perusahaan, pemerintahan, dan organisasi lainnya, atau dari unit organisasi di dalamnya, dan merumuskan dan meninjau kembali kebijakan, hukum, ketentuan dan peraturan-peraturan.",,,,,,,
K00652,,Jabatan Struktural,,"Kedudukan yang menunjukkan tugas, tanggung jawab, wewenang dan hak seseorang pegawai negeri dalam rangka memimpin suatu satuan organisasi.",,,,,,,
K02360,,Jaksa,,Pejabat di bidang hukum yang bertugas menyampaikan dakwaan atau tuduhan di dalam proses pengadilan terhadap orang yang diduga melanggar hukum.,,,,,,,
K00656,,Jalan,,Prasarana transportasi yang digunakan untuk lalu lintas orang (kendaraan dan sebagainya).,,,,,,,
K00663,,Jalan Tol,,Jalan bebas hambatan yang merupakan bagian sistem jaringan jalan dan sebagai jalan nasional yang penggunanya diwajibkan membayar sejumlah uang.,,,,,,,
K00667,,Jam Kerja,,Jangka waktu yang digunakan untuk bekerja/melakukan kegiatan usaha (tidak termasuk istirahat resmi) dimulai dari menyiapkan pekerjaan sampai selesai dalam sehari.,,,,,,,
K00677,,Jaminan Sosial,,Suatu bentuk perlindungan sosial untuk menjamin seluruh rakyat agar dapat memenuhi kebutuhan dasar hidupnya yang layak.,,,,,,,
K02361,,Jaringan Dokumentasi dan Informasi Hukum Nasional (JDIHN),,"Wadah pendayagunaan bersama atas dokumen hukum secara tertib, terpadu, dan berkesinambungan, serta merupakan sarana pemberian pelayanan informasi hukum secara lengkap, akurat, mudah, dan cepat.",,,,,,,
K00689,,Jaringan Serat Optik,,Jaringan telekomunikasi berbasis kabel serat optik yang terbuat dari kaca atau plastik yang sangat halus dan dapat digunakan untuk mentransmisikan sinyal cahaya dari suatu tempat ke tempat lain.,,,,,,,
K00691,,Jaringan Trayek,,Kumpulan rute atau lintasan yang menjadi satu kesatuan pelayanan angkutan penumpang dan/atau barang.,,,,,,,
K00697,,Jemaah Haji,,Warga negara Indonesia yang beragama Islam dan telah mendaftarkan diri untuk menunaikan ibadah haji sesuai dengan persyaratan yang ditetapkan.,,,,,,,
K00698,,Jembatan,,Jalan atau titian besar yang direntangkan di atas permukaan air dan/atau tanah.,,,,,,,
K00701,,Jembatan Udara,,"Pelaksanaan angkutan udara kargo dari bandar udara ke bandar udara lainnya dan/atau dari bandar udara ke bandar udara dengan menggunakan mekanisme kewajiban  pelayanan publik angkutan barang dari dan ke daerah tertinggal, terpencil, terluar, dan perbatasan.",,,,,,,
K00704,,Jenis Kelamin,,Pembedaan makhluk hidup secara fisiologis menurut jenis dan kemampuan organ reproduksi.,,,,,,,
K00709,,Kabupaten,,"Daerah swantara tingkat II yang dikepalai oleh bupati, setingkat dengan kota (madya) dan merupakan bagian langsung dari provinsi yang terdiri atas beberapa kecamatan.",,,,,,,
K00711,,Kalori,,Satuan yang digunakan untuk mengukur energi seperti halnya energi yang terkandung dalam makanan dan  minuman maupun energi yang digunakan untuk aktivitas fisik.,,,,,,,
K00712,,Kamar Hotel,,Kamar yang tersedia untuk tamu (yang sedang digunakan/terisi ataupun tidak terisi tamu).,,,,,,,
K02362,,Kapal Penangkap Ikan,,"Kapal perikanan yang digunakan untuk melakukan  penangkapan ikan, termasuk menampung, menyimpan, mendinginkan, dan/atau mengawetkan ikan, serta memiliki alat penangkapan ikan.",,,,,,,
K00724,,Kapasitas Terpasang,,Keluaran atau kemampuan maksimum.,,,,,,,
K02363,,Karakter,,"Sifat-sifat kejiwaan, akhlak atau budi pekerti yang membedakan seseorang dari yang lain; tabiat; watak.",,,,,,,
K01201,,Kargo,,"Muatan barang yang diangkut dengan kapal laut, pesawat udara, atau pengangkut lain.",,,,,,,
K00741,,Kaveling,,Bagian tanah yang sudah dipetak-petak dengan ukuran tertentu untuk bangunan atau tempat tinggal.,,,,,,,
K00745,,Kawasan Hutan,,"Wilayah tertentu, yang ditunjuk dan ditetapkan oleh pemerintah untuk dipertahankan keberadaannya sebagai hutan tetap.",,,,,,,
K00752,,Kawasan Industri,,Kawasan tempat pemusatan kegiatan industri yang dilengkapi dengan sarana dan prasarana penunjang yang dikembangkan dan dikelola oleh perusahaan.,,,,,,,
K00753,,Kawasan Konservasi,,"Kawasan yang mempunyai ciri khas tertentu sebagai suatu kesatuan ekosistem yang dilindungi, dilestarikan, dan dimanfaatkan secara berkelanjutan.",,,,,,,
K00759,,Kawasan Permukiman,,"Bagian dari lingkungan hidup di luar kawasan lindung, baik berupa kawasan perkotaan maupun perdesaan, yang berfungsi sebagai lingkungan tempat tinggal atau lingkungan hunian dan tempat kegiatan yang mendukung perikehidupan dan penghidupan.",,,,,,,
K00763,,Kawasan Sains dan Teknologi (Science and Technology Park),,"Wahana yang dikelola secara profesional untuk mengembangkan dan mendorong pertumbuhan ekonomi secara berkelanjutan melalui pengembangan, penerapan ilmu pengetahuan dan  teknologi, dan penumbuhan perusahaan pemula.",,,,,,,
K00764,,Kawasan Strategis Nasional (KSN),,"Wilayah yang penataan ruangnya diprioritaskan karena mempunyai pengaruh yang sangat penting secara nasional terhadap kedaulatan negara, pertahanan dan keamanan negara, ekonomi, sosial, budaya, dan lingkungan, termasuk wilayah yang telah ditetapkan sebagai  situs warisan dunia.",,,,,,,
K00765,,Kawasan Transmigrasi,,Kawasan yang memiliki fungsi sebagai permukiman dan tempat usaha masyarakat yang dikembangkan di kawasan pedesaan sebagai sistem produksi pertanian dan pengelolaan sumber daya alam.,,,,,,,
K02364,,Keamanan Siber,,"Perlindungan terhadap aset informasi dengan mengatasi risiko yang muncul akibat adanya ancaman terhadap aset informasi yang diproses, disimpan, dan dikirimkan melalui sistem informasi yang saling terhubung.",,,,,,,
K00788,,Kecamatan,,Daerah bagian kabupaten/kota yang membawahkan beberapa desa atau kelurahan dan dikepalai oleh seorang camat.,,,,,,,
K00789,,Kecelakaan,,Kejadian atau peristiwa yang menyebabkan orang celaka.,,,,,,,
K00791,,Kecelakaan Kerja,,"Kejadian yang tidak terduga dan tidak direncanakan, termasuk tindakan kekerasan yang timbul dari atau sehubungan dengan pekerjaan, baik dalam perjalanan kerja maupun di tempat kerja, yang mengakibatkan pekerja mengalami cedera, penyakit, atau kematian.",,,,,,,
K00793,,Kecelakaan Transportasi,,"Peristiwa yang menimpa pesawat udara, kapal, kereta api, kendaraan bermotor, dan alat transportasi lainnya yang dapat membahayakan dan/atau mengancam keselamatan manusia.",,,,,,,
K00803,,Kehamilan,,Masa ketika embrio atau janin (fetus) berkembang di dalam rahim seorang perempuan.,,,,,,,
K00804,,Kejahatan,,"Tindakan yang melanggar hukum dan norma-norma yang berlaku dalam suatu masyarakat yang dapat berdampak buruk bagi orang lain, masyarakat secara umum, atau lingkungan sekitar.",,,,,,,
K00809,,Kekerasan,,"Setiap perbuatan terhadap seseorang yang berakibat timbulnya kesengsaraan atau penderitaan secara fisik, psikis, seksual, dan/atau penelantaran, termasuk ancaman untuk melakukan perbuatan, pemaksaan, atau perampasan kemerdekaan secara melawan hukum.",,,,,,,
K00810,,Kekerasan dalam Rumah Tangga,,"Setiap perbuatan terhadap seseorang terutama perempuan, yang berakibat timbulnya kesengsaraan atau penderitaan secara fisik, seksual, psikologis dan/atau penelantaran rumah tangga termasuk ancaman untuk melakukan perbuatan pemaksaan atau perampasan kemerdekaan secara melawan hukum dalam lingkup rumah tangga.",,,,,,,
K00811,,Kekerasan Emosional,,Setiap perbuatan terhadap seseorang yang mengakibatkan timbulnya kesengsaraan atau penderitaan yang ditunjukkan,,,,,,,
K00812,,Kekerasan Fisik,,"Setiap perbuatan terhadap seseorang yang mengakibatkan timbulnya kesengsaraan atau penderitaan yang ditunjukkan dengan perilaku menonjok, menendang, mencambuk atau memukul dengan benda, mencekik, membekap, mencoba menenggelamkan atau membakar dengan sengaja, menggunakan atau mengancam dengan pisau atau senjata lain.",,,,,,,
K00813,,Kekerasan Seksual,,"Perilaku seksual yang berbahaya atau tidak diinginkan yang dikenakan kepada seseorang, dapat berupa pelecehan seksual
(sexual abuse), eksploitasi atau kekerasan seksual dengan hubungan (contact), dan eksploitasi seksual tanpa hubungan (non-contact).",,,,,,,
K00819,,Kelahiran Hidup,,"Kelahiran bayi yang pada waktu dilahirkan menunjukkan tanda-tanda kehidupan seperti bernafas, menangis, dan berdetaknya jantung, meskipun hanya muncul beberapa saat setelah kelahiran.",,,,,,,
K00824,,Kelautan,,"Hal yang berhubungan dengan laut dan/atau kegiatan di wilayah laut yang meliputi dasar laut dan tanah di bawahnya, kolom air dan permukaan laut, termasuk wilayah pesisir dan pulau-pulau kecil.",,,,,,,
K00826,,Kelompok Tani (Poktan),,"Kumpulan petani/peternak/pekebun yang dibentuk oleh para petani atas dasar kesamaan kepentingan, kesamaan kondisi lingkungan sosial, ekonomi, dan sumberdaya, kesamaan komoditas, dan keakraban untuk meningkatkan dan mengembangkan usaha anggota.",,,,,,,
K00829,,Keluarga,,"Seseorang atau sekelompok orang yang terdaftar dalam kartu keluarga (KK), kecuali mereka yang terdaftar tetapi tidak tinggal bersama keluarga tersebut, serta mereka yang tidak  memiliki KK, merujuk pada unit terkecil dalam masyarakat yang terdiri dari suami istri, atau suami, istri dan anaknya, atau ayah dan anaknya, atau ibu dan anaknya, atau keluarga sedarah dalam garis lurus ke atas atau ke bawah sampai dengan derajat ketiga.",,,,,,,
K00830,,Keluarga Berencana,,"Upaya mengatur kelahiran anak, jarak dan usia ideal melahirkan, mengatur kehamilan, melalui promosi, perlindungan, dan bantuan sesuai dengan hak reproduksi untuk mewujudkan keluarga yang berkualitas.",,,,,,,
K00831,,Keluarga Miskin,,"Keluarga yang mengalami kesulitan dalam pemenuhan kebutuhan dasar sehari-hari, meliputi kesulitan pangan (dari segi frekuensi, porsi, dan kecukupan gizi), kesulitan sandang, dan kesulitan perumahan (misal dari segi kelayakan).",,,,,,,
K00835,,Keluhan Kesehatan,,"Keadaan seseorang yang mengalami gangguan kesehatan atau kejiwaan, baik karena gangguan/penyakit yang sering dialami, seperti panas, batuk, pilek, diare, dan sakit kepala, maupun karena penyakit akut, penyakit kronis (meskipun selama sebulan terakhir tidak  mempunyai keluhan) karena kecelakaan, kriminalitas, atau keluhan kesehatan lainnya.",,,,,,,
K00836,,Kelurahan,,Daerah pemerintahan yang paling bawah yang dipimpin oleh seorang lurah.,,,,,,,
K00842,,Kematian Ibu/Maternal Mortality,,"Kematian perempuan pada saat hamil atau dalam kurun waktu 42 hari sejak terminasi kehamilan tanpa memandang lamanya kehamilan atau tempat persalinan, baik disebabkan oleh kehamilan maupun pengelolaannya, dan bukan disebabkan hal lain, seperti kecelakaan dan terjatuh.",,,,,,,
K00845,,Kematian/Mortalitas,,Keadaan menghilangnya tanda-tanda kehidupan secara permanen yang dapat terjadi pada seseorang yang telah mengalami kelahiran hidup.,,,,,,,
K00847,,Kemiskinan,,Suatu situasi saat seseorang tidak dapat atau tidak mampu memenuhi kebutuhan dasar minimum yang diperlukan untuk hidup layak dan bermartabat.,,,,,,,
K00851,,Kemitraan,,"Kerja sama dalam keterkaitan usaha, baik langsung maupun tidak langsung, atas dasar prinsip saling memerlukan, mempercayai, memperkuat, dan menguntungkan.",,,,,,,
K00853,,Kendaraan Bermotor,,Setiap kendaraan yang digerakkan oleh peralatan mekanik berupa mesin selain kendaraan yang berjalan di atas rel.,,,,,,,
K00859,,Kepala Rumah Tangga,,Orang yang bertanggung jawab atas pengelolaan makan/minum dan pemenuhan kebutuhan sehari-hari seseorang atau sekumpulan orang yang biasanya tinggal bersama dalam suatu bangunan (biasanya satu keluarga).,,,,,,,
K00860,,Kepariwisataan,,"Keseluruhan kegiatan yang terkait dengan pariwisata dan bersifat multidimensi serta multidisiplin yang muncul sebagai wujud kebutuhan setiap orang dan negara serta interaksi antara wisatawan dan masyarakat setempat, sesama wisatawan, Pemerintah, Pemerintah Daerah, dan pengusaha.",,,,,,,
K00864,,Kepemilikan Aset atau Dokumen,,"Perihal kepemilikan terhadap suatu aset atau dokumen, baik dilengkapi dengan  bukti kepemilikan maupun tidak, yang
berada dalam penguasaan seseorang atau usaha/perusahaan, termasuk di dalamnya aset atau dokumen yang masih dalam proses kredit, sedang digadaikan, atau digunakan oleh orang lain.",,,,,,,
K00872,,Kepunahan,,Perihal habisnya suatu makhluk hidup hingga tidak ada sisanya.,,,,,,,
K00881,,Kerawanan Pangan,,"Kondisi suatu daerah, masyarakat atau rumah tangga yang tingkat ketersediaan dan keamanan pangannya tidak cukup untuk memenuhi standar kebutuhan fisiologi bagi pertumbuhan dan kesehatan sebagian masyarakat.",,,,,,,
K00882,,Kerawanan Pemilu,,Segala hal yang berpotensi mengganggu atau menghambat proses pemilu yang demokratis.,,,,,,,
K00893,,Kerukunan Umat Beragama,,"Keadaan hubungan sesama umat beragama yang dilandasi toleransi, saling pengertian, saling  menghormati, menghargai kesetaraan dalam pengamalan ajaran agamanya dan kerjasama dalam kehidupan bermasyarakat, berbangsa dan bernegara di dalam Negara Kesatuan Republik Indonesia berdasarkan Pancasila dan Undang-undang Dasar.",,,,,,,
K00894,,Kesakitan/Morbiditas,,"Kondisi seseorang dikatakan sakit, apabila keluhan kesehatan yang dirasakan menyebabkan terganggunya aktivitas sehari- hari yaitu tidak dapat melakukan kegiatan bekerja, mengurus rumah tangga, dan kegiatan normal sebagaimana biasanya.",,,,,,,
K00895,,Kesalahan Cakupan,,"Kesalahan dalam mencakup unit pengumpulan data yang timbul karena kelalaian petugas, ketidakjelasan batas wilayah, atau pun kriteria unit.",,,,,,,
K00896,,Kesalahan Isian,,"Kesalahan yang timbul dalam pelaporan atau pencatatan respons/jawaban responden saat pengumpulan data yang dapat disebabkan kesalahan dalam memahami pertanyaan dalam kuesioner, kekurangcermatan petugas memahami jawaban responden, atau terganggunya ingatan  (memory lapse) responden untuk menjawab dengan benar karena jeda waktu yang terlalu lama.",,,,,,,
K00898,,Kesatuan Pengelolaan Hutan (KPH),,"Wilayah pengelolaan hutan sesuai fungsi pokok dan peruntukannya, yang dapat dikelola secara efisien dan lestari.",,,,,,,
K00907,,Kesejahteraan Sosial,,"Kondisi terpenuhinya kebutuhan material, spiritual, dan sosial  warga negara agar dapat hidup layak dan mampu mengembangkan diri, sehingga dapat melaksanakan fungsi sosialnya.",,,,,,,
K00016,,Keselamatan dan Kesehatan Kerja (K- 3),,Segala kegiatan untuk menjamin dan melindungi keselamatan dan kesehatan tenaga kerja melalui upaya pencegahan kecelakaan kerja dan penyakit akibat bekerja.,,,,,,,
K00908,,Kesetaraan Gender,,Hak yang semestinya didapatkan agar laki-laki dan perempuan memperoleh kesempatan yang sama untuk berperan dan ikut berpartisipasi dalam setiap aspek kehidupan.,,,,,,,
K00909,,Kesetaraan Kelompok Rentan,,"Tidak adanya pembedaan perlakuan pada para pengungsi, kaum minoritas, masyarakat adat, pekerja migran, anak, fakir miskin, disabilitas, lansia, dan lain lain.",,,,,,,
K00911,,Kesetaraan Ras dan Etnis,,"Tidak adanya pembedaan, pengecualian, pembatasan, atau pemilihan berdasarkan pada ras dan etnis, yang  mengakibatkan pencabutan atau pengurangan pengakuan, perolehan, atau pelaksanaan hak asasi manusia dan kebebasan dasar dalam suatu kesetaraan di bidang sipil, politik, ekonomi, sosial, dan budaya.",,,,,,,
K02365,,Ketahanan Bangunan,,"Daya tahan suatu bangunan yang ditinjau dari bahan bangunan atap, dinding, dan lantai terluas yang memenuhi syarat sehingga dapat berdiri dan ditempati secara aman untuk jangka waktu lama.",,,,,,,
K00914,,Ketahanan Pangan,,"Kondisi terpenuhinya pangan bagi negara sampai dengan dengan perseorangan yang tercermin dari tersedianya pangan yang cukup, baik jumlah maupun mutunya, aman, beragam, bergizi, merata dan terjangkau, serta tidak bertentangan dengan agama, keyakinan, dan budaya masyarakat untuk dapat hidup sehat, aktif dan produktif secara berkelanjutan.",,,,,,,
K00915,,Ketenagakerjaan,,"Segala hal yang berhubungan dengan tenaga kerja pada waktu sebelum, selama, dan sesudah masa kerja.",,,,,,,
K00922,,Ketergantungan Sosial,,Perihal hubungan sosial seseorang yang tergantung kepada orang lain atau masyarakat.,,,,,,,
K00930,,Ketidakcukupan Konsumsi Pangan/Undernourishment,,"Kondisi seseorang secara reguler mengonsumsi sejumlah makanan yang tidak cukup menyediakan energi yang dibutuhkan untuk hidup sehat, aktif dan produktif sesuai dengan standar energi minimum yang dibutuhkan menurut umur, jenis kelamin dan tinggi badan.",,,,,,,
K00932,,Kewarganegaraan,,Segala hal ihwal yang berhubungan dengan warga negara.,,,,,,,
K01754,,Klinik,,Fasilitas pelayanan  kesehatan yang menyelenggarakan pelayanan kesehatan perorangan yang menyediakan pelayanan medis dasar dan/atau spesialistis.,,,,,,,
K00938,,Kloset,,"Tempat buang air besar, dapat terbuat dari porselen atau lainnya dan dipasang di dalam kamar kecil.",,,,,,,
K00942,,Koleksi Perpustakaan,,"Semua informasi dalam bentuk karya tulis, karya cetak, dan/atau karya rekam dalam berbagai media yang mempunyai nilai pendidikan, yang dihimpun, diolah, dan dilayankan.",,,,,,,
K00951,,Kompetensi Sosial Kultural,,"Pengetahuan, keterampilan, dan sikap/perilaku yang dapat diamati, diukur, dan dikembangkan terkait dengan pengalaman berinteraksi dengan masyarakat majemuk dalam hal agama, suku dan budaya, perilaku, wawasan kebangsaan, etika, nilai-nilai, moral, emosi dan prinsip, yang harus dipenuhi oleh setiap pemegang jabatan untuk memperoleh hasil kerja sesuai dengan peran, fungsi dan jabatan.",,,,,,,
K00952,,Kompetensi Teknis,,"Pengetahuan, keterampilan, dan sikap/perilaku yang dapat diamati, diukur, dan dikembangkan yang spesiflk berkaitan dengan bidang teknis jabatan.",,,,,,,
K00955,,Komputer,,"Alat elektronik otomatis yang dapat menghitung atau mengolah data secara cermat menurut instruksi, dan memberikan hasil pengolahan, serta dapat menjalankan sistem multimedia (film, musik, televisi, faksimile, dan sebagainya), biasanya terdiri atas unit pemasukan, unit pengeluaran, unit penyimpanan, serta unit pengontrolan.",,,,,,,
K00957,,Komuter,,Penduduk yang melakukan perjalanan rutin pergi dan pulang setiap hari antara tempat tinggal dan tempat kegiatan yang berbeda wilayah administrasi.,,,,,,,
K00960,,Kondisi Membahayakan Manusia,,"Keadaan yang disebabkan suatu peristiwa yang menimpa, membahayakan, dan/atau mengancam keselamatan manusia, selain kecelakaan dan bencana.",,,,,,,
K00959,,Kondisi Usaha,,Keadaan baik atau lancar dan  tersendatnya perjalanan usaha.,,,,,,,
K00962,,Konflik Sosial,,Perseteruan dan/atau benturan fisik dengan kekerasan antara dua kelompok masyarakat atau lebih yang berlangsung dalam waktu tertentu dan berdampak luas yang mengakibatkan ketidakamanan dan disintegrasi sosial sehingga mengganggu stabilitas nasional dan menghambat pembangunan nasional.,,,,,,,
K00695,,Konstruksi,,"Segala sesuatu yang berhubungan dengan pembangunan, perbaikan, penambahan, maupun perubahan suatu bangunan.",,,,,,,
K00970,,Kontrasepsi,,"Cara mencegah  kehamilan dengan menggunakan alat/obat pencegah kehamilan seperti spiral, kondom, pil anti hamil, dll atau dengan metode alami yang dipercaya dapat mencegah kehamilan seperti pantang berkala, senggama terputus, metode menyusui alami, dan lainnya.",,,,,,,
K00973,,Koperasi,,Perserikatan yang bertujuan memenuhi keperluan para anggotanya dengan cara menjual barang keperluan sehari-hari dengan harga murah (tidak bermaksud mencari untung).,,,,,,,
K00974,,Korban,,"Orang yang mengalami penderitaan, meninggal dunia, atau hilang akibat kecelakaan, bencana, tindak kejahatan, dan/atau kondisi membahayakan manusia.",,,,,,,
K00985,,Korupsi,,"Perbuatan memperkaya diri sendiri, orang lain, atau korporasi secara melawan hukum yang merugikan keuangan negara dan perekonomian negara.",,,,,,,
K00988,,Kosmetik,,"Bahan atau sediaan yang dimaksudkan untuk digunakan pada bagian luar tubuh manusia, seperti epidermis, rambut, kuku, bibir, organ genital bagian luar, gigi, dan membran mukosa mulut, terutama untuk membersihkan, mewangikan, mengubah penampilan, memperbaiki bau badan, atau melindungi dan memelihara tubuh pada kondisi baik.",,,,,,,
K00989,,Kota,,"Daerah swantara tingkat II yang dikepalai oleh wali kota, setingkat dengan kabupaten dan merupakan bagian langsung dari provinsi.",,,,,,,
K00991,,Kredit,,Pinjaman uang dengan  pembayaran pengembalian secara mengangsur.,,,,,,,
K01234,,Kredit Bermasalah atau Pembiayaan Bermasalah/Nonperforming Loans,,"Kredit atau pembiayaan yang pembayaran pengembaliannya kurang lancar, diragukan, dan macet kepada pihak ketiga bukan bank.",,,,,,,
K00818,,Kurang Gizi,,Kegagalan seseorang untuk mencapai berat badan yang ideal karena tidak terpenuhinya energi dan zat-zat gizi yang diperlukan tubuh.,,,,,,,
K01011,,Kursus,,"Penyelenggaraan pendidikan nonformal yang mempunyai kurikulum tertentu pada jangka waktu tertentu dan  tempat tertentu yang dikelola oleh suatu lembaga atau yayasan, atau pelajaran tentang suatu pengetahuan atau keterampilan yang diberikan dalam waktu singkat.",,,,,,,
K01012,,Kusta,,Penyakit menahun yang disebabkan oleh bakteri  Mycobacterum leprae yang menyerang kulit dan saraf yang secara perlahan-lahan menyebabkan kerusakan pada anggota tubuh.,,,,,,,
K01019,,Lahan,,"Bagian daratan dari permukaan bumi sebagai suatu lingkungan fisik yang meliputi tanah beserta segenap faktor yang mempengaruhi penggunaannya seperti iklim, relief, aspek geologi, dan hidrologi yang terbentuk secara alami maupun akibat pengaruh manusia.",,,,,,,
K01031,,Lahan Kritis,,"Lahan yang tidak mampu lagi berperan sebagai unsur produksi pertanian, baik sebagai media pengatur tata air maupun sebagai perlindungan alam lingkungan.",,,,,,,
K01036,,Lahan Pertanian/Agricultural Land,,Lahan yang digunakan untuk mengusahakan tanaman pangan dan memelihara ternak.,,,,,,,
K01044,,Lahan Terbangun,,Area tidak bervegetasi yang memiliki tutupan lahan buatan yang biasanya bersifat kedap air dan  relatif permanen.,,,,,,,
K01049,,Lalu Lintas,,"Perhubungan antara sebuah tempat dengan tempat yang lain (dengan jalan pelayaran, kereta api, dan sebagainya).",,,,,,,
K01056,,Lantai,,"Bagian bawah/dasar/alas suatu ruangan, baik terbuat dari marmer/granit, keramik, parket/vinil/karpet, ubin/tegel/teraso, kayu/papan, semen/bata merah, bambu, tanah, dan lainnya.",,,,,,,
K01058,,Lapangan Usaha,,"Bidang kegiatan dari suatu usaha/perusahaan, yang didasarkan pada: 1. aktivitas dengan nilai produksi/pendapatan terbesar; 2. jika nilai  produksi/pendapatan besarnya sama, aktivitas utama ditentukan dari volume produksi/penjualan terbesar; 3. jika nilai produksi/pendapatan dan volume produksi/penjualan sama, aktivitas usaha ditentukan dari waktu terbanyak yang digunakan; 4. jika nilai produksi/pendapatan, volume, dan waktunya sama, aktivitas usaha ditentukan dari pernyataan responden.",,,,,,,
K01063,,Laut,,Ruang perairan di muka bumi yang menghubungkan daratan dengan daratan dan bentuk-bentuk alamiah lainnya yang merupakan kesatuan geografis dan ekologis beserta segenap unsur terkait dan yang batas dan sistemnya ditentukan oleh peraturan perundang-undangan dan hukum internasional.,,,,,,,
K02366,,Lembaga,,Badan (organisasi) yang tujuannya melakukan suatu penyelidikan keilmuan atau melakukan suatu usaha.,,,,,,,
K01071,,Lembaga Eksekutif,,Lembaga dalam suatu sistem pemerintahan yang bertugas untuk menjalankan undang-undang.,,,,,,,
K01077,,Lembaga Legislatif,,Lembaga dalam sistem pemerintahan yang berwenang membuat undang-undang.,,,,,,,
K01093,,Lereng,,Wilayah yang memiliki  perbedaan elevasi atau ketinggian dengan wilayah di sekitarnya  -5 hingga 30 meter di atas permukaan laut.,,,,,,,
K01097,,Limbah,,"Bahan/barang sisa atau bekas dari suatu kegiatan dan/atau proses produksi yang fungsinya sudah berubah dari aslinya, termasuk sampah, kecuali yang dapat dimakan atau diminum oleh manusia  dan/atau hewan.",,,,,,,
K01105,,Lingkungan Hidup,,"Kesatuan ruang dengan semua benda, daya, keadaan, dan makhluk hidup, termasuk manusia dan perilakunya, yang memengaruhi peri kehidupan dan kesejahteraan manusia serta makhluk hidup lain.",,,,,,,
K01111,,Listrik,,"Daya atau kekuatan yang ditimbulkan oleh adanya pergesekan atau melalui proses kimia, dapat digunakan untuk menghasilkan panas atau cahaya, atau untuk menjalankan mesin.",,,,,,,
K01112,,Literasi,,"Kemampuan mengidentifikasi, memahami, menafsirkan, menciptakan, berkomunikasi, menghitung, serta menggunakan bahan cetak dan tertulis yang terkait dengan berbagai konteks.",,,,,,,
K01115,,Logistik,,"Bagian dari rantai pasok/supply chain  yang menangani arus barang, arus informasi dan arus uang melalui proses pengadaan/procurement, penyimpanan/warehousing, transportasi/transportation, distribusi/distribution, dan pelayanan pengantaran/delivery services sesuai dengan jenis, kualitas, jumlah, waktu dan tempat yang dikehendaki konsumen, secara aman, efektif dan efisien, mulai dari titik asal/point of origin sampai dengan titik tujuan/point of destination.",,,,,,,
K01119,,Lowongan Pekerjaan,,"Kebutuhan tenaga kerja dengan jumlah dan persyaratan tertentu untuk mengisi jabatan/jenis pekerjaan yang tersedia dari pemberi kerja, baik di dalam maupun di luar hubungan kerja.",,,,,,,
K01131,,Makanan,,"Segala zat, baik mentah maupun yang telah diproses, yang dimaksudkan untuk konsumsi manusia; termasuk minuman dan zat yang digunakan dalam pembuatannya, termasuk bahan yang telah rusak dan karenanya tidak lagi layak untuk dikonsumsi manusia, tetapi tidak termasuk kosmetik, tembakau, atau zat yang hanya digunakan sebagai obat.",,,,,,,
K01133,,Malaria,,"Penyakit infeksi yang banyak dijumpai di daerah tropis, disertai gejala demam dan turun naiknya suhu yang tidak teratur, ditularkan oleh nyamuk anofeles.",,,,,,,
K01137,,Maritim,,"Hal yang berhubungan dengan laut dan/atau kegiatan di wilayah laut yang meliputi dasar laut dan tanah di bawahnya, kolom air dan permukaan laut, termasuk wilayah pesisir dan pulau-pulau.",,,,,,,
K01287,,Materi Partikulat/Particulate Matter,,"Partikel udara yang sangat kecil atau halus, misalnya debu dan asap.",,,,,,,
K01152,,Mediasi,,Proses pengikutsertaan pihak ketiga dalam  penyelesaian suatu perselisihan sebagai penasihat.,,,,,,,
K01153,,Mediator,,"Orang atau pihak yang menjadi penengah dalam perselisihan, perbantahan, dan sebagainya; atau penghubung, misalnya dalam perundingan.",,,,,,,
K01824,,Melahirkan/Kelahiran,,"Proses keluarnya janin dari dalam kandungan ibu ke dunia, mulai dari timbulnya tanda-tanda kelahiran, seperti rasa mulas yang berangsur-angsur semakin sering, semakin lama, dan semakin kuat; rahim terasa kencang; keluarnya lendir bercampur darah dari jalan lahir (vagina);  keluarnya cairan ketuban yang berwarna jernih kekuningan dari jalan lahir; dan merasa seperti mau buang air besar bila bayi akan lahir; hingga proses keluarnya bayi, pemotongan tali pusat, dan keluarnya plasenta.",,,,,,,
K01154,,Melek Huruf/Aksara,,Kondisi seseorang yang memiliki kemampuan membaca dan menulis kalimat sederhana dengan huruf latin  dan/atau huruf lainnya.,,,,,,,
K02367,,Mengulang Kelas,,Peserta didik yang belum mencapai kriteria ketuntasan minimal (KKM) dan harus mengulang pembelajaran pada tingkat pendidikan dan satuan pendidikan yang sama dengan tahun ajaran sebelumnya.,,,,,,,
K01173,,Merokok,,Aktivitas membakar tembakau maupun cerutu kemudian menghisap asapnya baik menggunakan rokok maupun pipa; setiap hari maupun kadang-kadang.,,,,,,,
K01175,,Mesin Produksi,,"Perkakas untuk menggerakkan atau membuat sesuatu yang dijalankan dengan roda, digerakkan oleh tenaga manusia atau motor penggerak, dan menggunakan bahan bakar minyak atau tenaga alam, yang digunakan dalam proses produksi.",,,,,,,
K01177,,Metode Pembelajaran,,Cara-cara yang dilakukan untuk menyampaikan atau menanamkan pengetahuan kepada peserta didik melalui sebuah kegiatan belajar mengajar.,,,,,,,
K01180,,Migran,,Penduduk yang melakukan perpindahan tempat tinggal melewati batas wilayah administratif dan telah tinggal atau bermaksud tinggal satu tahun atau lebih.,,,,,,,
K01182,,Migran Risen,,Seseorang yang wilayah tempat tinggalnya berbeda dengan wilayah tempat tinggalnya  lima tahun yang lalu.,,,,,,,
K01183,,Migran Seumur Hidup,,Orang yang tinggal di daerah yang bukan tempat kelahirannya.,,,,,,,
K00089,,Minuman Keras,,Minuman beralkohol yang dapat menyebabkan peminumnya mabuk dan hilang kesadaran.,,,,,,,
K01197,,Modal,,"Harta benda, baik uang maupun barang, yang dapat dipergunakan untuk menghasilkan sesuatu yang menambah kekayaan dan sebagainya.",,,,,,,
K02204,,Modal Inti,,"Modal atau cadangan langsung yang dapat digunakan bank untuk mendanai aktivitasnya atau menjalankan fungsinya, yang terdiri dari modal inti utama (common equity tier 1) dan modal inti tambahan (additional tier 1).",,,,,,,
K01200,,Mogok Kerja,,Tindakan pekerja/buruh yang direncanakan dan dilaksanakan secara bersama-sama oleh serikat pekerja/serikat buruh untuk menghentikan atau memperlambat pekerjaan.,,,,,,,
K02368,,Muka Laut atau Permukaan Laut,,Bidang rata di atas suatu kumpulan air asin (dalam jumlah banyak dan luas) yang menggenangi dan membagi daratan atas benua atau pulau.,,,,,,,
K01202,,Musyawarah,,Pembahasan bersama dengan maksud mencapai keputusan atas penyelesaian masalah.,,,,,,,
K01206,,Narapidana,,Orang yang sedang menjalani hukuman karena tindak pidana.,,,,,,,
K01208,,Narkotika,,"Zat atau obat, termasuk yang berasal dari tanaman, yang dapat menyebabkan penurunan atau perubahan kesadaran, menyebabkan mati rasa, mengurangi sampai menghilangkan rasa nyeri, dan menimbulkan ketergantungan.",,,,,,,
K01210,,Naskah Kuno,,"Semua dokumen tertulis yang tidak dicetak atau tidak diperbanyak dengan cara lain, baik yang berada di dalam negeri maupun di luar negeri yang berumur sekurang-kurangnya 50 tahun, dan yang mempunyai nilai penting bagi kebudayaan nasional, sejarah, dan ilmu pengetahuan.",,,,,,,
K01212,,Negara,,"Organisasi dalam suatu wilayah yang mempunyai kekuasaan tertinggi yang sah dan ditaati oleh rakyat, mempunyai kesatuan politik, dan berdaulat sehingga berhak menentukan tujuan nasionalnya.",,,,,,,
K02369,,Netralitas,,Tidak berpihak pada  segala bentuk pengaruh manapun dan tidak memihak pada kepentingan tertentu.,,,,,,,
K01228,,Nilai Tambah,,"Nilai ekonomi yang ditambahkan ke suatu produk atau jasa yang ditawarkan kepada konsumen, diperoleh dari selisih antara nilai  output dan biaya  intermediate input (biaya antara).",,,,,,,
K01229,,Nomor Induk Kependudukan (NIK),,"Nomor identitas penduduk yang bersifat unik atau khas, tunggal, dan melekat pada seseorang yang terdaftar sebagai
penduduk Indonesia yang tercantum pada berbagai dokumen kependudukan seperti KTP, Kartu Keluarga (KK), akta kelahiran, dan dokumen kependudukan lainnya.",,,,,,,
K01237,,Notifikasi Kosmetik,,Persetujuan yang diberikan oleh kepala badan yang berwenang dalam pengawasan obat dan makanan terhadap pemberitahuan dari pelaku usaha untuk  mengedarkan kosmetik di wilayah Indonesia setelah pelaku usaha memenuhi persyaratan pengajuan permohonan izin edar kosmetik.,,,,,,,
K01238,,Obat,,"Bahan atau paduan bahan, termasuk produk biologi, yang digunakan untuk mempengaruhi atau menyelidiki sistem fisiologi atau keadaan patologi dalam rangka penetapan diagnosis, pencegahan, penyembuhan, pemulihan, peningkatan kesehatan, dan kontrasepsi untuk manusia atau hewan.",,,,,,,
K01245,,Obat Bahan Alam,,"Bahan, ramuan bahan, atau produk yang berasal dari sumber daya alam berupa tumbuhan, hewan, jasad renik, mineral, bahan lain dari sumber daya alam, atau campuran dari bahan tersebut yang telah digunakan secara turun temurun, atau sudah dibuktikan berkhasiat, aman, dan bermutu, dan dapat digunakan untuk pemeliharaan kesehatan, peningkatan kesehatan, pencegahan penyakit, pengobatan, dan/atau pemulihan kesehatan berdasarkan pembuktian secara empiris dan/atau ilmiah.",,,,,,,
K01246,,Obesitas,,Penyakit kronis dengan ciri-ciri timbunan lemak tubuh yang berlebih (eksesif).,,,,,,,
K01253,,Olahraga,,"Segala kegiatan yang melibatkan pikiran, raga, dan jiwa secara terintegrasi dan sistematis untuk mendorong, membina, serta mengembangkan potensi jasmani, rohani, sosial, dan budaya.",,,,,,,
K01255,,Omzet,,Uang hasil penjualan barang (dagangan) tertentu selama suatu masa jual berupa pendapatan kotor yang belum dikurangi pembayaran beban atau biaya-biaya lainnya dalam bisnis.,,,,,,,
K01055,,Orang Lanjut Usia (Lansia),,Seseorang yang telah mencapai usia 60 tahun ke atas.,,,,,,,
K01263,,Organisasi,,"Suatu sistem perserikatan antara dua orang atau lebih yang bekerjasama secara terencana, terpadu dan terarah untuk mencapai tujuan tertentu, baik formal (berbadan hukum) maupun tidak, serta biasanya dibingkai dalam suatu keanggotaan dan kepengurusan (memiliki ketua, sekretaris dan bendahara) dan memiliki aturan-aturan tertentu.",,,,,,,
K01264,,Organisasi Internasional,,Organisasi antar pemerintah yang diakui sebagai subjek hukum internasional dan mempunyai kapasitas untuk membuat perjanjian internasional.,,,,,,,
K01276,,Pajak,,"Pungutan wajib, biasanya berupa uang yang harus dibayar oleh penduduk sebagai sumbangan wajib kepada negara atau pemerintah sehubungan dengan pendapatan, pemilikan, harga beli barang, dan sebagainya.",,,,,,,
K01280,,Palawija,,"Tanaman selain padi yang biasa ditanam di sawah atau di ladang/tegalan, seperti jagung, kedelai, kacang, ubi kayu, dan ubi jalar.",,,,,,,
K01282,,Panen,,Pemungutan (pemetikan) hasil sawah atau ladang.,,,,,,,
K01283,,Pangan Olahan,,Makanan atau minuman hasil proses dengan cara atau metode tertentu dengan  atau tanpa bahan tambahan.,,,,,,,
K01289,,Partisipasi Sekolah,,"Keikutsertaan penduduk dalam pendidikan, baik pada jenjang pendidikan dasar, menengah, dan tinggi, maupun pendidikan yang setara.",,,,,,,
K01291,,Pasar,,"Lembaga ekonomi tempat bertemunya pembeli dan penjual, baik secara langsung maupun tidak langsung, untuk melakukan transaksi perdagangan.",,,,,,,
K01297,,Paten,,Hak eksklusif yang diberikan oleh negara kepada inventor atas hasil invensinya di bidang teknologi untuk jangka waktu tertentu melaksanakan sendiri invensi tersebut atau memberikan persetujuan kepada pihak lain untuk melaksanakannya.,,,,,,,
K01300,,Pegawai Negeri Sipil (PNS),,Warga negara Indonesia yang memenuhi syarat tertentu dan diangkat sebagai aparatur sipil negara (ASN) secara tetap untuk menduduki jabatan pemerintahan.,,,,,,,
K01301,,Pegawai Pemerintah dengan Perjanjian Kerja (PPPK),,Warga negara Indonesia yang memenuhi syarat tertentu yang diangkat berdasarkan perjanjian kerja untuk jangka waktu tertentu dalam rangka melaksanakan tugas pemerintahan.,,,,,,,
K01306,,Pekerja,,Setiap orang yang bekerja dengan menerima upah atau imbalan dalam bentuk lain.,,,,,,,
K02166,,Pekerja Mandiri/Wirausaha,,"Pekerja yang mempunyai sikap, semangat, perilaku, dan kemampuan untuk melakukan atau menangani kegiatan atau usaha yang dapat menciptakan lapangan pekerjaan dan memberikan penghasilan bagi dirinya sendiri atau orang lain.",,,,,,,
K01310,,Pekerja Migran Indonesia,,"Setiap warga negara Indonesia yang akan, sedang, atau telah melakukan pekerjaan dengan menerima upah di luar wilayah Republik Indonesia.",,,,,,,
K01315,,Pekerja Setengah Penganggur,,"Penduduk usia kerja yang bekerja selama kurang dari jam kerja normal, yaitu kurang dari 35 jam seminggu, dan masih mencari pekerjaan atau masih bersedia menerima pekerjaan (dahulu disebut setengah penganggur terpaksa).",,,,,,,
K01317,,Pekerja Tetap,,"Pekerja yang mendapatkan upah/gaji secara tetap, tidak tergantung pada kehadiran, dan apabila diberhentikan biasanya mendapat pesangon (termasuk pemilik).",,,,,,,
K01318,,Pekerja Tidak Tetap/Harian,,"Pekerja dibayar yang tidak terikat secara tetap dengan perusahaan/usaha, mereka hanya bekerja selama pekerjaan/proyek dan setelah selesai maka secara otomatis mereka tidak mempunyai hubungan kerja.",,,,,,,
K01320,,Pekerjaan,,Pencaharian yang dijadikan sebagai pokok penghidupan.,,,,,,,
K01321,,Pelabuhan,,"Tempat yang terdiri dari daratan dan perairan di sekitarnya dengan batas-batas tertentu sebagai tempat kegiatan pemerintahan dan kegiatan ekonomi yang dipergunakan sebagai tempat kapal bersandar, berlabuh, naik turun penumpang, dan/atau bongkar muat barang yang dilengkapi dengan fasilitas keselamatan pelayaran dan kegiatan penunjang pelabuhan serta sebagai tempat perpindahan intra dan antarmoda transportasi.",,,,,,,
K00312,,Pelaku Rawat/Caregiver,,Orang yang memberikan perawatan kepada seseorang yang  membutuhkan pertolongan untuk mengurus dirinya.,,,,,,,
K01337,,Pelaku Usaha,,Perseorangan atau badan usaha yang melakukan kegiatan pada bidang tertentu dengan tujuan memperoleh keuntungan.,,,,,,,
K01340,,Pelanggaran,,Tindakan yang bertentangan dengan ketentuan yang  berlaku.,,,,,,,
K01354,,Pelatihan,,"Kegiatan pengembangan sumber daya manusia untuk meningkatkan pengetahuan, keterampilan, maupun sikap sesuai kompetensi.",,,,,,,
K01358,,Pelaut,,Setiap orang yang mempunyai kualifikasi keahlian atau keterampilan sebagai awak kapal dan memenuhi sertifikat  basic safety training.,,,,,,,
K01359,,Pelayanan Antenatal,,Pelayanan kesehatan yang diberikan kepada ibu hamil sesuai standar kuantitas dan kualitas baik dengan mengunjungi atau dikunjungi oleh tenaga kesehatan.,,,,,,,
K01361,,Pelayanan Kesehatan,,"Setiap upaya yang diselenggarakan secara sendiri atau bersama-sama dalam suatu organisasi untuk memelihara dan meningkatkan kesehatan, mencegah dan menyembuhkan penyakit serta memulihkan kesehatan perseorangan, keluarga, kelompok dan/ataupun masyarakat",,,,,,,
K01364,,Pelayanan Masa Sebelum Hamil,,"Setiap kegiatan dan/atau serangkaian kegiatan yang ditujukan pada perempuan sejak saat remaja hingga saat sebelum
hamil dalam rangka menyiapkan perempuan untuk menjalani kehamilan yang sehat. Pelayanan ini juga ditujukan kepada laki-laki karena kesehatan laki-laki juga dapat mempengaruhi kesehatan reproduksi perempuan.",,,,,,,
K01365,,Pelayanan Neonatal,,Pelayanan kesehatan untuk bayi baru lahir sesuai standar kuantitas dan standar kualitas baik dengan mengunjungi atau dikunjungi oleh tenaga kesehatan.,,,,,,,
K01368,,Pelayanan Publik,,"Kegiatan atau rangkaian kegiatan dalam rangka pemenuhan kebutuhan pelayanan sesuai dengan peraturan perundang- undangan bagi setiap warga negara dan penduduk atas barang, jasa, dan/atau pelayanan administratif.",,,,,,,
K01373,,Pemagangan,,"Bagian dari sistem pelatihan kerja yang diselenggarakan secara terpadu antara pelatihan di lembaga pelatihan dengan bekerja secara langsung di bawah bimbingan dan pengawasan instruktur atau pekerja/buruh yang lebih  berpengalaman, dalam proses produksi barang dan/atau jasa di perusahaan, dalam rangka menguasai keterampilan atau keahlian tertentu.",,,,,,,
K01379,,Pemasaran,,"Proses, cara, perbuatan memasarkan suatu barang dagangan.",,,,,,,
K00936,,Pemasyarakatan,,"Proses, cara, perbuatan memasukkan seseorang ke dalam masyarakat atau menjadikan seseorang sebagai anggota masyarakat.",,,,,,,
K01384,,Pembangunan,,"Proses, cara, perbuatan membangun.",,,,,,,
K00472,,Pembangunan Gender,,"Upaya untuk menciptakan kondisi agar semua orang, tanpa memandang jenis  kelamin atau identitas gender mereka, memiliki hak, kesempatan, dan perlakuan yang adil dalam berbagai aspek kehidupan.",,,,,,,
K01386,,Pembangunan Manusia,,"Pembangunan potensi individu dan masyarakat yang bertujuan untuk meningkatkan kualitas hidup dengan menjamin ketersediaan pada akses kebutuhan dasar manusia, seperti kesehatan, pendidikan, dan layanan sosial.",,,,,,,
K02370,,Pembangunan Nasional,,"Rangkaian upaya pembangunan yang berkesinambungan yang meliputi seluruh aspek kehidupan masyarakat, bangsa dan negara, untuk melaksanakan tugas mewujudkan tujuan nasional sebagaimana dirumuskan dalam Pembukaan Undang- undang Dasar Negara Republik Indonesia  tahun 1945.",,,,,,,
K01389,,Pembayaran,,"Proses, cara, perbuatan memberikan uang untuk pengganti harga barang yang diterima, melunasi utang, dan sebagainya.",,,,,,,
K01395,,Pemberdayaan Gender,,"Proses untuk meningkatkan kemampuan, kesadaran, dan akses perempuan dan laki-laki untuk berpartisipasi secara penuh dalam semua aspek kehidupan.",,,,,,,
K02371,,Pembibitan,,"Kegiatan melakukan pemuliaan,  produksi, dan sertifikasi benih/bibit.",,,,,,,
K01391,,Pembibitan Ikan,,"Kegiatan membiakkan ikan dalam media baik air tawar, air laut maupun air payau sampai umur, bentuk, dan ukuran tertentu, yang peruntukannya sebagai input untuk kegiatan budidaya pembesaran.",,,,,,,
K01405,,Pembudidayaan Ikan,,"Kegiatan pemeliharaan, pembesaran, dan/atau pembiakan ikan serta panen hasilnya dalam lingkungan yang terkontrol.",,,,,,,
K01407,,Pembunuhan,,Kejahatan dengan sengaja membunuh seseorang.,,,,,,,
K01411,,Pemerintah Daerah,,Entitas pemerintahan yang bertanggung jawab untuk mengelola dan mengatur wilayah administrasi tertentu di bawah kewenangan Pemerintah Pusat.,,,,,,,
K01412,,Pemerintah Pusat,,"Entitas tertinggi dalam sistem pemerintahan yang memiliki kewenangan untuk mengatur, mengelola, dan mengawasi negara secara keseluruhan.",,,,,,,
K01416,,Pemimpin,,"Orang yang memiliki kemampuan untuk mengarahkan, mempengaruhi, dan menginspirasi orang lain untuk mencapai tujuan bersama.",,,,,,,
K01420,,Pemotongan Ternak,,"Proses penjagalan ternak hidup dengan tujuan  untuk mendapatkan daging, kulit, dan produk lainnya yang dapat dimanfaatkan sesuai dengan syarat dan ketentuan yang berlaku.",,,,,,,
K01423,,Pemustaka,,"Perseorangan, kelompok orang, masyarakat, atau lembaga yang memanfaatkan fasilitas layanan perpustakaan.",,,,,,,
K01439,,Penangkapan Ikan,,"Kegiatan menangkap dan mengumpulkan organisme air, termasuk tanaman yang ada di laut, pesisir, maupun perairan darat, baik untuk dikonsumsi manusia maupun untuk keperluan lainnya, dengan menggunakan berbagai alat seperti jaring dan perangkap.",,,,,,,
K02125,,Penangkapan Ikan Terukur,,Penangkapan ikan dilakukan secara terkendali dan proporsional berdasarkan kuota penangkapan ikan dalam rangka menjaga kelestarian sumber daya ikan dan lingkungannya serta pemerataan pertumbuhan ekonomi nasional.,,,,,,,
K01441,,Pencari Kerja,,"Angkatan kerja yang sedang menganggur dan mencari pekerjaan maupun sudah bekerja tetapi ingin pindah atau alih pekerjaan, baik di dalam atau luar negeri, dengan mendaftarkan diri kepada pelaksana penempatan tenaga kerja atau secara langsung melamar pekerjaan kepada pemberi kerja.",,,,,,,
K02372,,Pencarian dan Pertolongan,,"Segala usaha dan kegiatan mencari, menolong, menyelamatkan, dan mengevakuasi manusia yang menghadapi keadaan darurat dan/atau bahaya dalam kecelakaan, bencana, atau kondisi membahayakan manusia.",,,,,,,
K01444,,Pencemaran Udara,,"Masuknya zat, energi, dan/atau komponen lainnya ke dalam udara oleh kegiatan manusia sehingga melampaui baku mutu udara yang telah ditetapkan.",,,,,,,
K01445,,Pencucian Uang,,"Perbuatan menempatkan, mentransfer, membayarkan, membelanjakan, menghibahkan, menyumbangkan, menitipkan, membawa ke luar negeri, menukarkan, atau perbuatan lainnya atas harta kekayaan yang diketahuinya atau patut diduga merupakan hasil tindak pidana dengan maksud untuk menyembunyikan, atau menyamarkan asal usul harta kekayaan sehingga seolah-olah menjadi harta kekayaan yang sah.",,,,,,,
K01447,,Pencurian,,Perbuatan mengambil milik orang lain tanpa izin secara melawan hukum dengan maksud untuk dimiliki.,,,,,,,
K01449,,Pendanaan Usaha,,Modal kerja dan investasi yang diberikan oleh lembaga keuangan pelaksana kepada usaha mikro dan usaha kecil guna pembiayaan usaha produktif.,,,,,,,
K01450,,Pendapatan,,"Penghasilan yang timbul dari pelaksanaan aktivitas normal entitas yang dikenal dengan sebutan yang beragam seperti keuntungan, penjualan, fee, bunga, dividen, royalti, dan sewa; atau perolehan uang atas hasil kerja berupa gaji, upah lembur, bonus, tunjangan.",,,,,,,
K01454,,Pendapatan Daerah,,"Penerimaan oleh bendahara umum daerah atau oleh entitas pemerintah lainnya yang menambah saldo anggaran lebih dalam periode tahun anggaran yang bersangkutan yang menjadi hak pemerintah, dan tidak perlu dibayar kembali oleh pemerintah.",,,,,,,
K01458,,Pendapatan Pajak Dalam Negeri,,"Semua penerimaan negara yang berasal dari pendapatan pajak penghasilan, pendapatan pajak pertambahan nilai barang dan jasa dan pendapatan pajak penjualan atas barang mewah, pendapatan pajak bumi dan bangunan, pendapatan cukai, dan pendapatan pajak lainnya.",,,,,,,
K01460,,Pendapatan Pemerintah,,"Pendapatan negara dalam hal ini adalah hak pemerintah pusat yang diakui sebagai penambah kekayaan bersih yang terdiri atas Penerimaan Pajak, Penerimaan Negara Bukan Pajak (PNBP), dan hibah.",,,,,,,
K01461,,Pendapatan Rumah Tangga,,"Seluruh pendapatan siap pakai (disposable income) yang diterima rumah tangga atau anggota rumah tangga dalam bentuk pendapatan usaha rumah tangga, upah dan gaji, pendapatan kepemilikan, pendapatan dalam bentuk uang maupun barang dari pihak lain secara cuma-cuma, serta pendapatan lainnya.",,,,,,,
K01465,,Pendapatan Usaha,,Penerimaan yang diperoleh dari hasil kegiatan operasional suatu entitas usaha dan dari sumber lainnya.,,,,,,,
K02183,,Pendidik,,"Tenaga kependidikan yang berkualifikasi sebagai guru, dosen, konselor, pamong belajar, widyaiswara, tutor,  instruktur, fasilitator, dan sebutan lain yang sesuai dengan kekhususannya, serta berpartisipasi dalam penyelenggaraan pendidikan.",,,,,,,
K02373,,Pendidikan,,"Usaha sadar dan terencana untuk mewujudkan suasana belajar dan proses pembelajaran agar peserta didik  secara aktif mengembangkan potensi dirinya untuk memiliki kekuatan spiritual keagamaan, pengendalian diri, kepribadian, kecerdasan, akhlak mulia, serta keterampilan yang diperlukan dirinya, masyarakat, bangsa dan negara.",,,,,,,
K01476,,Penduduk,,Semua orang yang berdomisili di wilayah Negara Kesatuan Republik Indonesia selama 1 tahun atau lebih  dan/atau mereka yang berdomisili kurang dari 1 tahun tetapi bertujuan untuk menetap.,,,,,,,
K01479,,Penduduk Miskin,,"Penduduk yang tidak mampu memenuhi hak dasar (hak atas pangan, sandang, layanan kesehatan, layanan pendidikan, pekerjaan dan berusaha, dan/atau perumahan) secara layak dan mandiri; atau penduduk yang memiliki rata-rata pengeluaran per kapita sebulan di bawah garis kemiskinan.",,,,,,,
K00798,,Penelitian/Riset,,"Kegiatan yang  dilakukan menurut metodologi ilmiah untuk memperoleh data dan informasi yang berkaitan dengan pemahaman tentang fenomena alam dan/atau sosial, pembuktian kebenaran atau ketidakbenaran suatu asumsi dan/atau hipotesis, dan penarikan kesimpulan ilmiah.",,,,,,,
K01486,,Penempatan Pekerja,,"Kegiatan pelayanan untuk mempertemukan pekerja sesuai bakat, minat, dan kemampuannya dengan pemberi kerja yang meliputi keseluruhan proses perekrutan, pengurusan dokumen, pendidikan dan pelatihan, penampungan, persiapan pemberangkatan, pemberangkatan, dan  pemulangan.",,,,,,,
K00609,,Penerangan Jalan,,"Sarana untuk menerangi lalu lintas jalan, seperti lampu.",,,,,,,
K01507,,Pengaman Pantai,,"Upaya untuk melindungi dan mengamankan daerah pantai dan muara sungai dari kerusakan akibat erosi, abrasi, dan akresi.",,,,,,,
K01510,,Pengangguran,,"Penduduk yang tidak memiliki pekerjaan dan memenuhi kriteria: (1) aktif mencari pekerjaan, (2) sedang mempersiapkan usaha/pekerjaan baru, (3) tidak mencari pekerjaan karena merasa tidak mungkin mendapat pekerjaan, serta (4)  kelompok penduduk yang tidak aktif mencari pekerjaan dengan alasan sudah mempunyai pekerjaan tetapi belum mulai bekerja.",,,,,,,
K01515,,Pengelola Usaha Pertanian,,"Orang yang memiliki tanggung jawab teknis, yuridis, dan ekonomis pada unit usaha pertanian subsektor tanaman pangan, hortikultura, perkebunan, peternakan, perikanan, dan/atau kehutanan.",,,,,,,
K01518,,Pengelolaan Kualitas Air,,Upaya pemeliharaan air sehingga tercapai kualitas air yang diinginkan sesuai peruntukannya untuk menjamin agar kualitas air tetap dalam kondisi alamiahnya.,,,,,,,
K01519,,Pengelolaan Limbah,,"Kegiatan yang meliputi pengurangan, penyimpanan, pengumpulan, pengangkutan, pemanfaatan, pengolahan,  dan/atau penimbunan limbah.",,,,,,,
K01524,,Pengelolaan Sampah,,"Kegiatan yang sistematis, menyeluruh, dan  berkesinambungan yang meliputi pengurangan dan penanganan sampah.",,,,,,,
K01536,,Pengeluaran,,"Seluruh biaya yang dikeluarkan untuk konsumsi barang dan jasa, baik yang berasal dari pembelian, pemberian, maupun produksi sendiri, yang dibedakan atas konsumsi makanan maupun bukan makanan tanpa memperhatikan asal barang, tidak termasuk konsumsi/pengeluaran untuk keperluan usaha atau yang diberikan kepada pihak lain.",,,,,,,
K01531,,Pengeluaran Pemerintah,,"Biaya yang dikeluarkan oleh sektor pemerintah untuk pembelian barang dan jasa yang berada di bawah judul pembelian pemerintah dan termasuk pengeluaran yang tidak untuk barang dan jasa, yang disebut pembayaran transfer.",,,,,,,
K01540,,Pengeluaran Usaha,,Biaya operasional dan non operasional yang digunakan dalam kegiatan usaha.,,,,,,,
K01569,,Penghapusan Merkuri,,"Upaya pelarangan produksi merkuri, penggunaan merkuri, dan/atau penggantian merkuri dengan bahan alternatif yang ramah terhadap kesehatan manusia dan lingkungan hidup.",,,,,,,
K01572,,Pengiriman/Ekspedisi,,"Proses, cara, perbuatan menyampaikan atau mengantarkan surat, barang, dan sebagainya dengan perantara ke berbagai alamat tujuan.",,,,,,,
K01580,,Pengurangan Merkuri,,"Upaya pembatasan merkuri secara bertahap pada kegiatan peredaran merkuri, penggunaan merkuri, pengendalian emisi, dan lepasan merkuri.",,,,,,,
K02374,,Penilaian Kesesuaian,,"Kegiatan yang bertujuan untuk menentukan mutu suatu barang, jasa, sistem, proses, atau personal telah memenuhi persyaratan acuan.",,,,,,,
K01584,,Penjualan,,"Proses atau perbuatan menjual suatu produk, baik barang maupun jasa,  dari produsen ke konsumen.",,,,,,,
K01587,,Penolong Kelahiran,,Penolong dalam proses persalinan sampai dengan kala tiga (keluarnya plasenta/ari-ari bayi).,,,,,,,
K01588,,Penumpang,,Setiap orang yang berada di moda transportasi selain pengemudi dan awak kendaraan.,,,,,,,
K01593,,Penyakit Kaki Gajah (Filariasis),,"Penyakit menular disebabkan oleh cacing filaria yang menyerang saluran dan kelenjar getah bening yang dapat merusak sistem limfa; menimbulkan pembengkakan pada tangan, kaki, glandula mammae,  dan scrotum; menimbulkan cacat seumur hidup; serta menimbulkan stigma sosial bagi penderita dan keluarganya.",,,,,,,
K01594,,Penyakit Kronis,,"Gangguan atau penyakit yang berlangsung lama (berbulan-bulan atau bertahun-tahun), tidak terjadi secara tiba- tiba/spontan, dan  penyembuhannya pun memakan waktu yang lama.",,,,,,,
K01596,,Penyandang Disabilitas,,"Setiap orang yang mengalami keterbatasan fisik, intelektual, mental, dan/atau sensorik dalam jangka waktu lama yang dalam berinteraksi dengan lingkungan dapat mengalami hambatan dan kesulitan untuk berpartisipasi secara penuh dan efektif dengan warga negara lainnya berdasarkan kesamaan hak.",,,,,,,
K01600,,Penyedia Makan Minum,,"Unit usaha yang melakukan kegiatan pelayanan makan minum, yang menyediakan makanan dan minuman untuk dikonsumsi segera, meliputi restoran tradisional, restoran ""self-service"" atau restoran ""take away"", baik di tempat tetap maupun sementara dengan atau tanpa tempat duduk, yang ditentukan berdasarkan makanan dan minuman berdasarkan pemesanan, bukan berdasarkan fasilitas yang ditawarkan.",,,,,,,
K01612,,Penyuluh,,"Seseorang yang memberikan petunjuk atau penjelasan dalam proses pembelajaran bagi pelaku utama serta pelaku usaha agar mereka mau dan mampu menolong dan mengorganisasikan dirinya dalam mengakses informasi pasar, teknologi, permodalan, dan sumber daya lainnya, sebagai upaya untuk meningkatkan produktivitas, efisiensi usaha, pendapatan, dan kesejahteraannya, serta meningkatkan kesadaran dalam pelestarian fungsi lingkungan hidup.",,,,,,,
K02375,,Penyusutan Arsip,,"Kegiatan pengurangan jumlah arsip dengan cara pemindahan arsip inaktif dari unit pengolah ke unit kearsipan, pemusnahan arsip yang tidak memiliki nilai guna, dan penyerahan arsip statis kepada lembaga kearsipan.",,,,,,,
K01617,,Perairan Darat,,"Perairan yang bukan milik perorangan dan/atau korporasi, yang diukur mulai dari garis pasang surut terendah air laut ke daratan.",,,,,,,
K01622,,Peralatan Persinyalan Perkeretaapian,,Fasilitas pengoperasian kereta api yang berfungsi memberi petunjuk atau isyarat yang berupa warna atau  cahaya dengan arti tertentu yang dipasang pada tempat tertentu.,,,,,,,
K01630,,Peraturan Perundang-undangan,,Peraturan tertulis yang memuat norma hukum yang mengikat secara umum dan dibentuk atau ditetapkan oleh lembaga negara atau pejabat yang berwenang melalui prosedur yang ditetapkan.,,,,,,,
K01634,,Perawat,,"Seseorang yang telah lulus pendidikan tinggi keperawatan, baik di dalam maupun di luar negeri yang diakui oleh pemerintah sesuai dengan ketentuan peraturan perundang-undangan.",,,,,,,
K01637,,Perceraian,,Salah satu sebab putusnya perkawinan/pernikahan yang dapat terjadi karena talak (cerai talak) atau berdasarkan gugatan perceraian (cerai gugat).,,,,,,,
K01639,,Perdagangan,,Tatanan kegiatan yang terkait dengan transaksi barang dan/atau jasa di dalam negeri dan melampaui batas wilayah negara dengan tujuan pengalihan hak atas barang dan/atau jasa untuk memperoleh imbalan atau kompensasi.,,,,,,,
K01640,,Perdagangan Besar,,"Penjualan kembali barang baru dan bekas ke pengecer; perdagangan antarbisnis, seperti pengguna industri, komersial, institusi atau profesional; atau penjualan kembali ke pedagang grosir lainnya atau pihak yang bertindak sebagai agen atau perantara dalam pembelian atau penjualan barang untuk orang atau perusahaan tersebut.",,,,,,,
K00415,,Perdagangan Melalui Sistem Elektronik (PMSE)/Electronic Commerce (E-commerce),,Perdagangan yang transaksinya dilakukan melalui serangkaian perangkat dan prosedur elektronik.,,,,,,,
K01642,,Perdagangan Orang,,"Tindakan perekrutan, pengangkutan, penampungan, pengiriman, pemindahan, atau penerimaan seseorang dengan ancaman kekerasan, penggunaan kekerasan, penculikan, penyekapan, pemalsuan, penipuan, penyalahgunaan kekuasaan atau posisi rentan, penjeratan utang atau memberi bayaran atau manfaat, sehingga memperoleh persetujuan dari orang yang memegang kendali atas orang lain tersebut, baik yang dilakukan di dalam negara maupun antarnegara, untuk tujuan eksploitasi atau mengakibatkan orang tereksploitasi.",,,,,,,
K01643,,Perdesaan,,"Status suatu wilayah administrasi setingkat desa/kelurahan yang memenuhi kriteria kepadatan penduduk yang rendah, persentase masyarakat yang bekerja di sektor pertanian yang tinggi, dan terbatasnya keberadaan fasilitas sosial.",,,,,,,
K01647,,Perempuan,,"Orang (manusia) yang mempunyai ciri fisiologis tertentu, seperti menstruasi,  hamil, melahirkan anak, dan/atau menyusui.",,,,,,,
K01651,,Perguruan Tinggi,,"Pendidikan pada jalur pendidikan formal setelah pendidikan menengah yang dapat berupa program pendidikan diploma, sarjana, magister, spesialis, dan doktoral.",,,,,,,
K01654,,Perhutanan Sosial,,"Sistem pengelolaan hutan lestari yang dilaksanakan dalam kawasan hutan negara atau hutan hak/hutan adat yang dilaksanakan oleh masyarakat setempat atau masyarakat hukum adat sebagai pelaku utama untuk meningkatkan kesejahteraannya, keseimbangan lingkungan  dan dinamika sosial budaya.",,,,,,,
K01655,,Perikanan,,"Segala sesuatu yang bersangkutan dengan penangkapan, pemiaraan, dan pembudidayaan ikan.",,,,,,,
K02376,,Perjalanan Wisata,,Bepergian/perjalanan yang dilakukan oleh penduduk Indonesia dari tempat tinggal biasanya ke tempat di luar lingkungan sehari-hari di wilayah geografis Indonesia secara sukarela selama kurang dari 12 bulan dan bukan bertujuan untuk bekerja (memperoleh upah/gaji dari penduduk di tempat yang dituju) atau sekolah secara rutin.,,,,,,,
K01665,,Perjanjian Kerja Sama,,Kesepakatan formal antara dua pihak atau lebih untuk bekerja sama dalam mencapai tujuan tertentu.,,,,,,,
K01673,,Perkeretaapian,,"Kesatuan sistem yang terdiri atas prasarana, sarana, dan sumber daya manusia, serta norma, kriteria, persyaratan, dan prosedur untuk penyelenggaraan transportasi kereta api.",,,,,,,
K01679,,Perkotaan,,"Status suatu wilayah administrasi setingkat desa/kelurahan yang memenuhi kriteria kepadatan penduduk yang tinggi, persentase masyarakat yang bekerja di sektor pertanian yang rendah, dan keberadaan fasilitas sosial.",,,,,,,
K01681,,Perlindungan Anak,,"Segala kegiatan untuk menjamin dan melindungi anak dan hak-haknya agar dapat hidup, tumbuh, berkembang, dan berpartisipasi secara optimal sesuai dengan harkat dan martabat kemanusiaan, serta mendapat perlindungan dari kekerasan dan diskriminasi.",,,,,,,
K01685,,Perlindungan Sosial,,"Segala bentuk kebijakan dan intervensi publik yang dilakukan untuk mencegah dan menangani risiko dari guncangan dan kerentanan, baik yang bersifat fisik, ekonomi, maupun sosial, terutama yang dialami oleh orang yang hidup dalam kemiskinan.",,,,,,,
K01686,,Perlintasan Sebidang Rel Kereta Api,,Perpotongan antara jalan dengan jalur kereta api.,,,,,,,
K01687,,Permainan Rakyat,,"Permainan yang didasarkan pada nilai tertentu,  dilakukan oleh kelompok masyarakat secara terus-menerus, dan
diwariskan pada generasi berikutnya serta bertujuan untuk menghibur diri, misalnya permainan kelereng, congklak, gasing, dan gobak sodor.",,,,,,,
K02377,,Permukiman,,Daerah tempat orang bertempat tinggal atau berdiam.,,,,,,,
K01692,,Pernikahan/Perkawinan,,Ikatan lahir batin antara seorang pria dengan seorang wanita dengan tujuan membentuk keluarga/rumah tangga.,,,,,,,
K01694,,Perpustakaan,,"Institusi pengelola koleksi karya tulis, karya cetak, dan/atau karya rekam  secara profesional dengan sistem yang baku guna memenuhi kebutuhan pendidikan, penelitian, pelestarian, informasi, dan rekreasi para pemustaka.",,,,,,,
K01700,,Persediaan/Inventori,,"Barang yang tersedia, baik bahan baku dan bahan penolong, bahan bakar, bahan pembungkus, barang produksi setengah jadi, maupun barang jadi yang ada di gudang/inventori yang tercatat.",,,,,,,
K01704,,Persuratan,,"Proses pengurusan surat resmi yang diawali dari pembuatan, konsep naskah surat, hingga diakhiri dengan selesainya pendistribusian surat.",,,,,,,
K01705,,Pertanian,,"Kegiatan mengelola sumber daya alam hayati dengan bantuan teknologi, modal, tenaga kerja, dan manajemen untuk menghasilkan komoditas yang mencakup tanaman pangan, hortikultura, perkebunan, dan/atau peternakan dalam suatu agroekosistem.",,,,,,,
K01707,,Pertanian Perkotaan/Urban Farming,,"Pertanian yang dilakukan di wilayah perkotaan pada lahan terbatas dengan sebagian besar media tanam di permukaan tanah secara langsung atau di media pot dan sejenisnya serta menggunakan teknologi, seperti hidroponik, akuaponik,
vertikultura, media terpal, atau sejenisnya.",,,,,,,
K01709,,Pertumbuhan Anak,,"Bertambahnya ukuran dan jumlah sel serta jaringan interselular yang ditunjukkan dengan bertambahnya ukuran fisik dan struktur tubuh, baik sebagian maupun keseluruhan, sehingga dapat diukur dengan satuan panjang dan berat.",,,,,,,
K01710,,Pertumbuhan Ekonomi,,Proses perubahan kondisi perekonomian suatu negara secara berkesinambungan menuju keadaan yang lebih baik selama periode tertentu.,,,,,,,
K01711,,Pertunjukan/Pameran Seni,,"Karya seni yang dipertontonkan maupun dipamerkan pada suatu pertunjukan atau event tertentu sehingga dapat dinikmati atau diapresiasi oleh masyarakat luas meliputi antara lain: seni film, seni musik/suara, seni rupa, seni sastra, seni tari budaya Indonesia, seni teater/pewayangan, dan seni lainnya.",,,,,,,
K02378,,Perubahan Iklim,,Peralihan cuaca yang mencolok yang terjadi di antara dua periode tertentu dari suatu wilayah iklim.,,,,,,,
K01714,,Perumahan,,Kumpulan beberapa buah rumah; rumah-rumah tempat tinggal.,,,,,,,
K01715,,Perundungan/Bullying,,"Segala bentuk penindasan atau kekerasan yang dilakukan dengan sengaja oleh satu orang atau sekelompok orang yang lebih kuat atau berkuasa terhadap orang lain, dengan tujuan untuk menyakiti dan dilakukan secara terus menerus.",,,,,,,
K01716,,Perusahaan,,"Suatu badan yang melakukan kegiatan ekonomi dengan menanggung risiko usaha, baik berbadan hukum maupun tidak, yang mempekerjakan pekerja/buruh dengan membayar upah atau imbalan dalam bentuk lain.",,,,,,,
K01735,,Peserta Didik,,"Anggota masyarakat yang berusaha mengembangkan potensi diri melalui proses pembelajaran yang tersedia pada jalur, jenjang, dan jenis pendidikan tertentu.",,,,,,,
K01736,,Peserta Pelatihan,,Orang yang ikut serta dalam program pendidikan dan pelatihan dengan tujuan untuk mendapatkan nilai tambah berupa peningkatan pengetahuan dan ketrampilan atau kompetensi.,,,,,,,
K01742,,Petambak Garam,,"Setiap orang yang melakukan kegiatan usaha pergaraman, termasuk pemilik dan/atau penggarap tambak garam.",,,,,,,
K01744,,Petani,,"Seseorang dan/atau beserta  keluarganya yang melakukan usaha pertanian di bidang tanaman pangan, hortikultura, perkebunan, dan/atau peternakan.",,,,,,,
K01745,,Petani Gurem,,"Seseorang dan/atau beserta keluarganya yang melakukan usaha pertanian dengan penguasaan lahan pertanian kurang dari 0,5 hektare.",,,,,,,
K00734,,Pidana,,"Kejahatan (tentang pembunuhan, perampokan, korupsi, dan sebagainya); kriminal.",,,,,,,
K01749,,Pidana Khusus,,Pidana yang diatur di luar Kitab Undang-Undang Hukum Pidana dan memiliki ketentuan-ketentuan khusus acara pidana.,,,,,,,
K01753,,Pola Pangan Harapan (PPH),,"Susunan beragam pangan yang didasarkan atas proporsi keseimbangan energi dari berbagai kelompok pangan untuk memenuhi kebutuhan energi dan zat gizi lainnya, baik dalam jumlah maupun mutu dengan mempertimbangkan segi daya terima, ketersediaan pangan, ekonomi, budaya dan agama.",,,,,,,
K01755,,Pompa Banjir,,Salah satu jenis prasarana pengendali banjir untuk mengubah aliran dan/atau alur sungai.,,,,,,,
K01756,,Pondok Bersalin Desa (Polindes),,"Bangunan yang dibangun dengan sumbangan dana pemerintah dan partisipasi masyarakat desa untuk tempat pertolongan persalinan dan pemondokan ibu bersalin, sekaligus empat tinggal bidan di desa. Di samping pertolongan persalinan juga dilakukan pelayanan Kesehatan Ibu dan Anak (KIA), Keluarga Berencana (KB), dan pelayanan kesehatan lain sesuai kebutuhan masyarakat dan kompentensi teknis bidan tersebut.",,,,,,,
K01760,,Pos Kesehatan Desa (Poskesdes),,Sarana kesehatan/bangunan yang dibentuk di desa/kelurahan dalam rangka mendekatkan/menyediakan pelayanan kesehatan dasar bagi masyarakat desa/kelurahan.,,,,,,,
K01761,,Pos Lintas Batas Negara (PLBN),,"Tempat yang ditunjuk pada perbatasan wilayah negara untuk memberitahukan dan menyelesaikan kewajiban pabean, imigrasi, karantina, dan keamanan terhadap barang yang dibawa oleh pelintas batas.",,,,,,,
K01765,,Post-Enumeration Survey,,Survei sampel yang dilaksanakan segera setelah sensus untuk tujuan utama mengevaluasi sensus.,,,,,,,
K01766,,Posyandu,,"Salah satu bentuk upaya kesehatan bersumber daya masyarakat yang dikelola dan diselenggarakan dari, oleh, untuk dan bersama masyarakat dalam penyelenggaraan pembangunan kesehatan, guna memberdayakan masyarakat dan memberikan kemudahan kepada masyarakat dalam memperoleh pelayanan kesehatan dasar untuk mempercepat penurunan angka kematian ibu dan bayi.",,,,,,,
K01773,,Produk,,Barang atau jasa yang dibuat dan ditambah gunanya atau nilainya dalam proses produksi dan menjadi hasil akhir dari proses produksi itu.,,,,,,,
K01775,,Produk Domestik Bruto (PDB),,"Nilai tambah yang dihasilkan oleh seluruh unit usaha dalam suatu negara  tertentu, atau merupakan nilai ekonomi barang dan jasa akhir yang dihasilkan oleh seluruh unit ekonomi.",,,,,,,
K01776,,Produk Domestik Regional Bruto (PDRB),,"Nilai tambah yang dihasilkan oleh seluruh unit usaha dalam sektor perekonomian pada suatu wilayah,  atau merupakan nilai ekonomi barang dan jasa akhir yang dihasilkan oleh seluruh unit ekonomi di wilayah tertentu.",,,,,,,
K01779,,Produksi,,Proses mengeluarkan hasil.,,,,,,,
K01781,,Produksi Ikutan,,Produk lain yang dihasilkan sejalan dengan produk utama dengan suatu proses dan teknologi yang sama.,,,,,,,
K01811,,Program Pelatihan,,Suatu rumusan tertulis yang memuat rancangan pencapaian kompetensi secara komprehensif sebagai dasar pelaksanaan berbagi pengetahuan dan/atau keterampilan yang diselenggarakan berdasarkan  kurikulum berbasis kompetensi.,,,,,,,
K01827,,Psikolog Klinis,,"Setiap orang yang telah lulus pendidikan yang berkaitan dengan proses mental, baik normal maupun abnormal dan pengaruhnya pada perilaku individu.",,,,,,,
K01828,,Psikotropika,,"Zat atau obat, baik alamiah maupun sintetis bukan narkotika, yang berkhasiat psikoatif melalui pangaruh selektif pada susunan saraf pusat yang menyebabkan perubahan khas pada aktivitas mental dan perilaku.",,,,,,,
K01829,,Publikasi Ilmiah,,"Penerbitan hasil karya pemikiran sesorang/sekelompok orang dalam bentuk karya tulis ilmiah yang ditulis berdasarkan data dan fakta (observasi, eksperimen, kajian pustaka).",,,,,,,
K01832,,Puncak,,Bagian permukaan bumi yang memiliki elevasi atau perbedaan ketinggian terhadap daerah sekitarnya (di atas permukaan laut) lebih dari 30 meter atau memiliki kemiringan lebih dari 50 derajat.,,,,,,,
K01833,,Pupuk,,"Bahan yang diberikan pada tanah, air, atau daun dengan tujuan untuk memperbaiki pertumbuhan tanaman, baik secara langsung maupun tidak langsung, atau menambah unsur hara.",,,,,,,
K01838,,Pusat Kesehatan Masyarakat (Puskesmas),,"Fasilitas pelayanan kesehatan yang menyelenggarakan upaya kesehatan masyarakat dan upaya kesehatan perseorangan tingkat pertama, dengan lebih mengutamakan upaya promotif dan preventif di wilayah kerjanya.",,,,,,,
K02379,,Puso,,"Suatu keadaan kerusakan tanaman atau bagian tanaman yang dapat disebabkan serangan organisme pengganggu tanaman (OPT), dampak perubahan iklim, dan/atau sebab lainnya sehingga hasil panen tidak lebih dari 11% dari keadaan normal.",,,,,,,
K02380,,Putus Sekolah,,Predikat yang diberikan kepada mantan peserta didik yang tidak mampu menyelesaikan suatu jenjang pendidikan sehingga tidak dapat  melanjutkan studinya ke jenjang pendidikan berikutnya.,,,,,,,
K01848,,Rawa,,"Lahan genangan air secara alamiah yang terjadi terus menerus atau musiman akibat drainase alamiah yang terhambat serta mempunyai ciri-ciri khusus secara fisik, kimiawi, dan biologis.",,,,,,,
K01851,,Rawat Jalan,,"Pelayanan pasien untuk observasi, diagnosis, pengobatan, rehabilitasi medis, dan pelayanan kesehatan lainnya tanpa menginap di rumah sakit.",,,,,,,
K01858,,Reboisasi,,Upaya penanaman jenis pohon pada kawasan hutan untuk mengembalikan fungsi hutan.,,,,,,,
K01861,,Registrasi,,Pencatatan; pendaftaran (dalam register).,,,,,,,
K01867,,Rehabilitasi Hutan dan Lahan,,"Upaya untuk memulihkan, mempertahankan dan meningkatkan fungsi hutan dan lahan sehingga daya dukung, produktifitas dan peranannya dalam mendukung sistem penyangga kehidupan tetap terjaga.",,,,,,,
K01870,,Rehabilitasi Penyalah Guna Narkotika,,"Suatu proses pemulihan klien gangguan penyalahgunaan narkotika dan zat adiktif, baik dalam bentuk rawat jalan maupun rawat inap, baik dalam jangka waktu pendek maupun panjang, yang bertujuan untuk mengubah perilaku dan mengembalikan fungsi individu tersebut di masyarakat.",,,,,,,
K01876,,Remisi,,Pengurangan masa pidana yang diberikan kepada narapidana yang memenuhi syarat yang ditentukan dalam ketentuan peraturan perundang-undangan.,,,,,,,
K01877,,Remitansi,,Transfer uang yang dilakukan oleh pekerja asing (migran) ke penerima negara asalnya.,,,,,,,
K01896,,Residivis,,Mantan narapidana yang mengulangi tindak pidana dalam kurun waktu 2 tahun setelah dinyatakan bebas.,,,,,,,
K01898,,Retribusi Daerah,,Pendapatan atas pungutan daerah sebagai pembayaran atas jasa atau pemberian izin tertentu yang khusus disediakan dan/atau diberikan oleh pemerintah daerah untuk kepentingan orang pribadi atau badan.,,,,,,,
K01904,,Rombongan Belajar,,Kelompok peserta didik yang  terdaftar pada satuan kelas dalam satu satuan pendidikan.,,,,,,,
K01905,,Ruang Kelas,,"Suatu ruangan di dalam bangunan sekolah atau kampus, yang berfungsi sebagai tempat untuk kegiatan tatap muka dalam proses kegiatan belajar mengajar (KBM).",,,,,,,
K01907,,Ruang Terbuka Hijau (RTH),,"Area memanjang/jalur dan/atau mengelompok, yang penggunaannya lebih bersifat terbuka, tempat tumbuh tanaman, baik yang tumbuh secara alamiah maupun yang sengaja ditanam.",,,,,,,
K02381,,Ruas Jalan,,"Bagian jalan yang terletak di antara dua simpang, baik yang sebidang maupun yang tidak sebidang, baik yang diberi isyarat lalu lintas maupun tidak.",,,,,,,
K01913,,Rumah Ibadat/Rumah Ibadah,,"Bangunan yang memiliki ciri-ciri tertentu yang khusus dipergunakan untuk beribadat bagi pemeluk masing-masing agama secara permanen, tidak termasuk tempat ibadat keluarga.",,,,,,,
K01915,,Rumah Layak Huni,,Rumah yang memenuhi persyaratan keselamatan bangunan dan kecukupan minimum luas bangunan serta kesehatan penghuninya.,,,,,,,
K01919,,Rumah Sakit,,"Institusi pelayanan kesehatan yang  menyelenggarakan pelayanan kesehatan perorangan secara paripurna yang menyediakan pelayanan rawat inap, rawat jalan, dan gawat darurat.",,,,,,,
K01920,,Rumah Sakit Bersalin (RSB),,"Rumah sakit khusus untuk persalinan, dilengkapi pelayanan spesialis pemeriksaan kehamilan, persalinan, rawat inap, dan rawat jalan ibu dan anak yang berada dibawah pengawasan dokter spesialis kandungan.",,,,,,,
K01923,,Rumah Susun,,"Bangunan gedung bertingkat yang dibangun dalam suatu lingkungan yang terbagi dalam bagian-bagian yang distrukturkan secara fungsional, baik dalam arah horizontal maupun vertikal dan merupakan satuan-satuan yang masing- masing dapat dimiliki dan digunakan secara terpisah, terutama untuk tempat hunian yang dilengkapi dengan bagian bersama, benda bersama dan tanah bersama.",,,,,,,
K01925,,Rumah Tangga,,Seseorang atau sekelompok orang yang tinggal bersama dalam satu pengelolaan makan/minum dan pemenuhan kebutuhan sehari-hari.,,,,,,,
K01932,,Rumah Tangga Usaha Pertanian (RTUP),,Rumah tangga yang memelihara/menguasai/melakukan kegiatan pertanian dengan tujuan sebagian atau seluruh hasilnya untuk dijual/ditukar (khusus tanaman pangan termasuk yang seluruhnya dikonsumsi sendiri).,,,,,,,
K01938,,Rute Penerbangan,,Lintasan pesawat udara dari bandar udara asal ke bandar udara tujuan malalui jalur penerbangan yang telah ditetapkan.,,,,,,,
K01939,,Sabo Dam,,"Bangunan yang dipasang melintang alur di hulu sungai lahar yang berfungsi untuk mengendalikan dasar sungai bagian hilir agar tetap stabil meskipun ada suplai material, atau sedimen yang terangkut oleh aliran air  di suatu wilayah.",,,,,,,
K01941,,Saluran,,Struktur kanal atau pipa yang berfungsi untuk menyalurkan air atau barang cair.,,,,,,,
K01945,,Sampah,,Sisa kegiatan sehari-hari dan/atau proses alam yang berbentuk padat.,,,,,,,
K01953,,Sanitasi,,"Usaha untuk membina dan menciptakan suatu keadaan yang baik di bidang kesehatan dan kebersihan lingkungan, terutama kesehatan masyarakat.",,,,,,,
K01957,,Sarana Bantu Navigasi-Pelayaran (SBNP),,Peralatan atau sistem yang berada di luar kapal yang didesain dan dioperasikan untuk meningkatkan  keselamatan dan efisiensi bernavigasi kapal dan/atau lalu lintas kapal.,,,,,,,
K01971,,Satuan Pendidikan,,"Kelompok layanan pendidikan yang menyelenggarakan pendidikan pada jalur formal, nonformal, dan informal pada setiap jenjang dan jenis pendidikan.",,,,,,,
K01975,,Satwa Liar,,"Satwa yang masih mempunyai sifat liar, kemurnian jenis, dan genetik, baik yang hidup di alam bebas maupun yang dipelihara oleh manusia.",,,,,,,
K01976,,Sekolah,,"Lembaga pendidikan yang menyelenggarakan kegiatan belajar dan mengajar serta menerima dan memberi pelajaran sesuai
dengan tingkatan, jurusan dan sebagainya, yang memiliki unsur pendukung seperti sarana dan prasarana serta sesuai aturan yang berlaku.",,,,,,,
K01977,,Sekolah Dasar (SD),,Salah satu bentuk satuan pendidikan formal yang  menyelenggarakan pendidikan umum pada jenjang pendidikan dasar.,,,,,,,
K01978,,Sekolah Luar Biasa (SLB),,"Satuan pendidikan khusus bagi peserta didik yang memiliki tingkat kesulitan dalam mengikuti proses pembelajaran karena kelainan fisik, emosional, mental, dan/atau sosial, yang terintegrasi pada jalur formal untuk jenjang pendidikan dasar sampai dengan pendidikan menengah dalam satu manajemen pengelolaan.",,,,,,,
K01979,,Sekolah Menengah Atas (SMA),,"Salah satu bentuk satuan pendidikan formal yang menyelenggarakan pendidikan umum pada jenjang pendidikan menengah sebagai lanjutan dari sekolah menengah pertama (SMP) atau bentuk lain yang sederajat, termasuk hasil belajar yang diakui setara dengan SMP.",,,,,,,
K01981,,Sekolah Menengah Kejuruan (SMK),,"Salah satu bentuk satuan pendidikan formal yang menyelenggarakan pendidikan kejuruan pada jenjang pendidikan menengah sebagai lanjutan dari sekolah menengah pertama (SMP) atau bentuk lain yang sederajat, termasuk hasil belajar yang diakui setara dengan SMP.",,,,,,,
K01984,,Sekolah Menengah  Pertama (SMP),,"Salah satu bentuk satuan pendidikan formal yang menyelenggarakan pendidikan umum pada jenjang pendidikan dasar sebagai lanjutan dari sekolah dasar (SD) atau bentuk lain yang sederajat, termasuk hasil belajar yang diakui setara dengan SD.",,,,,,,
K01987,,Sektor Institusi,,"Sektor ekonomi yang terlibat dalam berbagai transaksi, dapat memiliki aset dan menimbulkan kewajiban atas namanya sendiri.",,,,,,,
K01990,,Sengketa Informasi Publik,,Sengketa yang terjadi antara badan publik dan pengguna/pemohon informasi publik yang berkaitan dengan hak memperoleh dan menggunakan informasi berdasarkan perundang-undangan.,,,,,,,
K01992,,Seni,,"Ekspresi artistik individu, kolektif, atau komunal, yang berbasis warisan budaya maupun berbasis kreativitas penciptaan baru yang terwujud dalam berbagai bentuk kegiatan dan/atau medium.",,,,,,,
K02383,,Sertifikasi,,"Rangkaian proses untuk mendapatkan pengakuan formal dari pihak yang berwenang atas kepatuhan organisasi atau kompetensi sumber daya manusia berdasarkan standar tertentu, baik yang berlaku  secara nasional maupun internasional.",,,,,,,
K02012,,Sewa,,Pemakaian sesuatu dengan membayar uang.,,,,,,,
K02017,,Siklus Unggas Pedaging,,Rentang waktu yang dimulai dari saat DOC (day-old chick)/DOD (day-old duck)/DOQ (day-old quail) dibeli kemudian dipelihara/digemukkan sampai akhirnya dijual.,,,,,,,
K02018,,Sinyal Darurat,,Sinyal yang dipancarkan untuk mendapatkan bantuan.,,,,,,,
K02384,,Sistem Merit,,"Kebijakan dan manajemen sumber daya manusia (SDM) yang berdasarkan pada kualifikasi, kompetensi, dan kinerja secara adil dan wajar dengan tanpa membedakan latar belakang politik, ras, warna kulit, agama, asal usul, jenis kelamin, status pernikahan, umur, atau kondisi kecacatan.",,,,,,,
K02026,,Siswa,,Seseorang yang bersekolah atau menuntut ilmu pada tingkat sekolah dasar dan menengah.,,,,,,,
K02027,,Sitasi,,"Referensi dalam sebuah karya ilmiah ke tulisan lain yang diambil dari buku, makalah, atau sumber lain.",,,,,,,
K02028,,Situ,,"Suatu wadah genangan air di atas permukaan tanah yang terbentuk secara alami maupun buatan dan merupakan sumber air baku yang airnya berasal dari tanah, air hujan dan/atau sumber air lainnya.",,,,,,,
K02029,,Situs Peninggalan Sejarah,,"Bukti-bukti baik tertulis maupun tidak tertulis yang menunjukkan peristiwa-peristiwa sejarah dari masyarakat masa lampau, seperti candi, istana, kerajaan,  prasasti dan benteng.",,,,,,,
K02385,,Standar,,"Spesifikasi teknis yang dirancang untuk memastikan kualitas, keselamatan, kepatuhan produk, proses, dan layanan.",,,,,,,
K02386,,Standar Nasional Indonesia (SNI),,"Persyaratan teknis atau sesuatu yang dibakukan, yang  dirancang untuk memastikan kualitas, keselamatan, dan kepatuhan barang, jasa, proses, sistem, dan personel yang ditetapkan oleh badan yang berwenang dalam bidang standardisasi di tingkat nasional dan berlaku di wilayah Negara Kesatuan Republik Indonesia.",,,,,,,
K02045,,Standardisasi,,"Proses merencanakan, merumuskan, menetapkan, menerapkan, memberlakukan, memelihara, dan mengawasi persyaratan teknis atau sesuatu yang dibakukan, yang dilaksanakan secara tertib dan bekerja sama dengan semua pemangku kepentingan.",,,,,,,
K02047,,Stasiun Kereta Api,,Tempat pemberangkatan dan pemberhentian kereta api.,,,,,,,
K02064,,Subsidi,,Semua bantuan dalam bentuk uang atau barang yang diberikan pemerintah pada perusahaan swasta maupun perusahaan pemerintah.,,,,,,,
K02070,,Suku Bangsa,,Kelompok etnis dan budaya masyarakat yang terbentuk secara turun temurun.,,,,,,,
K02071,,Sumber Air,,"Tempat atau wadah air alami dan/ atau buatan yang terdapat pada, di atas, atau di bawah permukaan tanah.",,,,,,,
K02077,,Sumber Daya Manusia (SDM),,Potensi manusia yang dapat  dikembangkan untuk proses produksi.,,,,,,,
K02081,,Sumber Penerangan,,Sumber energi yang menghasilkan cahaya untuk menyinari suatu tempat/ruangan.,,,,,,,
K02085,,Sungai,,Tempat-tempat dan wadah-wadah serta jaringan pengaliran air mulai dari mata air sampai muara dengan dibatasi kanan dan kirinya serta sepanjang pengalirannya oleh garis sempadan.,,,,,,,
K02087,,Suplemen Kesehatan,,"Produk yang dimaksudkan untuk melengkapi kebutuhan zat gizi, memelihara, meningkatkan dan/atau memperbaiki fungsi kesehatan, mempunyai nilai gizi dan/atau efek fisiologis, mengandung satu atau lebih bahan berupa vitamin, mineral,  asam amino dan/atau bahan  lain bukan tumbuhan yang dapat dikombinasi dengan tumbuhan.",,,,,,,
K02098,,Tamat Sekolah,,"Kondisi seseorang telah menyelesaikan pelajaran pada  kelas/tingkat terakhir suatu jenjang pendidikan dengan mendapatkan tanda tamat/ijazah, termasuk yang belum mengikuti pelajaran pada kelas tertinggi namun sudah mengikuti ujian dan lulus.",,,,,,,
K02108,,Tanaman di Bawah Pelindung,,"Tanaman di bawah struktur  permanen dengan atap kaca, plastik, atau material lain yang digunakan untuk melindungi tanaman dari cuaca, hama, atau penyakit.",,,,,,,
K02110,,Tanaman Kehutanan,,"Tanaman tahunan yang berumur panjang, berbatang keras, dan biasanya bentuk produksinya adalah batang/kayu, seperti akasia, jabon, jati, mahoni, sengon, dan lain-lain. Namun, ada beberapa komoditas tanaman kehutanan bentuk produksinya bukan batang/kayu, seperti bambu, kayu putih, dan pinus.",,,,,,,
K02119,,Tanaman Semusim,,Tanaman yang pada umumnya berumur kurang dari satu tahun dan pemanenannya dilakukan sekali panen langsung dibongkar.,,,,,,,
K02120,,Tanaman Tahunan,,Tanaman yang pada umumnya berumur lebih dari satu tahun dan pemungutan hasilnya dilakukan lebih dari satu kali dan tidak dibongkar sekali panen.,,,,,,,
K00395,,Tebasan,,"Penjualan hasil atau produk pertanian di lokasi kepada penebas pada saat budi daya pertanian siap dipanen, dengan pelaksanaan pemanenan menjadi tanggung jawab pembeli.",,,,,,,
K02388,,Tebing,,"Tepi sungai (jurang) yang tinggi dan terjal (hampir tegak); tepi tanah darat yang tinggi dan terjal sebagai pemisah dari rawa, sawah, yang ada di samping bawahnya.",,,,,,,
K02130,,Teknologi,,"Cara, metode, atau proses penerapan dan pemanfaatan berbagai disiplin ilmu pengetahuan dalam pemenuhan kebutuhan, kelangsungan, dan peningkatan kualitas keluaran atau tujuan tertentu.",,,,,,,
K02137,,Telepon Genggam/Telepon Seluler,,"Setiap alat perlengkapan yang digunakan dalam berkomunikasi jarak jauh dengan menggunakan jaringan seluler dan jaringan nirkabel lainnya, termasuk smartphone.",,,,,,,
K00453,,Tempat Buang Air Besar,,Sarana yang digunakan sebagai tempat membuang dan menampung kotoran atau najis  manusia.,,,,,,,
K02142,,Tempat Pembuangan Akhir Tinja,,"Bangunan di bawah tanah untuk tempat penampungan, pengolah, dan pengurai kotoran/tinja, yang berfungsi mencegah terjadinya pencemaran atau kontaminasi dari tinja melalui vektor pembawa penyakit, baik secara langsung maupun tidak langsung.",,,,,,,
K02145,,Tempat Pemrosesan Akhir (TPA),,Tempat untuk memproses dan mengembalikan sampah ke media lingkungan.,,,,,,,
K02146,,Tempat Penampungan Sementara (TPS),,"Tempat penampungan sebelum sampah diangkut ke tempat pendauran ulang, pengolahan, dan/atau tempat pengolahan sampah terpadu.",,,,,,,
K02148,,Tempat Tinggal,,Rumah (bidang dan sebagainya) tempat orang berdiam atau menetap.,,,,,,,
K02156,,Tenaga gizi,,Tenaga kesehatan yang telah memenuhi kualifikasi bidang gizi yang terdiri dari nutrisionis dan dietisien sesuai dengan peraturan perundang-undangan yang berlaku.,,,,,,,
K02159,,Tenaga Kerja,,Setiap orang yang mampu melakukan pekerjaan guna menghasilkan barang dan/atau jasa baik untuk memenuhi kebutuhan sendiri maupun untuk masyarakat.,,,,,,,
K02160,,Tenaga Kerja Asing,,Warga negara asing pemegang visa dengan maksud bekerja di wilayah Indonesia.,,,,,,,
K02174,,Tenaga Kesehatan,,Setiap orang yang  mengabdikan diri dalam bidang kesehatan serta memiliki pengetahuan dan/atau keterampilan melalui pendidikan di bidang kesehatan yang untuk jenis tertentu memerlukan kewenangan untuk melakukan upaya kesehatan.,,,,,,,
K02177,,Tenaga Kesehatan Terlatih,,"Tenaga kesehatan yang memiliki kompetensi kebidanan, seperti dokter kandungan, dokter umum, bidan, perawat, dan tenaga medis lainnya yang memiliki kemampuan klinis kebidanan sesuai standar.",,,,,,,
K02184,,Tenaga Perpustakaan,,Pustakawan (seseorang yang memiliki kompetensi yang diperoleh melalui pendidikan dan/atau pelatihan kepustakawanan serta mempunyai tugas dan tanggung jawab untuk melaksanakan pengelolaan dan pelayanan perpustakaan) dan tenaga teknis perpustakaan (tenaga non-pustakawan yang secara teknis mendukung pelaksanaan fungsi perpustakaan).,,,,,,,
K02186,,Tenaga Teknis Kefarmasian,,"Tenaga yang membantu apoteker dalam menjalankan pekerjaan kefarmasian, yang terdiri atas sarjana farmasi, ahli madya farmasi, analis farmasi dan tenaga menengah farmasi/asisten  apoteker.",,,,,,,
K02057,,Tengkes/Stunting,,Kondisi anak pendek atau sangat pendek berdasarkan panjang/tinggi badan menurut usia yang kurang dari  -2 kali standar deviasi (SD) pada kurva pertumbuhan WHO yang disebabkan kondisi yang tidak dapat diubah/irreversible akibat asupan nutrisi yang tidak adekuat dan/atau infeksi berulang/kronis yang terjadi dalam 1000 hari pertama kehidupan.,,,,,,,
K02190,,Terminal,,"Prasarana transportasi dengan fasilitas pendukung yang digunakan dalam mengatur kedatangan dan keberangkatan, tempat untuk menunggu, menaikkan, dan menurunkan orang dan/atau barang, serta perpindahan moda angkutan.",,,,,,,
K02197,,Ternak,,"Hewan peliharaan yang produknya diperuntukan sebagai penghasil pangan, bahan baku industri, jasa, dan/atau hasil ikutannya, termasuk hewan peliharaan untuk hobi.",,,,,,,
K02199,,Teroris,,"Setiap orang yang sengaja melakukan perbuatan yang menggunakan kekerasan atau ancaman kekerasan yang menimbulkan suasana teror atau rasa takut secara meluas yang dapat menimbulkan korban yang bersifat massal  dan/atau menimbulkan kerusakan atau kehancuran terhadap objek vital yang strategis, Iingkungan hidup, fasilitas publik, atau fasilitas internasional dengan motif ideologi, politik, atau gangguan keamanan.",,,,,,,
K02200,,Terorisme,,"Perbuatan yang menggunakan kekerasan atau ancaman kekerasan yang menimbulkan suasana teror atau rasa takut secara meluas yang dapat menimbulkan korban yang bersifat massal dan/atau menimbulkan kerusakan atau kehancuran terhadap objek vital yang strategis, Iingkungan hidup, fasilitas publik, atau fasilitas internasional dengan motif ideologi, politik, atau gangguan keamanan.",,,,,,,
K02212,,Toleransi,,"Sifat atau sikap menenggang (menghargai, membiarkan, membolehkan) pendirian (pendapat, pandangan, kepercayaan, kebiasaan, kelakuan, dan sebagainya) yang berbeda atau bertentangan dengan pendirian sendiri.",,,,,,,
K02213,,Topografi,,Keadaan muka bumi pada suatu kawasan atau daerah.,,,,,,,
K02220,,Transaksi,,Persetujuan jual beli antara dua pihak.,,,,,,,
K02222,,Transmigrasi,,Perpindahan penduduk secara sukarela untuk meningkatkan kesejahteraan dan menetap di kawasan yang diselenggarakan oleh pemerintah.,,,,,,,
K02223,,Transportasi,,Perpindahan manusia atau barang dari satu tempat ke tempat lainnya dengan menggunakan kendaraan.,,,,,,,
K02224,,Transportasi Publik/Umum,,Jasa transportasi (memindahkan orang atau barang dari satu tempat ke tempat lain) dengan berbayar.,,,,,,,
K02227,,Trayek Angkutan,,"Lintasan/rute/jalur angkutan umum untuk pelayanan jasa angkutan, baik angkutan untuk orang maupun angkutan untuk orang dan barang, yang mempunyai asal, tujuan, dan lintasan perjalanan yang tetap; tidak termasuk angkutan yang hanya mengangkut barang.",,,,,,,
K02230,,Tuberkulosis (TB),,Penyakit menular yang disebabkan oleh bakteri  Mycobacterium tuberculosis yang dapat menyerang paru-paru dan organ lainnya.,,,,,,,
K02234,,Tumbuhan Liar,,Tumbuhan yang hidup di alam bebas dan/atau dipelihara yang masih mempunyai kemurnian jenisnya,,,,,,,
K01591,,Tutupan Lahan,,"Kenampakan biofisik di permukaan bumi yang terdiri dari areal bervegetasi, lahan terbuka, lahan terbangun, serta tubuh air dan lahan basah.",,,,,,,
K02240,,Umur/Usia,,Lama waktu hidup sejak dilahirkan yang dihitung menurut sistem kalender masehi dengan pembulatan ke bawah atau umur ulang tahun yang terakhir.,,,,,,,
K02389,,Unggas Pedaging,,Jenis ternak unggas yang  dipelihara atau dibudidayakan untuk dimanfaatkan dagingnya sebagai konsumsi manusia.,,,,,,,
K02250,,Unmet Need Pelayanan Kesehatan,,Penduduk yang memiliki keluhan kesehatan dan terganggu aktivitasnya namun tidak berobat jalan.,,,,,,,
K02252,,Upacara Adat,,"Suatu upacara yang bersifat tradisional (ritus)/turun-temurun yang berhubungan dengan adat/kebiasaan/tradisi/budaya suatu masyarakat setempat, seperti upacara perkawinan dan upacara labuhan.",,,,,,,
K02261,,Usaha,,Suatu kegiatan dengan tujuan menghasilkan barang dan/atau jasa  untuk memperoleh keuntungan dan/atau memenuhi kebutuhan sendiri.,,,,,,,
K02262,,Usaha Akomodasi,,"Usaha yang menyediakan tempat menginap atau tempat tinggal sementara, baik harian maupun mingguan, bagi orang yang bepergian.",,,,,,,
K02265,,Usaha Hortikultura,,"Kegiatan hortikultura yang menghasilkan produk tanaman sayuran, tanaman buah-buahan, tanaman hias, dan tanaman
obat, termasuk pembibitan tanaman hortikultura, dengan tujuan sebagian atau seluruh hasilnya dijual/ditukar atas risiko usaha.",,,,,,,
K02268,,Usaha Jasa Pertanian,,"Kegiatan jasa pertanian atas dasar balas jasa atau kontrak, seperti kegiatan pengolahan lahan, penyelenggaraan irigasi, pemupukan, penyewaan alat pertanian dengan operatornya, penyebaran bibit/benih, pengendalian organisme pengganggu tanaman, pemangkasan, pemanenan, penanganan pascapanen, pelayanan pencari rumput untuk makanan ternak, penggembalaan ternak, pelayanan kesehatan ternak, pencukuran bulu ternak, penyewaan pejantan, penetasan telur, dan pemeliharaan/perawatan alat pertanian.",,,,,,,
K02269,,Usaha Kecil,,"Usaha ekonomi produktif yang berdiri sendiri yang dilakukan oleh perseorangan atau badan usaha yang bukan merupakan cabang perusahaan yang dimiliki, dikuasai, atau menjadi bagian, baik langsung maupun tidak langsung, dari usaha menengah atau usaha besar yang memenuhi kriteria memiliki modal usaha lebih dari Rp1.000.000.000,00 (satu miliar rupiah) sampai dengan paling banyak Rp5.000.000.000,00 (lima miliar rupiah) tidak termasuk tanah dan bangunan tempat usaha.",,,,,,,
K02271,,Usaha Kehutanan,,"Kegiatan-kegiatan yang bersangkut paut dengan hutan dan kepengurusannya, usaha ini mencakup usaha budi daya dan pembibitan tanaman kehutanan, penangkaran satwa/tumbuhan liar, pemungutan hasil hutan, dan penangkapan satwa liar.",,,,,,,
K02273,,Usaha Menengah,,"Usaha ekonomi produktif yang berdiri sendiri yang dilakukan oleh perseorangan atau badan usaha yang bukan merupakan anak perusahaan atau cabang perusahaan yang dimiliki, dikuasai, atau menjadi bagian, baik langsung maupun tidak langsung, dengan usaha kecil atau usaha besar yang memenuhi kriteria memiliki modal usaha lebih dari Rp5.000.000.000,00 (lima miliar rupiah) sampai dengan paling banyak Rp10.000.000.000,00 (sepuluh miliar rupiah) tidak termasuk tanah dan bangunan tempat usaha.",,,,,,,
K02274,,Usaha Mikro,,"Usaha ekonomi produktif milik perseorangan dan/atau badan usaha perorangan yang memenuhi kriteria memiliki modal usaha sampai dengan paling banyak Rp1.000.000.000,00 (satu miliar rupiah) tidak termasuk tanah dan bangunan tempat usaha.",,,,,,,
K02279,,Usaha Pariwisata,,Usaha yang menyediakan produk berupa barang dan/atau jasa untuk kebutuhan wisatawan dan penyelenggaraan pariwisata.,,,,,,,
K02281,,Usaha Pemungutan Hasil Hutan,,"Kegiatan mengambil benda-benda hayati di hutan/kawasan hutan, dengan tujuan sebagian atau seluruh hasilnya dijual/ditukar.",,,,,,,
K02282,,Usaha Penangkaran Tumbuhan/Satwa Liar,,"Kegiatan kehutanan yang mengupayakan pembiakan tumbuhan/satwa liar melalui pengembangbiakan dan pembesaran dengan tetap mempertahankan jenisnya, dengan tujuan sebagian atau seluruh hasilnya dijual/ditukar.",,,,,,,
K02283,,Usaha Pengolahan Ikan,,Usaha perikanan yang berbasis pada kegiatan pengolahan ikan.,,,,,,,
K02284,,Usaha Perburuan dan Penangkapan Satwa Liar,,"Kegiatan berburu dan menangkap satwa liar dan/atau mengambil bagian-bagiannya, dengan tujuan  sebagian atau seluruh hasilnya dijual/ditukar, misalnya penangkapan ular, buaya, ayam hutan, dll.",,,,,,,
K02286,,Usaha Perikanan,,"Kegiatan yang dilaksanakan dengan sistem bisnis perikanan yang meliputi praproduksi, produksi, pascaproduksi, pengolahan, dan pemasaran.",,,,,,,
K02287,,Usaha Perkebunan,,"Segala kegiatan pengelolaan sumber daya alam, sumber daya manusia, sarana produksi, alat dan mesin, budi daya, panen, pengolahan, dan pemasaran terkait tanaman perkebunan.",,,,,,,
K02288,,Usaha Pertanian,,Kegiatan mengelola sumber daya alam nabati dan hewani untuk menghasilkan komoditas ekonomi yang seluruh atau sebagian hasilnya untuk dijual; dan termasuk pula apabila seluruh hasil pertanian tanaman pangan untuk dikonsumsi.,,,,,,,
K02289,,Usaha Pertanian Gurem,,"Usaha pertanian yang menguasai lahan pertanian kurang dari 0,5 hektar, tidak termasuk lahan kegiatan budi daya di laut atau perairan umum.",,,,,,,
K02292,,Usaha Peternakan,,Kegiatan pemeliharaan ternak (meliputi  penggemukan/pembibitan/pengembangbiakan/pemacekan) yang menghasilkan produk peternakan dengan tujuan sebagian atau seluruh hasilnya dijual/ditukar atas risiko usaha.,,,,,,,
K02293,,Usaha Sektor Informal,,"Kegiatan perseorangan, keluarga, atau beberapa orang yang melaksanakan usaha bersama untuk melakukan kegiatan ekonomi atas dasar kepercayaan dan kesepakatan serta tidak berbadan hukum.",,,,,,,
K02294,,Usaha Tanaman Kehutanan,,"Kegiatan kehutanan yang menghasilkan produk tanaman kehutanan (kayu, daun, getah, dan  lain-lain) termasuk usaha pembibitan dengan tujuan sebagian atau seluruh hasilnya dijual/ditukar atas resiko usaha.",,,,,,,
K02295,,Usaha Tanaman Pangan,,"Kegiatan pertanian yang menghasilkan produk tanaman pangan (padi dan palawija) termasuk usaha pembibitan tanaman pangan, dan bukan sebagai buruh tani atau pekerja keluarga.",,,,,,,
K02301,,Utang Luar Negeri,,"Posisi kewajiban aktual penduduk Indonesia kepada bukan penduduk pada suatu waktu, tidak termasuk kontinjen, yang membutuhkan pembayaran kembali bunga dan/ atau pokok pada waktu yang akan datang.",,,,,,,
K02302,,Vaksin,,"Antigen berupa mikroorganisme yang sudah mati, masih hidup tapi dilemahkan, masih utuh atau bagiannya, yang telah diolah, berupa toksin mikroorganisme yang telah diolah menjadi toksoid, protein rekombinan yang bila diberikan kepada seseorang akan menimbulkan kekebalan spesifik secara aktif terhadap penyakit infeksi tertentu.",,,,,,,
K02309,,Wajib Pajak,,"Orang pribadi atau badan, meliputi pembayar pajak, pemotong pajak, dan pemungut pajak, yang mempunyai hak dan kewajiban perpajakan sesuai dengan ketentuan peraturan perundang-undangan perpajakan.",,,,,,,
K02314,,Wanita Usia Subur (WUS),,Wanita yang berumur 15—49 tahun dan masih haid atau wanita berumur kurang dari 15 tahun dan sudah haid.,,,,,,,
K02320,,Wasting,,Kondisi kurang gizi akut yang dicirikan berat badan yang lebih rendah dibandingkan dengan tinggi badan akibat kurangnya asupan gizi dan infeksi penyakit.,,,,,,,
K02323,,Wilayah,,Ruang yang merupakan kesatuan geografis beserta segenap unsur terkait yang batas dan sistemnya ditentukan berdasarkan aspek administratif dan/atau aspek fungsional.,,,,,,,
K00940,,Wilayah Kerja Statistik,,"Area geografis yang ditetapkan oleh lembaga pemerintah di bidang kegiatan statistik untuk tujuan pengumpulan, pengolahan, dan analisis data  statistik.",,,,,,,
K02325,,Wilayah Pengelolaan Perikanan (WPP),,"Wilayah pengelolaan perikanan untuk penangkapan ikan, pembudidayaan ikan, konservasi, penelitian, dan pengembangan perikanan yang meliputi perairan pedalaman, perairan kepulauan, laut teritorial, zona tambahan, dan zona ekonomi eksklusif Indonesia.",,,,,,,
K01008,,Wisata,,"Aktivitas bepergian ke suatu tempat untuk bersenang-senang, memperluas pengetahuan, bertamasya, dan sebagainya yang biasanya dilakukan secara bersama-sama.",,,,,,,
K02331,,Wisatawan,,Orang yang melakukan perjalanan di luar lingkungan sehari-hari dengan lama perjalanan kurang dari 12 bulan dan bukan bertujuan untuk memperoleh penghasilan di tempat yang dikunjungi serta bukan merupakan kegiatan rutin.,,,,,,,
(l  J,,{2),,(3),,,,,,,
K02332,,Wisatawan  Mancanegara,,"8etiap  orang  yar+g melakukan  peja1anar+  ke  suatu  negara  di luar negara  tempat  tinggalnya,  kurang  dari satu  tahun, didorong  oleh  suatu  tujuan  utama (bisnis,  berlibur,  atau  tujuan  pribadi  lainnya),  selain  untuk  bekerja  dengan  pendudu k negara yang dikunjungi.",,,,,,,
K02334,,Wisatawan  Nusantara,,"Penduduk Indonesia yang melakukan  perjalananan  di luar  lingkungan  sehari-hart  di wilayah  gcografis  Indonesia  dengan
lama perjalanan  kurang  dari  12 bulan dan  bukan bertujuan nutuk  memperoleh  penghasilan  di  tempat  yang dikunjungi serta  bu kan  merupakan  kegiatan  m tin.",,,,,,,
